{
	"credit": "Made with Blockbench",
	"textures": {
		"0": "hat/misc/american_dad"
	},
	"elements": [
		{
			"from": [3.5, 0, -0.5],
			"to": [12.5, 1, 3.5],
			"faces": {
				"north": {"uv": [2.25, 0, 4.5, 0.25], "texture": "#0"},
				"east": {"uv": [2.25, 0, 2.75, 0.25], "texture": "#0"},
				"west": {"uv": [2.25, 0, 2.75, 0.25], "texture": "#0"},
				"up": {"uv": [2.25, 0, 4.5, 1], "texture": "#0"},
				"down": {"uv": [2.25, 0, 4.5, 0.25], "texture": "#0"}
			}
		},
		{
			"from": [3.5, 0, 3.5],
			"to": [12.5, 4, 12.5],
			"faces": {
				"north": {"uv": [0, 9, 15.75, 16], "texture": "#0"},
				"east": {"uv": [0, 1.25, 2.25, 2.25], "texture": "#0"},
				"south": {"uv": [0, 0, 2.25, 1], "texture": "#0"},
				"west": {"uv": [0, 1.25, 2.25, 2.25], "texture": "#0"},
				"up": {"uv": [2.25, 0, 4.5, 2.25], "texture": "#0"},
				"down": {"uv": [5.75, 0, 8, 2.25], "texture": "#0"}
			}
		},
		{
			"from": [0.5, -1, 6.5],
			"to": [3.5, 5, 9.5],
			"faces": {
				"north": {"uv": [2.25, 4.5, 4.25, 9], "texture": "#0"},
				"east": {"uv": [0.25, 4.5, 2.25, 9], "texture": "#0"},
				"south": {"uv": [0.25, 4.5, 2.25, 9], "texture": "#0"},
				"west": {"uv": [0.25, 4.5, 2.25, 9], "texture": "#0"},
				"up": {"uv": [2.25, 2.25, 4.5, 4.5], "texture": "#0"},
				"down": {"uv": [4.5, 2.25, 6.75, 4.5], "texture": "#0"}
			}
		},
		{
			"from": [12.5, -1, 6.5],
			"to": [15.5, 5, 9.5],
			"faces": {
				"north": {"uv": [2.25, 4.5, 4.25, 9], "texture": "#0"},
				"east": {"uv": [0.25, 4.5, 2.25, 9], "texture": "#0"},
				"south": {"uv": [0.25, 4.5, 2.25, 9], "texture": "#0"},
				"west": {"uv": [0.25, 4.5, 2.25, 9], "texture": "#0"},
				"up": {"uv": [2.25, 2.25, 4.5, 4.5], "texture": "#0"},
				"down": {"uv": [4.5, 2.25, 6.75, 4.5], "texture": "#0"}
			}
		},
		{
			"from": [0.5, -1.5, 7.5],
			"to": [4, -1, 8.5],
			"faces": {
				"north": {"uv": [0, 2.25, 1.75, 2.5], "texture": "#0"},
				"east": {"uv": [0, 2.25, 0.5, 2.5], "texture": "#0"},
				"south": {"uv": [0, 2.25, 1.75, 2.5], "texture": "#0"},
				"west": {"uv": [0, 2.25, 0.5, 2.5], "texture": "#0"},
				"up": {"uv": [0, 2.25, 1.75, 2.5], "texture": "#0"},
				"down": {"uv": [0, 2.25, 1.75, 2.5], "texture": "#0"}
			}
		},
		{
			"from": [0.5, 0.5, 6],
			"to": [4, 1.5, 6.5],
			"faces": {
				"north": {"uv": [0, 2.25, 1.75, 2.5], "rotation": 180, "texture": "#0"},
				"east": {"uv": [0, 2.25, 0.5, 2.5], "rotation": 270, "texture": "#0"},
				"south": {"uv": [0, 2.25, 1.75, 2.5], "texture": "#0"},
				"west": {"uv": [0, 2.25, 0.5, 2.5], "rotation": 90, "texture": "#0"},
				"up": {"uv": [0, 2.25, 1.75, 2.5], "rotation": 180, "texture": "#0"},
				"down": {"uv": [0, 2.25, 1.75, 2.5], "texture": "#0"}
			}
		},
		{
			"from": [0.5, 0.5, 9.5],
			"to": [4, 1.5, 10],
			"faces": {
				"north": {"uv": [1.75, 2.25, 0, 2.5], "texture": "#0"},
				"east": {"uv": [0, 2.5, 0.5, 2.25], "rotation": 270, "texture": "#0"},
				"south": {"uv": [1.75, 2.25, 0, 2.5], "rotation": 180, "texture": "#0"},
				"west": {"uv": [0, 2.5, 0.5, 2.25], "rotation": 90, "texture": "#0"},
				"up": {"uv": [0, 2.5, 1.75, 2.25], "rotation": 180, "texture": "#0"},
				"down": {"uv": [0, 2.5, 1.75, 2.25], "texture": "#0"}
			}
		},
		{
			"from": [0, 0.5, 6.5],
			"to": [0.5, 1.5, 9.5],
			"faces": {
				"north": {"uv": [0, 2.25, 0.5, 2.5], "rotation": 90, "texture": "#0"},
				"east": {"uv": [0, 2.25, 1.75, 2.5], "rotation": 180, "texture": "#0"},
				"south": {"uv": [0, 2.25, 0.5, 2.5], "rotation": 270, "texture": "#0"},
				"west": {"uv": [0, 2.25, 1.75, 2.5], "texture": "#0"},
				"up": {"uv": [0, 2.25, 1.75, 2.5], "rotation": 270, "texture": "#0"},
				"down": {"uv": [0, 2.25, 1.75, 2.5], "rotation": 270, "texture": "#0"}
			}
		},
		{
			"from": [12, -1.5, 7.5],
			"to": [15.5, -1, 8.5],
			"faces": {
				"north": {"uv": [1.75, 2.25, 0, 2.5], "texture": "#0"},
				"east": {"uv": [0.5, 2.25, 0, 2.5], "texture": "#0"},
				"south": {"uv": [1.75, 2.25, 0, 2.5], "texture": "#0"},
				"west": {"uv": [0.5, 2.25, 0, 2.5], "texture": "#0"},
				"up": {"uv": [1.75, 2.25, 0, 2.5], "texture": "#0"},
				"down": {"uv": [1.75, 2.25, 0, 2.5], "texture": "#0"}
			}
		},
		{
			"from": [15.5, 0.5, 6.5],
			"to": [16, 1.5, 9.5],
			"faces": {
				"north": {"uv": [0, 2.5, 0.5, 2.25], "rotation": 90, "texture": "#0"},
				"east": {"uv": [1.75, 2.25, 0, 2.5], "texture": "#0"},
				"south": {"uv": [0, 2.5, 0.5, 2.25], "rotation": 270, "texture": "#0"},
				"west": {"uv": [1.75, 2.25, 0, 2.5], "rotation": 180, "texture": "#0"},
				"up": {"uv": [0, 2.5, 1.75, 2.25], "rotation": 270, "texture": "#0"},
				"down": {"uv": [0, 2.5, 1.75, 2.25], "rotation": 270, "texture": "#0"}
			}
		},
		{
			"from": [12, 0.5, 9.5],
			"to": [15.5, 1.5, 10],
			"faces": {
				"north": {"uv": [0, 2.25, 1.75, 2.5], "texture": "#0"},
				"east": {"uv": [0, 2.25, 0.5, 2.5], "rotation": 90, "texture": "#0"},
				"south": {"uv": [0, 2.25, 1.75, 2.5], "rotation": 180, "texture": "#0"},
				"west": {"uv": [0, 2.25, 0.5, 2.5], "rotation": 270, "texture": "#0"},
				"up": {"uv": [1.75, 2.5, 0, 2.25], "rotation": 180, "texture": "#0"},
				"down": {"uv": [1.75, 2.5, 0, 2.25], "texture": "#0"}
			}
		},
		{
			"from": [12, 0.5, 6],
			"to": [15.5, 1.5, 6.5],
			"faces": {
				"north": {"uv": [1.75, 2.25, 0, 2.5], "rotation": 180, "texture": "#0"},
				"east": {"uv": [0, 2.5, 0.5, 2.25], "rotation": 90, "texture": "#0"},
				"south": {"uv": [1.75, 2.25, 0, 2.5], "texture": "#0"},
				"west": {"uv": [0, 2.5, 0.5, 2.25], "rotation": 270, "texture": "#0"},
				"up": {"uv": [1.75, 2.25, 0, 2.5], "rotation": 180, "texture": "#0"},
				"down": {"uv": [1.75, 2.25, 0, 2.5], "texture": "#0"}
			}
		},
		{
			"from": [11, 4.5, 7.75],
			"to": [15.5, 5.5, 8.75],
			"rotation": {"angle": -22.5, "axis": "z", "origin": [14, 7, 8.5]},
			"faces": {
				"north": {"uv": [5.25, 0.75, 4.75, 2.25], "rotation": 90, "texture": "#0"},
				"east": {"uv": [5.25, 0.75, 4.75, 2.25], "rotation": 90, "texture": "#0"},
				"south": {"uv": [5.25, 0.75, 4.75, 2.25], "rotation": 90, "texture": "#0"},
				"west": {"uv": [5.25, 0.75, 4.75, 1.25], "rotation": 90, "texture": "#0"},
				"up": {"uv": [5.25, 0.75, 4.75, 2.25], "rotation": 90, "texture": "#0"},
				"down": {"uv": [5.25, 0.75, 4.75, 2.25], "rotation": 90, "texture": "#0"}
			}
		},
		{
			"from": [7.6, 8.15, 7.65],
			"to": [11.1, 9.15, 8.85],
			"rotation": {"angle": 45, "axis": "z", "origin": [14, 7, 8.5]},
			"faces": {
				"north": {"uv": [5.25, 0.75, 4.75, 2.25], "rotation": 90, "texture": "#0"},
				"east": {"uv": [5.25, 0.75, 4.75, 2.25], "rotation": 90, "texture": "#0"},
				"south": {"uv": [5.25, 0.75, 4.75, 2.25], "rotation": 90, "texture": "#0"},
				"west": {"uv": [5.25, 0.75, 4.75, 1.25], "rotation": 90, "texture": "#0"},
				"up": {"uv": [5.25, 0.75, 4.75, 2.25], "rotation": 90, "texture": "#0"},
				"down": {"uv": [5.25, 0.75, 4.75, 2.25], "rotation": 90, "texture": "#0"}
			}
		},
		{
			"from": [0.5, 4.5, 7.75],
			"to": [5, 5.5, 8.75],
			"rotation": {"angle": 22.5, "axis": "z", "origin": [2, 7, 8.5]},
			"faces": {
				"north": {"uv": [5.25, 2.25, 4.75, 0.75], "rotation": 90, "texture": "#0"},
				"east": {"uv": [5.25, 1.25, 4.75, 0.75], "rotation": 90, "texture": "#0"},
				"south": {"uv": [5.25, 2.25, 4.75, 0.75], "rotation": 90, "texture": "#0"},
				"west": {"uv": [5.25, 2.25, 4.75, 0.75], "rotation": 90, "texture": "#0"},
				"up": {"uv": [5.25, 2.25, 4.75, 0.75], "rotation": 90, "texture": "#0"},
				"down": {"uv": [5.25, 2.25, 4.75, 0.75], "rotation": 90, "texture": "#0"}
			}
		},
		{
			"from": [4.9, 8.15, 7.65],
			"to": [8.4, 9.15, 8.85],
			"rotation": {"angle": -45, "axis": "z", "origin": [2, 7, 8.5]},
			"faces": {
				"north": {"uv": [5.25, 2.25, 4.75, 0.75], "rotation": 90, "texture": "#0"},
				"east": {"uv": [5.25, 1.25, 4.75, 0.75], "rotation": 90, "texture": "#0"},
				"south": {"uv": [5.25, 2.25, 4.75, 0.75], "rotation": 90, "texture": "#0"},
				"west": {"uv": [5.25, 2.25, 4.75, 0.75], "rotation": 90, "texture": "#0"},
				"up": {"uv": [5.25, 2.25, 4.75, 0.75], "rotation": 90, "texture": "#0"},
				"down": {"uv": [5.25, 2.25, 4.75, 0.75], "rotation": 90, "texture": "#0"}
			}
		}
	],
	"display": {
		"thirdperson_righthand": {
			"rotation": [-20, 0, 0],
			"translation": [0, 3, -2.5],
			"scale": [0.8, 0.8, 0.8]
		},
		"thirdperson_lefthand": {
			"rotation": [-20, 0, 0],
			"translation": [0, 3, -2.5],
			"scale": [0.8, 0.8, 0.8]
		},
		"firstperson_righthand": {
			"translation": [0, 4.5, 0]
		},
		"firstperson_lefthand": {
			"translation": [0, 4.5, 0]
		},
		"ground": {
			"translation": [0, 5.75, 0]
		},
		"gui": {
			"rotation": [30, 135, 0],
			"translation": [1, 4, 0],
			"scale": [0.9, 0.9, 0.9]
		},
		"head": {
			"translation": [0, 14, 0],
			"scale": [1.7, 1.7, 1.7]
		},
		"fixed": {
			"rotation": [-90, 0, 0],
			"translation": [0, 0, -17.5],
			"scale": [4, 4, 4]
		}
	}
}