{
	"credit": "Made with Blockbench",
	"elements": [
		{
			"name": "0",
			"from": [6, 0, 18],
			"to": [10, 8, 18],
			"color": 6,
			"faces": {
				"south": {"uv": [0, 0, 4, 8], "texture": "#missing"}
			}
		},
		{
			"name": "1",
			"from": [6, 0, 18],
			"to": [10, 8, 18],
			"rotation": {"angle": 22.5, "axis": "y", "origin": [8, 8, 8]},
			"color": 6,
			"faces": {
				"south": {"uv": [0, 0, 4, 8], "texture": "#missing"}
			}
		},
		{
			"name": "2",
			"from": [18, 0, 6],
			"to": [18, 8, 10],
			"rotation": {"angle": -45, "axis": "y", "origin": [8, 8, 8]},
			"color": 6,
			"faces": {
				"east": {"uv": [0, 0, 4, 8], "texture": "#missing"}
			}
		},
		{
			"name": "3",
			"from": [18, 0, 6],
			"to": [18, 8, 10],
			"rotation": {"angle": -22.5, "axis": "y", "origin": [8, 8, 8]},
			"color": 6,
			"faces": {
				"east": {"uv": [0, 0, 4, 4], "texture": "#missing"}
			}
		},
		{
			"name": "4",
			"from": [18, 0, 6],
			"to": [18, 8, 10],
			"color": 6,
			"faces": {
				"east": {"uv": [0, 0, 4, 8], "texture": "#missing"}
			}
		},
		{
			"name": "5",
			"from": [18, 0, 6],
			"to": [18, 8, 10],
			"rotation": {"angle": 22.5, "axis": "y", "origin": [8, 8, 8]},
			"color": 6,
			"faces": {
				"east": {"uv": [0, 0, 4, 8], "texture": "#missing"}
			}
		},
		{
			"name": "6",
			"from": [18, 0, 6],
			"to": [18, 8, 10],
			"rotation": {"angle": 45, "axis": "y", "origin": [8, 8, 8]},
			"color": 6,
			"faces": {
				"east": {"uv": [0, 0, 4, 8], "texture": "#missing"}
			}
		},
		{
			"name": "7",
			"from": [6, 0, -2],
			"to": [10, 8, -2],
			"rotation": {"angle": -22.5, "axis": "y", "origin": [8, 8, 8]},
			"color": 6,
			"faces": {
				"north": {"uv": [0, 0, 4, 8], "texture": "#missing"}
			}
		},
		{
			"name": "8",
			"from": [6, 0, -2],
			"to": [10, 8, -2],
			"color": 6,
			"faces": {
				"north": {"uv": [0, 0, 4, 8], "texture": "#missing"}
			}
		},
		{
			"name": "9",
			"from": [6, 0, -2],
			"to": [10, 8, -2],
			"rotation": {"angle": 22.5, "axis": "y", "origin": [8, 8, 8]},
			"color": 6,
			"faces": {
				"north": {"uv": [0, 0, 4, 8], "texture": "#missing"}
			}
		},
		{
			"name": "10",
			"from": [-2, 0, 6],
			"to": [-2, 8, 10],
			"rotation": {"angle": -45, "axis": "y", "origin": [8, 8, 8]},
			"color": 6,
			"faces": {
				"west": {"uv": [0, 0, 4, 8], "texture": "#missing"}
			}
		},
		{
			"name": "11",
			"from": [-2, 0, 6],
			"to": [-2, 8, 10],
			"rotation": {"angle": -22.5, "axis": "y", "origin": [8, 8, 8]},
			"color": 6,
			"faces": {
				"west": {"uv": [0, 0, 4, 8], "texture": "#missing"}
			}
		},
		{
			"name": "12",
			"from": [-2, 0, 6],
			"to": [-2, 8, 10],
			"color": 6,
			"faces": {
				"west": {"uv": [0, 0, 4, 8], "texture": "#missing"}
			}
		},
		{
			"name": "13",
			"from": [-2, 0, 6],
			"to": [-2, 8, 10],
			"rotation": {"angle": 22.5, "axis": "y", "origin": [8, 8, 8]},
			"color": 6,
			"faces": {
				"west": {"uv": [0, 0, 4, 8], "texture": "#missing"}
			}
		},
		{
			"name": "14",
			"from": [-2, 0, 6],
			"to": [-2, 8, 10],
			"rotation": {"angle": 45, "axis": "y", "origin": [8, 8, 8]},
			"color": 6,
			"faces": {
				"west": {"uv": [0, 0, 4, 8], "texture": "#missing"}
			}
		},
		{
			"name": "15",
			"from": [6, 0, 18],
			"to": [10, 8, 18],
			"rotation": {"angle": -22.5, "axis": "y", "origin": [8, 8, 8]},
			"color": 6,
			"faces": {
				"south": {"uv": [0, 0, 4, 8], "texture": "#missing"}
			}
		}
	]
}