{
	"credit": "Made with Blockbench",
	"textures": {
		"0": "hat/misc/arrow_in_head"
	},
	"elements": [
		{
			"from": [0, 1, 8],
			"to": [16, 4, 8],
			"faces": {
				"north": {"uv": [0, 6, 16, 11], "texture": "#0", "tintindex": 0}
			}
		},
		{
			"from": [4.5, 5, 7],
			"to": [11.5, 6, 9],
			"faces": {
				"north": {"uv": [0, 0, 14, 2], "texture": "#0"},
				"east": {"uv": [0, 0, 4, 2], "texture": "#0"},
				"south": {"uv": [0, 0, 14, 2], "texture": "#0"},
				"west": {"uv": [0, 0, 4, 2], "texture": "#0"},
				"up": {"uv": [0, 0, 14, 4], "texture": "#0"},
				"down": {"uv": [0, 0, 14, 4], "texture": "#0"}
			}
		},
		{
			"from": [4.5, 3, 7],
			"to": [5.5, 5, 9],
			"faces": {
				"north": {"uv": [0, 0, 4, 2], "rotation": 90, "texture": "#0"},
				"east": {"uv": [0, 0, 4, 4], "rotation": 90, "texture": "#0"},
				"south": {"uv": [0, 0, 4, 2], "rotation": 90, "texture": "#0"},
				"west": {"uv": [0, 0, 4, 4], "rotation": 90, "texture": "#0"},
				"down": {"uv": [0, 0, 0, 0], "texture": "#0"}
			}
		},
		{
			"name": "arrow",
			"from": [10.5, 3, 7],
			"to": [11.5, 5, 9],
			"faces": {
				"north": {"uv": [0, 0, 4, 2], "rotation": 90, "texture": "#0"},
				"east": {"uv": [0, 0, 4, 4], "rotation": 90, "texture": "#0"},
				"south": {"uv": [0, 0, 4, 2], "rotation": 90, "texture": "#0"},
				"west": {"uv": [0, 0, 4, 4], "rotation": 90, "texture": "#0"},
				"down": {"uv": [0, 0, 0, 0], "texture": "#0"}
			}
		},
		{
			"from": [0, 2.5, 6.5],
			"to": [16, 2.5, 9.5],
			"faces": {
				"up": {"uv": [0, 6, 16, 11], "rotation": 180, "texture": "#0", "tintindex": 0}
			}
		},
		{
			"from": [15, 1, 6.5],
			"to": [15, 4, 9.5],
			"faces": {
				"east": {"uv": [0, 11, 5, 16], "texture": "#0", "tintindex": 0}
			}
		}
	],
	"display": {
		"thirdperson_righthand": {
			"rotation": [32, 0, 0],
			"scale": [0.8, 0.8, 0.8]
		},
		"thirdperson_lefthand": {
			"rotation": [32, 0, 0],
			"scale": [0.8, 0.8, 0.8]
		},
		"ground": {
			"translation": [0, 5.5, 0]
		},
		"gui": {
			"rotation": [30, 135, 0],
			"translation": [0.5, 5, 0],
			"scale": [1.2, 1.4, 1.4]
		},
		"head": {
			"translation": [0, 10.5, 0],
			"scale": [1.9, 1.9, 1.9]
		},
		"fixed": {
			"rotation": [-90, 0, 0],
			"translation": [0, 0, -6],
			"scale": [4, 4, 4]
		}
	}
}