{
	"credit": "Made with Blockbench",
	"textures": {
		"0": "hat/misc/bob_the_builder"
	},
	"elements": [
		{
			"from": [3.5, 0, 2.5],
			"to": [12.5, 2, 3.5],
			"faces": {
				"north": {"uv": [2.5, 3.5, 7, 4.5], "texture": "#0"},
				"east": {"uv": [3.5, 0.5, 4, 1.5], "rotation": 90, "texture": "#0"},
				"west": {"uv": [3.5, 0.5, 4, 1.5], "rotation": 90, "texture": "#0"},
				"up": {"uv": [2.5, 3.5, 7, 4], "texture": "#0"},
				"down": {"uv": [2.5, 3.5, 7, 4], "texture": "#0"}
			}
		},
		{
			"from": [3.5, 0, 3.5],
			"to": [12.5, 4, 12.5],
			"faces": {
				"north": {"uv": [2.5, 4.5, 7, 6.5], "texture": "#0"},
				"east": {"uv": [11.5, 4.5, 16, 6.5], "texture": "#0"},
				"south": {"uv": [2.5, 4.5, 7, 6.5], "texture": "#0"},
				"west": {"uv": [7, 4.5, 11.5, 6.5], "texture": "#0"},
				"up": {"uv": [2.5, 0, 7, 4.5], "texture": "#0"},
				"down": {"uv": [7, 0, 11.5, 4.5], "texture": "#0"}
			}
		},
		{
			"from": [4.5, 4, 4.5],
			"to": [11.5, 5, 11.5],
			"faces": {
				"north": {"uv": [3, 3, 6.5, 3.5], "texture": "#0"},
				"east": {"uv": [12, 4.5, 15.5, 5], "texture": "#0"},
				"south": {"uv": [3, 3, 6.5, 3.5], "texture": "#0"},
				"west": {"uv": [12, 4.5, 15.5, 5], "texture": "#0"},
				"up": {"uv": [3, 0.5, 6.5, 4], "texture": "#0"}
			}
		}
	],
	"display": {
		"head": {
			"scale": [1.7, 1.7, 1.7],
			"translation": [0, 14, 0]
		},
		"fixed": {
			"rotation": [-90, 0, 0],
			"scale": [4, 4, 4],
			"translation": [0, 0, -15]
		},
		"gui": {
			"rotation": [30, 135, 0],
			"translation": [0, 4, 0],
			"scale": [0.8, 0.8, 0.8]
		},
		"thirdperson_righthand": {
			"scale": [0.8, 0.8, 0.8],
			"rotation": [-20, 0, 0],
			"translation": [0, 3, -2.5]
		},
		"thirdperson_lefthand": {
			"scale": [0.8, 0.8, 0.8],
			"rotation": [-20, 0, 0],
			"translation": [0, 3, -2.5]
		},
		"firstperson_righthand": {
			"translation": [0, 4.5, 0]
		},
		"firstperson_lefthand": {
			"translation": [0, 4.5, 0]
		}
	}
}