{
	"credit": "Made with Blockbench",
	"textures": {
		"0": "hat/misc/boring_tophat"
	},
	"elements": [
		{
			"from": [3.5, 0, 3.5],
			"to": [12.5, 2, 12.5],
			"faces": {
				"north": {"uv": [11.5, 3.5, 16, 4.5], "texture": "#0"},
				"east": {"uv": [11.5, 3.5, 16, 4.5], "texture": "#0"},
				"south": {"uv": [11.5, 3.5, 16, 4.5], "texture": "#0"},
				"west": {"uv": [11.5, 3.5, 16, 4.5], "texture": "#0"},
				"up": {"uv": [11.5, 0, 16, 4.5], "texture": "#0"},
				"down": {"uv": [11.5, 0, 16, 4.5], "texture": "#0"}
			}
		},
		{
			"from": [5, 2, 5],
			"to": [11, 9, 11],
			"faces": {
				"north": {"uv": [2.5, 2, 5.5, 5], "texture": "#0"},
				"east": {"uv": [2.5, 2, 5.5, 5], "texture": "#0"},
				"south": {"uv": [2.5, 2, 5.5, 5], "texture": "#0"},
				"west": {"uv": [2.5, 2, 5.5, 5], "texture": "#0"},
				"up": {"uv": [2.5, 0, 5.5, 3], "texture": "#0"},
				"down": {"uv": [2.5, 2, 5.5, 5], "texture": "#0"}
			}
		}
	],
	"display": {
		"head": {
			"scale": [1.8, 1.8, 1.8],
			"translation": [0, 17.5, 0]
		},
		"thirdperson_righthand": {
			"scale": [0.7, 0.7, 0.7],
			"translation": [0, 3, 1]
		},
		"thirdperson_lefthand": {
			"scale": [0.7, 0.7, 0.7],
			"translation": [0, 3, 1]
		},
		"firstperson_righthand": {
			"scale": [0.5, 0.5, 0.5],
			"translation": [0, 3, 0]
		},
		"firstperson_lefthand": {
			"scale": [0.5, 0.5, 0.5],
			"translation": [0, 3, 0]
		},
		"ground": {
			"scale": [0.8, 0.8, 0.8],
			"translation": [0, 1.5, 0]
		},
		"fixed": {
			"scale": [4, 4, 4],
			"translation": [0, 0, -25],
			"rotation": [-90, 0, 0]
		},
		"gui": {
			"scale": [0.8, 0.8, 0.8],
			"rotation": [30, 45, 0],
			"translation": [0, 3.5, 0]
		}
	}
}