{
	"credit": "Made with Blockbench",
	"textures": {
		"1": "hat/misc/brass_goggles"
	},
	"elements": [
		{
			"name": "band",
			"from": [7.5, 5.5, 4],
			"to": [8.5, 6.5, 5],
			"faces": {
				"north": {"uv": [0, 8, 2, 10], "texture": "#1"},
				"south": {"uv": [0, 8, 2, 10], "texture": "#1"},
				"up": {"uv": [0, 8, 2, 10], "texture": "#1"},
				"down": {"uv": [0, 8, 2, 10], "texture": "#1"}
			}
		},
		{
			"name": "band",
			"from": [3.6, 2.25, 13],
			"to": [12.4, 3.25, 14],
			"faces": {
				"north": {"uv": [0, 8, 16, 10], "texture": "#1"},
				"east": {"uv": [0, 8, 2, 10], "texture": "#1"},
				"south": {"uv": [0, 8, 16, 10], "texture": "#1"},
				"west": {"uv": [14, 8, 16, 10], "texture": "#1"},
				"up": {"uv": [0, 8, 16, 10], "texture": "#1"},
				"down": {"uv": [0, 8, 16, 10], "texture": "#1"}
			}
		},
		{
			"name": "band",
			"from": [3.6, 4.75, 5],
			"to": [4.4, 5.75, 15],
			"rotation": {"angle": 22.5, "axis": "x", "origin": [2.25, 7.75, 8]},
			"faces": {
				"north": {"uv": [0, 8, 16, 10], "rotation": 90, "texture": "#1"},
				"east": {"uv": [0, 8, 16, 10], "texture": "#1"},
				"south": {"uv": [0, 8, 16, 10], "rotation": 90, "texture": "#1"},
				"west": {"uv": [0, 8, 16, 10], "rotation": 90, "texture": "#1"},
				"up": {"uv": [0, 8, 16, 10], "rotation": 90, "texture": "#1"},
				"down": {"uv": [0, 8, 16, 10], "rotation": 90, "texture": "#1"}
			}
		},
		{
			"name": "band",
			"from": [11.6, 4.75, 5.25],
			"to": [12.4, 5.75, 15.25],
			"rotation": {"angle": 22.5, "axis": "x", "origin": [2.5, 7.75, 8.25]},
			"faces": {
				"east": {"uv": [0, 8, 16, 10], "texture": "#1"},
				"west": {"uv": [0, 8, 16, 10], "texture": "#1"},
				"up": {"uv": [0, 8, 16, 10], "rotation": 90, "texture": "#1"},
				"down": {"uv": [0, 8, 16, 10], "rotation": 90, "texture": "#1"}
			}
		},
		{
			"name": "lcorn",
			"from": [11.62, 5.29, 4],
			"to": [12.33, 6.71, 5],
			"rotation": {"angle": 45, "axis": "z", "origin": [10.35, 6.35, 4.5]},
			"faces": {
				"north": {"uv": [0, 0, 1, 1], "texture": "#1"},
				"east": {"uv": [0, 0, 1, 1], "texture": "#1"},
				"south": {"uv": [0, 0, 1, 1], "texture": "#1"},
				"up": {"uv": [0, 0, 1, 1], "texture": "#1"},
				"down": {"uv": [0, 0, 1, 1], "texture": "#1"}
			}
		},
		{
			"name": "lcorn",
			"from": [8.67, 5.29, 4],
			"to": [9.38, 6.71, 5],
			"rotation": {"angle": -45, "axis": "z", "origin": [10.65, 6.35, 4.5]},
			"faces": {
				"north": {"uv": [5, 0, 4, 1], "texture": "#1"},
				"south": {"uv": [5, 0, 4, 1], "texture": "#1"},
				"west": {"uv": [5, 0, 4, 1], "texture": "#1"},
				"up": {"uv": [5, 0, 4, 1], "texture": "#1"},
				"down": {"uv": [5, 0, 4, 1], "texture": "#1"}
			}
		},
		{
			"name": "lcorn",
			"from": [11.62, 5.29, 4],
			"to": [12.33, 6.71, 5],
			"rotation": {"angle": -45, "axis": "z", "origin": [10.35, 5.65, 4.5]},
			"faces": {
				"north": {"uv": [0, 6, 1, 5], "texture": "#1"},
				"east": {"uv": [0, 6, 1, 5], "texture": "#1"},
				"south": {"uv": [0, 6, 1, 5], "texture": "#1"},
				"up": {"uv": [0, 6, 1, 5], "texture": "#1"},
				"down": {"uv": [0, 6, 1, 5], "texture": "#1"}
			}
		},
		{
			"name": "lcorn",
			"from": [8.67, 5.29, 4],
			"to": [9.38, 6.71, 5],
			"rotation": {"angle": 45, "axis": "z", "origin": [10.65, 5.65, 4.5]},
			"faces": {
				"north": {"uv": [6, 6, 5, 5], "texture": "#1"},
				"south": {"uv": [6, 6, 5, 5], "texture": "#1"},
				"west": {"uv": [6, 6, 5, 5], "texture": "#1"},
				"up": {"uv": [6, 6, 5, 5], "texture": "#1"},
				"down": {"uv": [6, 6, 5, 5], "texture": "#1"}
			}
		},
		{
			"name": "lcorn",
			"from": [11.37, 5.54, 4],
			"to": [12.08, 6.46, 5],
			"rotation": {"angle": 45, "axis": "z", "origin": [10.35, 6.35, 4.5]},
			"faces": {
				"north": {"uv": [0, 0, 1, 1], "texture": "#1"},
				"south": {"uv": [0, 0, 1, 1], "texture": "#1"},
				"west": {"uv": [0, 0, 1, 1], "texture": "#1"},
				"up": {"uv": [0, 0, 1, 1], "texture": "#1"},
				"down": {"uv": [0, 0, 1, 1], "texture": "#1"}
			}
		},
		{
			"name": "lcorn",
			"from": [8.92, 5.54, 4],
			"to": [9.63, 6.46, 5],
			"rotation": {"angle": -45, "axis": "z", "origin": [10.65, 6.35, 4.5]},
			"faces": {
				"north": {"uv": [5, 0, 4, 1], "texture": "#1"},
				"east": {"uv": [5, 0, 4, 1], "texture": "#1"},
				"south": {"uv": [5, 0, 4, 1], "texture": "#1"},
				"up": {"uv": [5, 0, 4, 1], "texture": "#1"},
				"down": {"uv": [5, 0, 4, 1], "texture": "#1"}
			}
		},
		{
			"name": "lcorn",
			"from": [11.37, 5.54, 4],
			"to": [12.33, 6.46, 5],
			"rotation": {"angle": -45, "axis": "z", "origin": [10.35, 5.65, 4.5]},
			"faces": {
				"north": {"uv": [0, 6, 1, 5], "texture": "#1"},
				"south": {"uv": [0, 6, 1, 5], "texture": "#1"},
				"west": {"uv": [0, 6, 1, 5], "texture": "#1"},
				"up": {"uv": [0, 6, 1, 5], "texture": "#1"},
				"down": {"uv": [0, 6, 1, 5], "texture": "#1"}
			}
		},
		{
			"name": "lcorn",
			"from": [8.67, 5.54, 4],
			"to": [9.63, 6.46, 5],
			"rotation": {"angle": 45, "axis": "z", "origin": [10.65, 5.65, 4.5]},
			"faces": {
				"north": {"uv": [6, 6, 5, 5], "texture": "#1"},
				"east": {"uv": [6, 6, 5, 5], "texture": "#1"},
				"south": {"uv": [6, 6, 5, 5], "texture": "#1"},
				"up": {"uv": [6, 6, 5, 5], "texture": "#1"},
				"down": {"uv": [6, 6, 5, 5], "texture": "#1"}
			}
		},
		{
			"name": "left",
			"from": [11.5, 5, 4],
			"to": [12.5, 7, 5],
			"faces": {
				"north": {"uv": [0, 1, 2, 5], "texture": "#1"},
				"east": {"uv": [0, 1, 2, 5], "texture": "#1"},
				"south": {"uv": [0, 1, 2, 5], "texture": "#1"},
				"west": {"uv": [0, 1, 2, 5], "texture": "#1"}
			}
		},
		{
			"name": "left",
			"from": [8.5, 5, 4],
			"to": [9.5, 7, 5],
			"faces": {
				"north": {"uv": [4, 1, 6, 5], "texture": "#1"},
				"east": {"uv": [4, 1, 6, 5], "texture": "#1"},
				"south": {"uv": [4, 1, 6, 5], "texture": "#1"},
				"west": {"uv": [4, 1, 6, 5], "texture": "#1"}
			}
		},
		{
			"name": "left",
			"from": [9.5, 7, 4],
			"to": [11.5, 8, 5],
			"faces": {
				"north": {"uv": [1, 0, 5, 2], "texture": "#1"},
				"south": {"uv": [0, 1, 2, 5], "texture": "#1"},
				"up": {"uv": [0, 0, 2, 2], "rotation": 180, "texture": "#1"},
				"down": {"uv": [0, 0, 2, 2], "rotation": 180, "texture": "#1"}
			}
		},
		{
			"name": "left",
			"from": [9.5, 4, 4],
			"to": [11.5, 5, 5],
			"faces": {
				"north": {"uv": [1, 4, 5, 6], "texture": "#1"},
				"south": {"uv": [1, 4, 5, 6], "rotation": 180, "texture": "#1"},
				"up": {"uv": [1, 4, 5, 6], "rotation": 180, "texture": "#1"},
				"down": {"uv": [1, 4, 5, 6], "rotation": 180, "texture": "#1"}
			}
		},
		{
			"name": "rrrr",
			"from": [6.62, 5.29, 4],
			"to": [7.33, 6.71, 5],
			"rotation": {"angle": 45, "axis": "z", "origin": [5.35, 6.35, 4.5]},
			"faces": {
				"north": {"uv": [8, 0, 9, 1], "texture": "#1"},
				"east": {"uv": [8, 0, 9, 1], "texture": "#1"},
				"south": {"uv": [8, 0, 9, 1], "texture": "#1"},
				"up": {"uv": [8, 0, 9, 1], "texture": "#1"},
				"down": {"uv": [8, 0, 9, 1], "texture": "#1"}
			}
		},
		{
			"name": "rrrr",
			"from": [3.67, 5.29, 4],
			"to": [4.38, 6.71, 5],
			"rotation": {"angle": -45, "axis": "z", "origin": [5.65, 6.35, 4.5]},
			"faces": {
				"north": {"uv": [13, 0, 12, 1], "texture": "#1"},
				"south": {"uv": [13, 0, 12, 1], "texture": "#1"},
				"west": {"uv": [13, 0, 12, 1], "texture": "#1"},
				"up": {"uv": [13, 0, 12, 1], "texture": "#1"},
				"down": {"uv": [13, 0, 12, 1], "texture": "#1"}
			}
		},
		{
			"name": "rrrr",
			"from": [6.62, 5.29, 4],
			"to": [7.33, 6.71, 5],
			"rotation": {"angle": -45, "axis": "z", "origin": [5.35, 5.65, 4.5]},
			"faces": {
				"north": {"uv": [8, 6, 9, 5], "texture": "#1"},
				"east": {"uv": [8, 6, 9, 5], "texture": "#1"},
				"south": {"uv": [8, 6, 9, 5], "texture": "#1"},
				"up": {"uv": [8, 6, 9, 5], "texture": "#1"},
				"down": {"uv": [8, 6, 9, 5], "texture": "#1"}
			}
		},
		{
			"name": "rrrr",
			"from": [3.67, 5.29, 4],
			"to": [4.38, 6.71, 5],
			"rotation": {"angle": 45, "axis": "z", "origin": [5.65, 5.65, 4.5]},
			"faces": {
				"north": {"uv": [14, 6, 13, 5], "texture": "#1"},
				"south": {"uv": [14, 6, 13, 5], "texture": "#1"},
				"west": {"uv": [14, 6, 13, 5], "texture": "#1"},
				"up": {"uv": [14, 6, 13, 5], "texture": "#1"},
				"down": {"uv": [14, 6, 13, 5], "texture": "#1"}
			}
		},
		{
			"name": "rrrr",
			"from": [6.37, 5.54, 4],
			"to": [7.08, 6.46, 5],
			"rotation": {"angle": 45, "axis": "z", "origin": [5.35, 6.35, 4.5]},
			"faces": {
				"north": {"uv": [8, 0, 9, 1], "texture": "#1"},
				"south": {"uv": [8, 0, 9, 1], "texture": "#1"},
				"west": {"uv": [8, 0, 9, 1], "texture": "#1"},
				"up": {"uv": [8, 0, 9, 1], "texture": "#1"},
				"down": {"uv": [8, 0, 9, 1], "texture": "#1"}
			}
		},
		{
			"name": "rrrr",
			"from": [3.92, 5.54, 4],
			"to": [4.63, 6.46, 5],
			"rotation": {"angle": -45, "axis": "z", "origin": [5.65, 6.35, 4.5]},
			"faces": {
				"north": {"uv": [13, 0, 12, 1], "texture": "#1"},
				"east": {"uv": [13, 0, 12, 1], "texture": "#1"},
				"south": {"uv": [13, 0, 12, 1], "texture": "#1"},
				"up": {"uv": [13, 0, 12, 1], "texture": "#1"},
				"down": {"uv": [13, 0, 12, 1], "texture": "#1"}
			}
		},
		{
			"name": "rrrr",
			"from": [6.37, 5.54, 4],
			"to": [7.33, 6.46, 5],
			"rotation": {"angle": -45, "axis": "z", "origin": [5.35, 5.65, 4.5]},
			"faces": {
				"north": {"uv": [8, 6, 9, 5], "texture": "#1"},
				"south": {"uv": [8, 6, 9, 5], "texture": "#1"},
				"west": {"uv": [8, 6, 9, 5], "texture": "#1"},
				"up": {"uv": [8, 6, 9, 5], "texture": "#1"},
				"down": {"uv": [8, 6, 9, 5], "texture": "#1"}
			}
		},
		{
			"name": "rrrr",
			"from": [3.67, 5.54, 4],
			"to": [4.63, 6.46, 5],
			"rotation": {"angle": 45, "axis": "z", "origin": [5.65, 5.65, 4.5]},
			"faces": {
				"north": {"uv": [14, 6, 13, 5], "texture": "#1"},
				"east": {"uv": [14, 6, 13, 5], "texture": "#1"},
				"south": {"uv": [14, 6, 13, 5], "texture": "#1"},
				"up": {"uv": [14, 6, 13, 5], "texture": "#1"},
				"down": {"uv": [14, 6, 13, 5], "texture": "#1"}
			}
		},
		{
			"name": "rrrr",
			"from": [6.5, 5, 4],
			"to": [7.5, 7, 5],
			"faces": {
				"north": {"uv": [8, 1, 9, 5], "texture": "#1"},
				"east": {"uv": [8, 1, 9, 5], "texture": "#1"},
				"south": {"uv": [8, 1, 9, 5], "texture": "#1"},
				"west": {"uv": [8, 1, 9, 5], "texture": "#1"}
			}
		},
		{
			"name": "rrrr",
			"from": [3.5, 5, 4],
			"to": [4.5, 7, 5],
			"faces": {
				"north": {"uv": [12, 1, 14, 5], "texture": "#1"},
				"east": {"uv": [12, 1, 14, 5], "texture": "#1"},
				"south": {"uv": [12, 1, 14, 5], "texture": "#1"},
				"west": {"uv": [12, 1, 14, 5], "texture": "#1"}
			}
		},
		{
			"name": "rrrr",
			"from": [4.5, 7, 4],
			"to": [6.5, 8, 5],
			"faces": {
				"north": {"uv": [9, 0, 13, 2], "texture": "#1"},
				"east": {"uv": [9, 0, 13, 2], "texture": "#1"},
				"south": {"uv": [9, 0, 13, 2], "rotation": 180, "texture": "#1"},
				"west": {"uv": [9, 0, 13, 2], "texture": "#1"},
				"up": {"uv": [9, 0, 13, 2], "rotation": 180, "texture": "#1"},
				"down": {"uv": [9, 0, 13, 2], "rotation": 180, "texture": "#1"}
			}
		},
		{
			"name": "rrrr",
			"from": [4.5, 4, 4],
			"to": [6.5, 5, 5],
			"faces": {
				"north": {"uv": [9, 4, 13, 6], "texture": "#1"},
				"south": {"uv": [9, 4, 13, 6], "rotation": 180, "texture": "#1"},
				"up": {"uv": [9, 4, 13, 6], "rotation": 180, "texture": "#1"},
				"down": {"uv": [9, 4, 13, 6], "rotation": 180, "texture": "#1"}
			}
		}
	],
	"display": {
		"head": {
			"scale": [1.7, 1.7, 1.7],
			"translation": [0, 8, -2],
			"rotation": [0, 0, 0]
		},
		"thirdperson_righthand": {
			"scale": [0.8, 0.8, 0.8]
		},
		"gui": {
			"rotation": [30, 135, 0]
		},
		"fixed": {
			"scale": [4, 4, 4],
			"translation": [0, 16.5, 21],
			"rotation": [0, -180, 0]
		}
	},
	"groups": [0, 1, 2, 3,
		{
			"name": "l",
			"isOpen": true,
			"export": true,
			"visibility": true,
			"children": [
				{
					"name": "group",
					"isOpen": true,
					"export": true,
					"visibility": true,
					"children": [4, 5, 6, 7]
				},
				{
					"name": "group",
					"isOpen": true,
					"export": true,
					"visibility": true,
					"children": [8, 9, 10, 11]
				}, 12, 13, 14, 15]
		},
		{
			"name": "r",
			"isOpen": true,
			"export": true,
			"visibility": true,
			"children": [
				{
					"name": "group",
					"isOpen": true,
					"export": true,
					"visibility": true,
					"children": [16, 17, 18, 19]
				},
				{
					"name": "group",
					"isOpen": true,
					"export": true,
					"visibility": true,
					"children": [20, 21, 22, 23]
				}, 24, 25, 26, 27]
		}
	]
}