{
	"credit": "Made with Blockbench",
	"textures": {
		"0": "hat/misc/wood_dark",
		"particle": "hat/misc/wood_dark"
	},
	"elements": [
		{
			"name": "Base",
			"from": [3, 0, 3],
			"to": [13, 1, 13],
			"shade": false,
			"faces": {
				"north": {"uv": [0, 8, 8, 9], "texture": "#0", "tintindex": 0},
				"east": {"uv": [0, 0, 8, 1], "texture": "#0", "tintindex": 0},
				"south": {"uv": [8, 8, 16, 9], "texture": "#0", "tintindex": 0},
				"west": {"uv": [8, 0, 16, 1], "texture": "#0", "tintindex": 0},
				"up": {"uv": [3.75, 3.75, 11.75, 11.75], "texture": "#0", "tintindex": 0},
				"down": {"uv": [3.875, 3.625, 11.875, 11.625], "texture": "#0", "tintindex": 0}
			}
		},
		{
			"name": "Slim Column",
			"from": [6, 1, 6],
			"to": [10, 16, 10],
			"faces": {
				"north": {"uv": [0, 0, 4, 16], "texture": "#0"},
				"east": {"uv": [12, 0, 16, 16], "texture": "#0"},
				"south": {"uv": [4, 0, 8, 16], "texture": "#0"},
				"west": {"uv": [8, 0, 12, 16], "texture": "#0"},
				"up": {"uv": [0, 0, 4, 16], "texture": "#0"},
				"down": {"uv": [0, 0, 4, 16], "texture": "#0"}
			}
		},
		{
			"name": "Head X1",
			"from": [5, 16, 6],
			"to": [6, 21, 10],
			"rotation": {"angle": 0, "axis": "y", "origin": [8, 17, 8]},
			"faces": {
				"north": {"uv": [0, 0, 4, 16], "texture": "#0"},
				"east": {"uv": [12, 0, 16, 16], "texture": "#0"},
				"south": {"uv": [4, 0, 8, 16], "texture": "#0"},
				"west": {"uv": [8, 0, 12, 16], "texture": "#0"},
				"up": {"uv": [0, 0, 4, 16], "texture": "#0"},
				"down": {"uv": [0, 0, 4, 16], "texture": "#0"}
			}
		},
		{
			"name": "Head X2",
			"from": [10, 16, 6],
			"to": [11, 21, 10],
			"rotation": {"angle": 0, "axis": "y", "origin": [8, 17, 8]},
			"faces": {
				"north": {"uv": [0, 0, 4, 16], "texture": "#0"},
				"east": {"uv": [12, 0, 16, 16], "texture": "#0"},
				"south": {"uv": [4, 0, 8, 16], "texture": "#0"},
				"west": {"uv": [8, 0, 12, 16], "texture": "#0"},
				"up": {"uv": [0, 0, 4, 16], "texture": "#0"},
				"down": {"uv": [0, 0, 4, 16], "texture": "#0"}
			}
		},
		{
			"name": "Head Y1",
			"from": [6, 16, 10],
			"to": [10, 21, 11],
			"rotation": {"angle": 0, "axis": "y", "origin": [8, 17, 8]},
			"faces": {
				"north": {"uv": [0, 0, 4, 16], "texture": "#0"},
				"east": {"uv": [12, 0, 16, 16], "texture": "#0"},
				"south": {"uv": [4, 0, 8, 16], "texture": "#0"},
				"west": {"uv": [8, 0, 12, 16], "texture": "#0"},
				"up": {"uv": [0, 0, 4, 16], "texture": "#0"},
				"down": {"uv": [0, 0, 4, 16], "texture": "#0"}
			}
		},
		{
			"name": "Head Y2",
			"from": [6, 16, 5],
			"to": [10, 21, 6],
			"rotation": {"angle": 0, "axis": "y", "origin": [8, 17, 8]},
			"faces": {
				"north": {"uv": [0, 0, 4, 16], "texture": "#0"},
				"east": {"uv": [12, 0, 16, 16], "texture": "#0"},
				"south": {"uv": [4, 0, 8, 16], "texture": "#0"},
				"west": {"uv": [8, 0, 12, 16], "texture": "#0"},
				"up": {"uv": [0, 0, 4, 16], "texture": "#0"},
				"down": {"uv": [0, 0, 4, 16], "texture": "#0"}
			}
		},
		{
			"name": "Head C",
			"from": [6, 16, 6],
			"to": [10, 21, 10],
			"rotation": {"angle": 0, "axis": "y", "origin": [8, 17, 8]},
			"faces": {
				"north": {"uv": [0, 0, 4, 16], "texture": "#0"},
				"east": {"uv": [12, 0, 16, 16], "texture": "#0"},
				"south": {"uv": [4, 0, 8, 16], "texture": "#0"},
				"west": {"uv": [8, 0, 12, 16], "texture": "#0"},
				"up": {"uv": [0, 0, 4, 16], "texture": "#0"},
				"down": {"uv": [0, 0, 4, 16], "texture": "#0"}
			}
		},
		{
			"name": "N Slant B1",
			"from": [6, 1, 3],
			"to": [10, 9, 4],
			"rotation": {"angle": 22.5, "axis": "x", "origin": [8, 1, 3]},
			"faces": {
				"north": {"uv": [0, 0, 6, 8], "texture": "#0"},
				"east": {"uv": [0, 0, 6, 8], "texture": "#0"},
				"south": {"uv": [0, 0, 6, 8], "texture": "#0"},
				"west": {"uv": [0, 0, 6, 8], "texture": "#0"},
				"up": {"uv": [0, 0, 6, 8], "texture": "#0"},
				"down": {"uv": [0, 0, 6, 8], "texture": "#0"}
			}
		},
		{
			"name": "E Slant B1",
			"from": [12, 1, 6],
			"to": [13, 9, 10],
			"rotation": {"angle": 22.5, "axis": "z", "origin": [13, 1, 8]},
			"faces": {
				"north": {"uv": [10, 8, 16, 16], "texture": "#0"},
				"east": {"uv": [10, 8, 16, 16], "texture": "#0"},
				"south": {"uv": [10, 8, 16, 16], "texture": "#0"},
				"west": {"uv": [10, 8, 16, 16], "texture": "#0"},
				"up": {"uv": [10, 8, 16, 16], "texture": "#0"},
				"down": {"uv": [10, 8, 16, 16], "texture": "#0"}
			}
		},
		{
			"name": "S Slant B1",
			"from": [6, 1, 12],
			"to": [10, 9, 13],
			"rotation": {"angle": -22.5, "axis": "x", "origin": [8, 1, 13]},
			"faces": {
				"north": {"uv": [0, 0, 6, 8], "texture": "#0"},
				"east": {"uv": [0, 0, 6, 8], "texture": "#0"},
				"south": {"uv": [0, 0, 6, 8], "texture": "#0"},
				"west": {"uv": [0, 0, 6, 8], "texture": "#0"},
				"up": {"uv": [0, 0, 6, 8], "texture": "#0"},
				"down": {"uv": [0, 0, 6, 8], "texture": "#0"}
			}
		},
		{
			"name": "W Slant B1",
			"from": [3, 1, 6],
			"to": [4, 9, 10],
			"rotation": {"angle": -22.5, "axis": "z", "origin": [3, 1, 8]},
			"faces": {
				"north": {"uv": [10, 0, 16, 8], "texture": "#0"},
				"east": {"uv": [10, 0, 16, 8], "texture": "#0"},
				"south": {"uv": [10, 0, 16, 8], "texture": "#0"},
				"west": {"uv": [10, 0, 16, 8], "texture": "#0"},
				"up": {"uv": [10, 0, 16, 8], "texture": "#0"},
				"down": {"uv": [10, 0, 16, 8], "texture": "#0"}
			}
		},
		{
			"name": "N Slant B2",
			"from": [6, 1, 4],
			"to": [10, 6, 5],
			"rotation": {"angle": 22.5, "axis": "x", "origin": [8, 1, 4]},
			"faces": {
				"north": {"uv": [0, 0, 6, 8], "texture": "#0"},
				"east": {"uv": [0, 0, 6, 8], "texture": "#0"},
				"south": {"uv": [0, 0, 6, 8], "texture": "#0"},
				"west": {"uv": [0, 0, 6, 8], "texture": "#0"},
				"up": {"uv": [0, 0, 6, 8], "texture": "#0"},
				"down": {"uv": [0, 0, 6, 8], "texture": "#0"}
			}
		},
		{
			"name": "E Slant B2",
			"from": [11, 1, 6],
			"to": [12, 6, 10],
			"rotation": {"angle": 22.5, "axis": "z", "origin": [12, 1, 8]},
			"faces": {
				"north": {"uv": [10, 8, 16, 16], "texture": "#0"},
				"east": {"uv": [10, 8, 16, 16], "texture": "#0"},
				"south": {"uv": [10, 8, 16, 16], "texture": "#0"},
				"west": {"uv": [10, 8, 16, 16], "texture": "#0"},
				"up": {"uv": [10, 8, 16, 16], "texture": "#0"},
				"down": {"uv": [10, 8, 16, 16], "texture": "#0"}
			}
		},
		{
			"name": "S Slant B2",
			"from": [6, 1, 11],
			"to": [10, 6, 12],
			"rotation": {"angle": -22.5, "axis": "x", "origin": [8, 1, 12]},
			"faces": {
				"north": {"uv": [0, 0, 6, 8], "texture": "#0"},
				"east": {"uv": [0, 0, 6, 8], "texture": "#0"},
				"south": {"uv": [0, 0, 6, 8], "texture": "#0"},
				"west": {"uv": [0, 0, 6, 8], "texture": "#0"},
				"up": {"uv": [0, 0, 6, 8], "texture": "#0"},
				"down": {"uv": [0, 0, 6, 8], "texture": "#0"}
			}
		},
		{
			"name": "W Slant B2",
			"from": [4, 1, 6],
			"to": [5, 7, 10],
			"rotation": {"angle": -22.5, "axis": "z", "origin": [4, 1, 8]},
			"faces": {
				"north": {"uv": [10, 0, 16, 8], "texture": "#0"},
				"east": {"uv": [10, 0, 16, 8], "texture": "#0"},
				"south": {"uv": [10, 0, 16, 8], "texture": "#0"},
				"west": {"uv": [10, 0, 16, 8], "texture": "#0"},
				"up": {"uv": [10, 0, 16, 8], "texture": "#0"},
				"down": {"uv": [10, 0, 16, 8], "texture": "#0"}
			}
		},
		{
			"name": "N Slant B3",
			"from": [6, 1, 5],
			"to": [10, 6, 6],
			"rotation": {"angle": 22.5, "axis": "x", "origin": [8, 1, 5]},
			"faces": {
				"north": {"uv": [0, 0, 6, 8], "texture": "#0"},
				"east": {"uv": [0, 0, 6, 8], "texture": "#0"},
				"south": {"uv": [0, 0, 6, 8], "texture": "#0"},
				"west": {"uv": [0, 0, 6, 8], "texture": "#0"},
				"up": {"uv": [0, 0, 6, 8], "texture": "#0"},
				"down": {"uv": [0, 0, 6, 8], "texture": "#0"}
			}
		},
		{
			"name": "E Slant B3",
			"from": [10, 1, 6],
			"to": [11, 6, 10],
			"rotation": {"angle": 22.5, "axis": "z", "origin": [11, 1, 8]},
			"faces": {
				"north": {"uv": [10, 8, 16, 16], "texture": "#0"},
				"east": {"uv": [10, 8, 16, 16], "texture": "#0"},
				"south": {"uv": [10, 8, 16, 16], "texture": "#0"},
				"west": {"uv": [10, 8, 16, 16], "texture": "#0"},
				"up": {"uv": [10, 8, 16, 16], "texture": "#0"},
				"down": {"uv": [10, 8, 16, 16], "texture": "#0"}
			}
		},
		{
			"name": "S Slant B3",
			"from": [6, 1, 10],
			"to": [10, 6, 11],
			"rotation": {"angle": -22.5, "axis": "x", "origin": [8, 1, 11]},
			"faces": {
				"north": {"uv": [0, 0, 6, 8], "texture": "#0"},
				"east": {"uv": [0, 0, 6, 8], "texture": "#0"},
				"south": {"uv": [0, 0, 6, 8], "texture": "#0"},
				"west": {"uv": [0, 0, 6, 8], "texture": "#0"},
				"up": {"uv": [0, 0, 6, 8], "texture": "#0"},
				"down": {"uv": [0, 0, 6, 8], "texture": "#0"}
			}
		},
		{
			"name": "W Slant B3",
			"from": [5, 1, 6],
			"to": [6, 5, 10],
			"rotation": {"angle": -22.5, "axis": "z", "origin": [5, 1, 8]},
			"faces": {
				"north": {"uv": [10, 0, 16, 8], "texture": "#0"},
				"east": {"uv": [10, 0, 16, 8], "texture": "#0"},
				"south": {"uv": [10, 0, 16, 8], "texture": "#0"},
				"west": {"uv": [10, 0, 16, 8], "texture": "#0"},
				"up": {"uv": [10, 0, 16, 8], "texture": "#0"},
				"down": {"uv": [10, 0, 16, 8], "texture": "#0"}
			}
		},
		{
			"name": "N Slant L",
			"from": [7, 6, 6],
			"to": [9, 8, 7],
			"rotation": {"angle": 45, "axis": "x", "origin": [8, 6, 6]},
			"faces": {
				"north": {"uv": [0, 0, 6, 8], "texture": "#0"},
				"east": {"uv": [0, 0, 6, 8], "texture": "#0"},
				"south": {"uv": [0, 0, 6, 8], "texture": "#0"},
				"west": {"uv": [0, 0, 6, 8], "texture": "#0"},
				"up": {"uv": [0, 0, 6, 8], "texture": "#0"},
				"down": {"uv": [0, 0, 6, 8], "texture": "#0"}
			}
		},
		{
			"name": "E Slant L",
			"from": [9, 6, 7],
			"to": [10, 8, 9],
			"rotation": {"angle": 45, "axis": "z", "origin": [10, 6, 8]},
			"faces": {
				"north": {"uv": [0, 0, 6, 8], "texture": "#0"},
				"east": {"uv": [0, 0, 6, 8], "texture": "#0"},
				"south": {"uv": [0, 0, 6, 8], "texture": "#0"},
				"west": {"uv": [0, 0, 6, 8], "texture": "#0"},
				"up": {"uv": [0, 0, 6, 8], "texture": "#0"},
				"down": {"uv": [0, 0, 6, 8], "texture": "#0"}
			}
		},
		{
			"name": "S Slant L",
			"from": [7, 6, 9],
			"to": [9, 8, 10],
			"rotation": {"angle": -45, "axis": "x", "origin": [8, 6, 10]},
			"faces": {
				"north": {"uv": [0, 0, 6, 8], "texture": "#0"},
				"east": {"uv": [0, 0, 6, 8], "texture": "#0"},
				"south": {"uv": [0, 0, 6, 8], "texture": "#0"},
				"west": {"uv": [0, 0, 6, 8], "texture": "#0"},
				"up": {"uv": [0, 0, 6, 8], "texture": "#0"},
				"down": {"uv": [0, 0, 6, 8], "texture": "#0"}
			}
		},
		{
			"name": "W Slant L",
			"from": [6, 6, 7],
			"to": [7, 8, 9],
			"rotation": {"angle": -45, "axis": "z", "origin": [6, 6, 8]},
			"faces": {
				"north": {"uv": [0, 0, 6, 8], "texture": "#0"},
				"east": {"uv": [0, 0, 6, 8], "texture": "#0"},
				"south": {"uv": [0, 0, 6, 8], "texture": "#0"},
				"west": {"uv": [0, 0, 6, 8], "texture": "#0"},
				"up": {"uv": [0, 0, 6, 8], "texture": "#0"},
				"down": {"uv": [0, 0, 6, 8], "texture": "#0"}
			}
		},
		{
			"name": "N Slant UL",
			"from": [6, 15, 6],
			"to": [10, 17, 7],
			"rotation": {"angle": -22.5, "axis": "x", "origin": [8, 15, 6]},
			"faces": {
				"north": {"uv": [0, 0, 6, 8], "texture": "#0"},
				"east": {"uv": [0, 0, 6, 8], "texture": "#0"},
				"south": {"uv": [0, 0, 6, 8], "texture": "#0"},
				"west": {"uv": [0, 0, 6, 8], "texture": "#0"},
				"up": {"uv": [0, 0, 6, 8], "texture": "#0"},
				"down": {"uv": [0, 0, 6, 8], "texture": "#0"}
			}
		},
		{
			"name": "E Slant UL",
			"from": [9, 15, 6],
			"to": [10, 17, 10],
			"rotation": {"angle": -22.5, "axis": "z", "origin": [10, 15, 8]},
			"faces": {
				"north": {"uv": [0, 0, 6, 8], "texture": "#0"},
				"east": {"uv": [0, 0, 6, 8], "texture": "#0"},
				"south": {"uv": [0, 0, 6, 8], "texture": "#0"},
				"west": {"uv": [0, 0, 6, 8], "texture": "#0"},
				"up": {"uv": [0, 0, 6, 8], "texture": "#0"},
				"down": {"uv": [0, 0, 6, 8], "texture": "#0"}
			}
		},
		{
			"name": "S Slant UL",
			"from": [6, 15, 9],
			"to": [10, 17, 10],
			"rotation": {"angle": 22.5, "axis": "x", "origin": [8, 15, 10]},
			"faces": {
				"north": {"uv": [0, 0, 6, 8], "texture": "#0"},
				"east": {"uv": [0, 0, 6, 8], "texture": "#0"},
				"south": {"uv": [0, 0, 6, 8], "texture": "#0"},
				"west": {"uv": [0, 0, 6, 8], "texture": "#0"},
				"up": {"uv": [0, 0, 6, 8], "texture": "#0"},
				"down": {"uv": [0, 0, 6, 8], "texture": "#0"}
			}
		},
		{
			"name": "W Slant UL",
			"from": [6, 15, 6],
			"to": [7, 17, 10],
			"rotation": {"angle": 22.5, "axis": "z", "origin": [6, 15, 8]},
			"faces": {
				"north": {"uv": [0, 0, 6, 8], "texture": "#0"},
				"east": {"uv": [0, 0, 6, 8], "texture": "#0"},
				"south": {"uv": [0, 0, 6, 8], "texture": "#0"},
				"west": {"uv": [0, 0, 6, 8], "texture": "#0"},
				"up": {"uv": [0, 0, 6, 8], "texture": "#0"},
				"down": {"uv": [0, 0, 6, 8], "texture": "#0"}
			}
		},
		{
			"name": "N Slant UU",
			"from": [6, 19, 5],
			"to": [10, 19, 6],
			"rotation": {"angle": 45, "axis": "x", "origin": [8, 18, 4]},
			"faces": {
				"north": {"uv": [0, 0, 6, 8], "texture": "#0"},
				"east": {"uv": [0, 0, 6, 8], "texture": "#0"},
				"south": {"uv": [0, 0, 6, 8], "texture": "#0"},
				"west": {"uv": [0, 0, 6, 8], "texture": "#0"},
				"up": {"uv": [0, 0, 6, 8], "texture": "#0"},
				"down": {"uv": [0, 0, 6, 8], "texture": "#0"}
			}
		},
		{
			"name": "E Slant UU",
			"from": [10, 19, 6],
			"to": [11, 19, 10],
			"rotation": {"angle": 45, "axis": "z", "origin": [12, 18, 8]},
			"faces": {
				"north": {"uv": [0, 0, 6, 8], "texture": "#0"},
				"east": {"uv": [0, 0, 6, 8], "texture": "#0"},
				"south": {"uv": [0, 0, 6, 8], "texture": "#0"},
				"west": {"uv": [0, 0, 6, 8], "texture": "#0"},
				"up": {"uv": [0, 0, 6, 8], "texture": "#0"},
				"down": {"uv": [0, 0, 6, 8], "texture": "#0"}
			}
		},
		{
			"name": "S Slant UU",
			"from": [6, 19, 10],
			"to": [10, 19, 11],
			"rotation": {"angle": -45, "axis": "x", "origin": [8, 18, 12]},
			"faces": {
				"north": {"uv": [0, 0, 6, 8], "texture": "#0"},
				"east": {"uv": [0, 0, 6, 8], "texture": "#0"},
				"south": {"uv": [0, 0, 6, 8], "texture": "#0"},
				"west": {"uv": [0, 0, 6, 8], "texture": "#0"},
				"up": {"uv": [0, 0, 6, 8], "texture": "#0"},
				"down": {"uv": [0, 0, 6, 8], "texture": "#0"}
			}
		},
		{
			"name": "W Slant UU",
			"from": [5, 16, 6],
			"to": [6, 16, 10],
			"rotation": {"angle": 45, "axis": "z", "origin": [4, 18, 8]},
			"faces": {
				"north": {"uv": [0, 0, 6, 8], "rotation": 270, "texture": "#0"},
				"east": {"uv": [0, 0, 6, 8], "rotation": 270, "texture": "#0"},
				"south": {"uv": [0, 0, 6, 8], "rotation": 270, "texture": "#0"},
				"west": {"uv": [0, 0, 6, 8], "rotation": 270, "texture": "#0"},
				"up": {"uv": [0, 0, 6, 8], "rotation": 270, "texture": "#0"},
				"down": {"uv": [0, 0, 6, 8], "rotation": 270, "texture": "#0"}
			}
		},
		{
			"name": "NW Slant U",
			"from": [5, 16, 4],
			"to": [6, 21, 5],
			"rotation": {"angle": -45, "axis": "y", "origin": [4, 20, 6]},
			"faces": {
				"north": {"uv": [0, 0, 6, 8], "rotation": 180, "texture": "#0"},
				"east": {"uv": [0, 0, 6, 8], "rotation": 90, "texture": "#0"},
				"south": {"uv": [0, 0, 6, 8], "texture": "#0"},
				"west": {"uv": [0, 0, 6, 8], "rotation": 270, "texture": "#0"},
				"up": {"uv": [0, 0, 6, 8], "texture": "#0"},
				"down": {"uv": [0, 0, 6, 8], "rotation": 180, "texture": "#0"}
			}
		},
		{
			"name": "NE Slant U",
			"from": [11, 16, 5],
			"to": [12, 21, 6],
			"rotation": {"angle": -45, "axis": "y", "origin": [10, 20, 4]},
			"faces": {
				"north": {"uv": [0, 0, 6, 8], "rotation": 180, "texture": "#0"},
				"east": {"uv": [0, 0, 6, 8], "rotation": 90, "texture": "#0"},
				"south": {"uv": [0, 0, 6, 8], "texture": "#0"},
				"west": {"uv": [0, 0, 6, 8], "rotation": 270, "texture": "#0"},
				"up": {"uv": [0, 0, 6, 8], "texture": "#0"},
				"down": {"uv": [0, 0, 6, 8], "rotation": 180, "texture": "#0"}
			}
		},
		{
			"name": "SE Slant U",
			"from": [10, 16, 11],
			"to": [11, 21, 12],
			"rotation": {"angle": -45, "axis": "y", "origin": [12, 20, 10]},
			"faces": {
				"north": {"uv": [0, 0, 6, 8], "rotation": 180, "texture": "#0"},
				"east": {"uv": [0, 0, 6, 8], "rotation": 90, "texture": "#0"},
				"south": {"uv": [0, 0, 6, 8], "texture": "#0"},
				"west": {"uv": [0, 0, 6, 8], "rotation": 270, "texture": "#0"},
				"up": {"uv": [0, 0, 6, 8], "texture": "#0"},
				"down": {"uv": [0, 0, 6, 8], "rotation": 180, "texture": "#0"}
			}
		},
		{
			"name": "SW Slant U",
			"from": [4, 16, 10],
			"to": [5, 21, 11],
			"rotation": {"angle": -45, "axis": "y", "origin": [6, 20, 12]},
			"faces": {
				"north": {"uv": [0, 0, 6, 8], "rotation": 180, "texture": "#0"},
				"east": {"uv": [0, 0, 6, 8], "rotation": 90, "texture": "#0"},
				"south": {"uv": [0, 0, 6, 8], "texture": "#0"},
				"west": {"uv": [0, 0, 6, 8], "rotation": 270, "texture": "#0"},
				"up": {"uv": [0, 0, 6, 8], "texture": "#0"},
				"down": {"uv": [0, 0, 6, 8], "rotation": 180, "texture": "#0"}
			}
		},
		{
			"name": "N Slant R D",
			"from": [7, 21, 5],
			"to": [9, 22, 6],
			"rotation": {"angle": 45, "axis": "x", "origin": [11, 21, 5]},
			"faces": {
				"north": {"uv": [0, 0, 6, 8], "texture": "#0"},
				"east": {"uv": [0, 0, 6, 8], "texture": "#0"},
				"south": {"uv": [0, 0, 6, 8], "texture": "#0"},
				"west": {"uv": [0, 0, 6, 8], "texture": "#0"},
				"up": {"uv": [0, 0, 6, 8], "texture": "#0"},
				"down": {"uv": [0, 0, 6, 8], "texture": "#0"}
			}
		},
		{
			"name": "E Slant R D",
			"from": [10, 21, 7],
			"to": [11, 22, 9],
			"rotation": {"angle": 45, "axis": "z", "origin": [11, 21, 8]},
			"faces": {
				"north": {"uv": [0, 0, 6, 8], "texture": "#0"},
				"east": {"uv": [0, 0, 6, 8], "texture": "#0"},
				"south": {"uv": [0, 0, 6, 8], "texture": "#0"},
				"west": {"uv": [0, 0, 6, 8], "texture": "#0"},
				"up": {"uv": [0, 0, 6, 8], "texture": "#0"},
				"down": {"uv": [0, 0, 6, 8], "texture": "#0"}
			}
		},
		{
			"name": "S Slant R D",
			"from": [7, 21, 10],
			"to": [9, 22, 11],
			"rotation": {"angle": -45, "axis": "x", "origin": [11, 21, 11]},
			"faces": {
				"north": {"uv": [0, 0, 6, 8], "texture": "#0"},
				"east": {"uv": [0, 0, 6, 8], "texture": "#0"},
				"south": {"uv": [0, 0, 6, 8], "texture": "#0"},
				"west": {"uv": [0, 0, 6, 8], "texture": "#0"},
				"up": {"uv": [0, 0, 6, 8], "texture": "#0"},
				"down": {"uv": [0, 0, 6, 8], "texture": "#0"}
			}
		},
		{
			"name": "W Slant R D",
			"from": [5, 20, 7],
			"to": [6, 21, 9],
			"rotation": {"angle": 45, "axis": "z", "origin": [5, 21, 8]},
			"faces": {
				"north": {"uv": [0, 0, 6, 8], "rotation": 270, "texture": "#0"},
				"east": {"uv": [0, 0, 6, 8], "rotation": 90, "texture": "#0"},
				"south": {"uv": [0, 0, 6, 8], "rotation": 90, "texture": "#0"},
				"west": {"uv": [0, 0, 6, 8], "rotation": 90, "texture": "#0"},
				"up": {"uv": [0, 0, 6, 8], "rotation": 90, "texture": "#0"},
				"down": {"uv": [0, 0, 6, 8], "rotation": 90, "texture": "#0"}
			}
		},
		{
			"name": "N Ridge L",
			"from": [6, 21, 5],
			"to": [7, 22, 6],
			"rotation": {"angle": 0, "axis": "y", "origin": [8, 17, 8]},
			"faces": {
				"north": {"uv": [0, 0, 4, 16], "texture": "#0"},
				"east": {"uv": [12, 0, 16, 16], "texture": "#0"},
				"south": {"uv": [4, 0, 8, 16], "texture": "#0"},
				"west": {"uv": [8, 0, 12, 16], "texture": "#0"},
				"up": {"uv": [0, 0, 4, 16], "texture": "#0"},
				"down": {"uv": [0, 0, 4, 16], "texture": "#0"}
			}
		},
		{
			"name": "N Ridge R",
			"from": [9, 21, 5],
			"to": [10, 22, 6],
			"rotation": {"angle": 0, "axis": "y", "origin": [8, 17, 8]},
			"faces": {
				"north": {"uv": [0, 0, 4, 16], "texture": "#0"},
				"east": {"uv": [12, 0, 16, 16], "texture": "#0"},
				"south": {"uv": [4, 0, 8, 16], "texture": "#0"},
				"west": {"uv": [8, 0, 12, 16], "texture": "#0"},
				"up": {"uv": [0, 0, 4, 16], "texture": "#0"},
				"down": {"uv": [0, 0, 4, 16], "texture": "#0"}
			}
		},
		{
			"name": "E Ridge L",
			"from": [10, 21, 6],
			"to": [11, 22, 7],
			"rotation": {"angle": 0, "axis": "y", "origin": [8, 17, 8]},
			"faces": {
				"north": {"uv": [0, 0, 4, 16], "texture": "#0"},
				"east": {"uv": [12, 0, 16, 16], "texture": "#0"},
				"south": {"uv": [4, 0, 8, 16], "texture": "#0"},
				"west": {"uv": [8, 0, 12, 16], "texture": "#0"},
				"up": {"uv": [0, 0, 4, 16], "texture": "#0"},
				"down": {"uv": [0, 0, 4, 16], "texture": "#0"}
			}
		},
		{
			"name": "E Ridge R",
			"from": [10, 21, 9],
			"to": [11, 22, 10],
			"rotation": {"angle": 0, "axis": "y", "origin": [8, 17, 8]},
			"faces": {
				"north": {"uv": [0, 0, 4, 16], "texture": "#0"},
				"east": {"uv": [12, 0, 16, 16], "texture": "#0"},
				"south": {"uv": [4, 0, 8, 16], "texture": "#0"},
				"west": {"uv": [8, 0, 12, 16], "texture": "#0"},
				"up": {"uv": [0, 0, 4, 16], "texture": "#0"},
				"down": {"uv": [0, 0, 4, 16], "texture": "#0"}
			}
		},
		{
			"name": "S Ridge L",
			"from": [9, 21, 10],
			"to": [10, 22, 11],
			"rotation": {"angle": 0, "axis": "y", "origin": [8, 17, 8]},
			"faces": {
				"north": {"uv": [0, 0, 4, 16], "texture": "#0"},
				"east": {"uv": [12, 0, 16, 16], "texture": "#0"},
				"south": {"uv": [4, 0, 8, 16], "texture": "#0"},
				"west": {"uv": [8, 0, 12, 16], "texture": "#0"},
				"up": {"uv": [0, 0, 4, 16], "texture": "#0"},
				"down": {"uv": [0, 0, 4, 16], "texture": "#0"}
			}
		},
		{
			"name": "S Ridge R",
			"from": [6, 21, 10],
			"to": [7, 22, 11],
			"rotation": {"angle": 0, "axis": "y", "origin": [8, 17, 8]},
			"faces": {
				"north": {"uv": [0, 0, 4, 16], "texture": "#0"},
				"east": {"uv": [12, 0, 16, 16], "texture": "#0"},
				"south": {"uv": [4, 0, 8, 16], "texture": "#0"},
				"west": {"uv": [8, 0, 12, 16], "texture": "#0"},
				"up": {"uv": [0, 0, 4, 16], "texture": "#0"},
				"down": {"uv": [0, 0, 4, 16], "texture": "#0"}
			}
		},
		{
			"name": "W Ridge L",
			"from": [5, 21, 9],
			"to": [6, 22, 10],
			"rotation": {"angle": 0, "axis": "y", "origin": [3, 17, 8]},
			"faces": {
				"north": {"uv": [0, 0, 4, 16], "texture": "#0"},
				"east": {"uv": [12, 0, 16, 16], "texture": "#0"},
				"south": {"uv": [4, 0, 8, 16], "texture": "#0"},
				"west": {"uv": [8, 0, 12, 16], "texture": "#0"},
				"up": {"uv": [0, 0, 4, 16], "texture": "#0"},
				"down": {"uv": [0, 0, 4, 16], "texture": "#0"}
			}
		},
		{
			"name": "W Ridge R",
			"from": [5, 21, 6],
			"to": [6, 22, 7],
			"rotation": {"angle": 0, "axis": "y", "origin": [3, 17, 8]},
			"faces": {
				"north": {"uv": [0, 0, 4, 16], "texture": "#0"},
				"east": {"uv": [12, 0, 16, 16], "texture": "#0"},
				"south": {"uv": [4, 0, 8, 16], "texture": "#0"},
				"west": {"uv": [8, 0, 12, 16], "texture": "#0"},
				"up": {"uv": [0, 0, 4, 16], "texture": "#0"},
				"down": {"uv": [0, 0, 4, 16], "texture": "#0"}
			}
		}
	],
	"display": {
		"thirdperson_righthand": {
			"rotation": [32, 0, 0],
			"translation": [0, 1.25, 0],
			"scale": [0.3, 0.3, 0.3]
		},
		"thirdperson_lefthand": {
			"rotation": [32, 0, 0],
			"translation": [0, 1.25, 0],
			"scale": [0.3, 0.3, 0.3]
		},
		"firstperson_righthand": {
			"translation": [0, 1.75, 0],
			"scale": [0.5, 0.5, 0.5]
		},
		"firstperson_lefthand": {
			"translation": [0, 1.75, 0],
			"scale": [0.5, 0.5, 0.5]
		},
		"ground": {
			"scale": [0.4, 0.4, 0.4]
		},
		"gui": {
			"rotation": [30, 135, 0],
			"translation": [0.25, -1, 0],
			"scale": [0.5, 0.5, 0.5]
		},
		"head": {
			"translation": [0, 12, 0],
			"scale": [0.7, 0.7, 0.7]
		},
		"fixed": {
			"rotation": [-90, 0, 0],
			"translation": [0, 0, -12],
			"scale": [1.5, 1.5, 1.5]
		}
	},
	"groups": [
		{
			"name": "Foundation",
			"origin": [8, 8, 8],
			"children": [0, 1, 2, 3, 4, 5, 6]
		},
		{
			"name": "Slants",
			"origin": [8, 8, 8],
			"children": [
				{
					"name": "Base Slants",
					"origin": [8, 8, 8],
					"children": [7, 8, 9, 10, 11, 12, 13, 14, 15, 16, 17, 18]
				},
				{
					"name": "Lower Slants",
					"origin": [8, 8, 8],
					"children": [19, 20, 21, 22]
				},
				{
					"name": "Centre Slants",
					"origin": [8, 8, 8],
					"children": [23, 24, 25, 26, 27, 28, 29, 30]
				},
				{
					"name": "Upper Slants",
					"origin": [8, 8, 8],
					"children": [31, 32, 33, 34]
				},
				{
					"name": "Ridge Slants",
					"origin": [8, 8, 8],
					"children": [35, 36, 37, 38]
				}
			]
		},
		{
			"name": "Ridges",
			"origin": [8, 8, 8],
			"children": [39, 40, 41, 42, 43, 44, 45, 46]
		}
	]
}