{
	"credit": "Made with Blockbench",
	"textures": {
		"0": "hat/misc/cigarr"
	},
	"elements": [
		{
			"from": [7, 0, 4],
			"to": [9, 2, 12],
			"faces": {
				"north": {"uv": [0, 4, 4, 8], "rotation": 180, "texture": "#0"},
				"east": {"uv": [0, 0, 16, 4], "rotation": 180, "texture": "#0"},
				"south": {"uv": [12, 4, 16, 8], "rotation": 180, "texture": "#0"},
				"west": {"uv": [0, 0, 16, 4], "texture": "#0"},
				"up": {"uv": [0, 0, 16, 4], "rotation": 90, "texture": "#0"},
				"down": {"uv": [0, 0, 16, 4], "rotation": 270, "texture": "#0"}
			}
		}
	],
	"display": {
		"thirdperson_righthand": {
			"rotation": [90, 0, 0],
			"translation": [0, 0, 5],
			"scale": [0.8, 0.8, 0.8]
		},
		"thirdperson_lefthand": {
			"rotation": [90, 0, 0],
			"translation": [0, 0, 5],
			"scale": [0.8, 0.8, 0.8]
		},
		"firstperson_righthand": {
			"translation": [0, 4.5, 0]
		},
		"firstperson_lefthand": {
			"translation": [0, 4.5, 0]
		},
		"ground": {
			"translation": [0, 6.25, 0]
		},
		"gui": {
			"rotation": [30, -45, 0],
			"translation": [0, 5.5, 0]
		},
		"head": {
			"rotation": [22, 137, 0],
			"translation": [2.75, 2.5, -5.5]
		},
		"fixed": {
			"rotation": [28, 118, 0],
			"translation": [7, 34, 33],
			"scale": [3, 3, 3]
		}
	}
}