{
	"credit": "Made with Blockbench",
	"textures": {
		"0": "hat/misc/circle"
	},
	"elements": [
		{
			"from": [0, 0, 8],
			"to": [16, 16, 8],
			"faces": {
				"north": {"uv": [0, 0, 16, 16], "texture": "#0"}
			}
		}
	],
	"display": {
		"head": {
			"scale": [1.7, 1.7, 1.7],
			"translation": [0, 20.5, 0]
		},
		"thirdperson_righthand": {
			"scale": [0.8, 0.8, 0.8],
			"rotation": [0, 0, 0],
			"translation": [0, 0, 0]
		},
		"thirdperson_lefthand": {
			"scale": [0.8, 0.8, 0.8],
			"translation": [0, 0, 0]
		},
		"gui": {
			"rotation": [0, 180, 45],
			"translation": [0, 0, 0],
			"scale": [0.9, 0.9, 0.9]
		},
		"fixed": {
			"scale": [3.5, 3.5, 3.5],
			"rotation": [0, 0, 0],
			"translation": [0, 0, -2.5]
		},
		"firstperson_righthand": {
			"scale": [0.8, 0.8, 0.8]
		},
		"firstperson_lefthand": {
			"scale": [0.8, 0.8, 0.8]
		},
		"ground": {
			"rotation": [90, 0, 0]
		}
	}
}