{
	"credit": "Made with Blockbench",
	"textures": {
		"0": "block/glass",
		"1": "block/coal_block",
		"2": "block/brown_wool",
		"3": "block/iron_block",
		"particle": "block/glass"
	},
	"elements": [
		{
			"from": [4, 0, 4],
			"to": [12, 1, 14],
			"faces": {
				"north": {"uv": [0, 0, 8, 1], "texture": "#1"},
				"east": {"uv": [0, 0, 10, 1], "texture": "#1"},
				"south": {"uv": [0, 0, 8, 1], "texture": "#1"},
				"west": {"uv": [0, 0, 10, 1], "texture": "#1"},
				"up": {"uv": [0, 0, 8, 10], "texture": "#1"},
				"down": {"uv": [0, 0, 8, 10], "texture": "#1"}
			}
		},
		{
			"from": [4, 10, 4],
			"to": [12, 11, 14],
			"faces": {
				"north": {"uv": [0, 0, 8, 1], "texture": "#1"},
				"east": {"uv": [0, 0, 10, 1], "texture": "#1"},
				"south": {"uv": [0, 0, 8, 1], "texture": "#1"},
				"west": {"uv": [0, 0, 10, 1], "texture": "#1"},
				"up": {"uv": [0, 0, 8, 10], "texture": "#1"},
				"down": {"uv": [0, 0, 8, 10], "texture": "#1"}
			}
		},
		{
			"from": [4, 1, 12],
			"to": [12, 10, 14],
			"faces": {
				"north": {"uv": [0, 0, 8, 9], "texture": "#1"},
				"east": {"uv": [0, 0, 2, 9], "texture": "#1"},
				"south": {"uv": [0, 0, 8, 9], "texture": "#1"},
				"west": {"uv": [0, 0, 2, 9], "texture": "#1"},
				"up": {"uv": [0, 0, 8, 2], "texture": "#1"},
				"down": {"uv": [0, 0, 8, 2], "texture": "#1"}
			}
		},
		{
			"from": [7, 8, 7],
			"to": [9, 10, 9],
			"faces": {
				"north": {"uv": [4, 3, 6, 5], "texture": "#3"},
				"east": {"uv": [4, 3, 6, 5], "texture": "#3"},
				"south": {"uv": [4, 3, 6, 5], "texture": "#3"},
				"west": {"uv": [4, 3, 6, 5], "texture": "#3"},
				"up": {"uv": [0, 0, 2, 2], "texture": "#3"},
				"down": {"uv": [6, 7, 8, 9], "texture": "#3"}
			}
		},
		{
			"from": [10, 1, 6],
			"to": [11, 7, 10],
			"faces": {
				"north": {"uv": [0, 0, 1, 6], "texture": "#0"},
				"east": {"uv": [3, 0, 7, 6], "texture": "#0"},
				"south": {"uv": [0, 0, 1, 6], "texture": "#0"},
				"west": {"uv": [3, 0, 7, 6], "texture": "#0"},
				"up": {"uv": [0, 0, 1, 4], "texture": "#0"},
				"down": {"uv": [0, 0, 1, 4], "texture": "#0"}
			}
		},
		{
			"from": [6, 6, 6],
			"to": [10, 7, 10],
			"faces": {
				"north": {"uv": [0, 0, 4, 1], "texture": "#0"},
				"east": {"uv": [0, 0, 4, 1], "texture": "#0"},
				"south": {"uv": [0, 0, 4, 1], "texture": "#0"},
				"west": {"uv": [0, 0, 4, 1], "texture": "#0"},
				"up": {"uv": [2, 1, 6, 5], "texture": "#0"},
				"down": {"uv": [2, 1, 6, 5], "texture": "#0"}
			}
		},
		{
			"from": [6, 1, 5],
			"to": [10, 7, 6],
			"faces": {
				"north": {"uv": [3, 0, 7, 6], "texture": "#0"},
				"east": {"uv": [0, 0, 1, 6], "texture": "#0"},
				"south": {"uv": [3, 0, 7, 6], "texture": "#0"},
				"west": {"uv": [0, 0, 1, 6], "texture": "#0"},
				"up": {"uv": [0, 0, 1, 4], "texture": "#0"},
				"down": {"uv": [0, 0, 4, 1], "texture": "#0"}
			}
		},
		{
			"from": [5, 1, 6],
			"to": [6, 7, 10],
			"faces": {
				"north": {"uv": [0, 0, 1, 6], "texture": "#0"},
				"east": {"uv": [3, 0, 7, 6], "texture": "#0"},
				"south": {"uv": [0, 0, 1, 6], "texture": "#0"},
				"west": {"uv": [3, 0, 7, 6], "texture": "#0"},
				"up": {"uv": [0, 0, 1, 4], "texture": "#0"},
				"down": {"uv": [0, 0, 1, 4], "texture": "#0"}
			}
		},
		{
			"from": [6, 1, 10],
			"to": [10, 7, 11],
			"faces": {
				"north": {"uv": [3, 0, 7, 6], "texture": "#0"},
				"east": {"uv": [0, 0, 1, 6], "texture": "#0"},
				"south": {"uv": [3, 0, 7, 6], "texture": "#0"},
				"west": {"uv": [0, 0, 1, 6], "texture": "#0"},
				"up": {"uv": [0, 0, 1, 4], "texture": "#0"},
				"down": {"uv": [0, 0, 4, 1], "texture": "#0"}
			}
		},
		{
			"from": [6, 1, 6],
			"to": [10, 4, 10],
			"faces": {
				"north": {"uv": [0, 0, 4, 3], "texture": "#2"},
				"east": {"uv": [0, 0, 4, 3], "texture": "#2"},
				"south": {"uv": [0, 0, 4, 3], "texture": "#2"},
				"west": {"uv": [0, 0, 4, 3], "texture": "#2"},
				"up": {"uv": [0, 0, 4, 4], "texture": "#2"},
				"down": {"uv": [0, 0, 4, 4], "texture": "#2"}
			}
		}
	],
	"display": {
		"thirdperson_righthand": {
			"rotation": [63, 0, 0],
			"translation": [0, 5, 0]
		},
		"thirdperson_lefthand": {
			"rotation": [63, 0, 0],
			"translation": [0, 5, 0]
		},
		"ground": {
			"translation": [0, 3, 0],
			"scale": [0.8, 0.8, 0.8]
		},
		"gui": {
			"rotation": [30, 135, 0],
			"translation": [-0.5, 2, 0],
			"scale": [0.95, 0.95, 0.95]
		},
		"head": {
			"rotation": [-1, 0, 0],
			"translation": [0, 14.5, -1]
		},
		"fixed": {
			"translation": [0, 2, -2.75],
			"scale": [1, 1, 0.48]
		}
	},
	"groups": [0, 1, 2, 3,
		{
			"name": "group",
			"origin": [8, 8, 8],
			"children": [4, 5, 6, 7, 8, 9]
		}
	]
}