{
	"credit": "Made with Blockbench",
	"textures": {
		"0": "hat/misc/creeper"
	},
	"elements": [
		{
			"name": "foot",
			"from": [5.9, 0, 5.5],
			"to": [7.9, 3, 7.5],
			"faces": {
				"north": {"uv": [2, 10, 4, 13], "texture": "#0"},
				"east": {"uv": [0, 10, 2, 13], "texture": "#0"},
				"south": {"uv": [2, 13, 4, 16], "texture": "#0"},
				"west": {"uv": [0, 13, 2, 16], "texture": "#0"},
				"up": {"uv": [0, 8, 2, 10], "texture": "#0"},
				"down": {"uv": [2, 8, 4, 10], "rotation": 90, "texture": "#0"}
			}
		},
		{
			"name": "foot",
			"from": [8.1, 0, 8.5],
			"to": [10.1, 3, 10.5],
			"faces": {
				"north": {"uv": [4, 10, 2, 13], "texture": "#0"},
				"east": {"uv": [0, 10, 2, 13], "texture": "#0"},
				"south": {"uv": [4, 13, 2, 16], "texture": "#0"},
				"west": {"uv": [0, 13, 2, 16], "texture": "#0"},
				"up": {"uv": [0, 8, 2, 10], "texture": "#0"},
				"down": {"uv": [2, 8, 4, 10], "texture": "#0"}
			}
		},
		{
			"name": "foot",
			"from": [5.9, 0, 8.5],
			"to": [7.9, 3, 10.5],
			"faces": {
				"north": {"uv": [2, 10, 4, 13], "texture": "#0"},
				"east": {"uv": [0, 10, 2, 13], "texture": "#0"},
				"south": {"uv": [2, 13, 4, 16], "texture": "#0"},
				"west": {"uv": [0, 13, 2, 16], "texture": "#0"},
				"up": {"uv": [0, 8, 2, 10], "texture": "#0"},
				"down": {"uv": [2, 8, 4, 10], "rotation": 90, "texture": "#0"}
			}
		},
		{
			"name": "foot",
			"from": [8.1, 0, 5.5],
			"to": [10.1, 3, 7.5],
			"faces": {
				"north": {"uv": [4, 10, 2, 13], "texture": "#0"},
				"east": {"uv": [0, 10, 2, 13], "texture": "#0"},
				"south": {"uv": [4, 13, 2, 16], "texture": "#0"},
				"west": {"uv": [0, 13, 2, 16], "texture": "#0"},
				"up": {"uv": [0, 8, 2, 10], "texture": "#0"},
				"down": {"uv": [2, 8, 4, 10], "texture": "#0"}
			}
		},
		{
			"name": "body",
			"from": [6, 8, 6],
			"to": [10, 12, 10],
			"faces": {
				"north": {"uv": [4, 4, 8, 8], "texture": "#0"},
				"east": {"uv": [0, 4, 4, 8], "texture": "#0"},
				"south": {"uv": [12, 4, 16, 8], "texture": "#0"},
				"west": {"uv": [8, 4, 12, 8], "texture": "#0"},
				"up": {"uv": [4, 0, 8, 4], "texture": "#0"},
				"down": {"uv": [8, 0, 12, 4], "texture": "#0"}
			}
		},
		{
			"name": "body",
			"from": [6, 2, 7],
			"to": [10, 8, 9],
			"faces": {
				"north": {"uv": [6, 10, 10, 16], "texture": "#0"},
				"east": {"uv": [4, 10, 6, 16], "texture": "#0"},
				"south": {"uv": [12, 10, 16, 16], "texture": "#0"},
				"west": {"uv": [10, 10, 12, 16], "texture": "#0"},
				"up": {"uv": [6, 8, 10, 10], "texture": "#0"},
				"down": {"uv": [10, 8, 14, 10], "texture": "#0"}
			}
		}
	],
	"display": {
		"head": {
			"scale": [1.9, 1.9, 1.9],
			"translation": [0, 21.5, 0]
		},
		"fixed": {
			"rotation": [-90, 0, 0],
			"scale": [1.5, 1.5, 1.5],
			"translation": [0, 0, -11.5]
		},
		"gui": {
			"rotation": [30, 135, 0],
			"translation": [0, 2, 0],
			"scale": [1.1, 1.1, 1.1]
		},
		"thirdperson_righthand": {
			"scale": [0.6, 0.6, 0.6],
			"rotation": [82, 0, 0],
			"translation": [0, 0, 3.5]
		},
		"thirdperson_lefthand": {
			"scale": [0.6, 0.6, 0.6],
			"rotation": [82, 0, 0],
			"translation": [0, 0, 3.5]
		},
		"ground": {
			"translation": [0, 3.5, 0]
		}
	}
}