{
	"credit": "Made with Blockbench",
	"textures": {
		"0": "hat/misc/crocodile"
	},
	"elements": [
		{
			"name": "Cube",
			"from": [3, 2, 0],
			"to": [13, 6, 16],
			"faces": {
				"north": {"uv": [0, 7, 10, 11], "texture": "#0"},
				"east": {"uv": [0, 7, 16, 11], "texture": "#0"},
				"south": {"uv": [0, 7, 10, 11], "texture": "#0"},
				"west": {"uv": [0, 7, 16, 11], "texture": "#0"},
				"up": {"uv": [0, 0, 9, 10], "texture": "#0"},
				"down": {"uv": [2, 11, 5, 14], "texture": "#0"}
			}
		},
		{
			"name": "Cube",
			"from": [4, 2, -5],
			"to": [12, 5, 0],
			"faces": {
				"north": {"uv": [0, 8, 8, 11], "texture": "#0"},
				"east": {"uv": [0, 8, 5, 11], "texture": "#0"},
				"south": {"uv": [0, 7, 10, 11], "texture": "#0"},
				"west": {"uv": [0, 8, 5, 11], "texture": "#0"},
				"up": {"uv": [0, 0, 9, 10], "texture": "#0"},
				"down": {"uv": [2, 11, 5, 14], "texture": "#0"}
			}
		},
		{
			"name": "Cube",
			"from": [5, 2, -10],
			"to": [11, 4, -5],
			"faces": {
				"north": {"uv": [0, 9, 6, 11], "texture": "#0"},
				"east": {"uv": [0, 9, 5, 11], "texture": "#0"},
				"south": {"uv": [0, 7, 10, 11], "texture": "#0"},
				"west": {"uv": [0, 9, 5, 11], "texture": "#0"},
				"up": {"uv": [0, 0, 9, 10], "texture": "#0"},
				"down": {"uv": [2, 11, 5, 14], "texture": "#0"}
			}
		},
		{
			"name": "Cube",
			"from": [6, 2, -16],
			"to": [10, 3, -10],
			"faces": {
				"north": {"uv": [0, 10, 4, 11], "texture": "#0"},
				"east": {"uv": [0, 10, 7, 11], "texture": "#0"},
				"south": {"uv": [0, 7, 10, 11], "texture": "#0"},
				"west": {"uv": [0, 10, 6, 11], "texture": "#0"},
				"up": {"uv": [0, 0, 9, 10], "texture": "#0"},
				"down": {"uv": [2, 11, 5, 14], "texture": "#0"}
			}
		},
		{
			"name": "Cube",
			"from": [4, 2, 16],
			"to": [12, 7, 22],
			"faces": {
				"north": {"uv": [0, 5, 8, 10], "texture": "#0"},
				"east": {"uv": [10.5, 14, 13, 16], "texture": "#0"},
				"south": {"uv": [0, 7, 10, 11], "texture": "#0"},
				"west": {"uv": [10, 14, 12, 16], "texture": "#0"},
				"up": {"uv": [0, 0, 9, 10], "texture": "#0"},
				"down": {"uv": [2, 11, 5, 14], "texture": "#0"}
			}
		},
		{
			"name": "Cube",
			"from": [5, 3, 22],
			"to": [11, 5, 27],
			"faces": {
				"north": {"uv": [0, 5, 6, 7], "texture": "#0"},
				"east": {"uv": [0, 8, 3, 11], "texture": "#0"},
				"south": {"uv": [0, 7, 4, 11], "texture": "#0"},
				"west": {"uv": [0, 8, 3, 11], "texture": "#0"},
				"up": {"uv": [15, 15, 16, 16], "texture": "#0"},
				"down": {"uv": [2, 11, 5, 14], "texture": "#0"}
			}
		},
		{
			"name": "Cube",
			"from": [6, 3, 27],
			"to": [10, 5, 32],
			"faces": {
				"north": {"uv": [0, 5, 4, 7], "texture": "#0"},
				"east": {"uv": [0, 8, 3, 11], "texture": "#0"},
				"south": {"uv": [0, 7, 4, 11], "texture": "#0"},
				"west": {"uv": [0, 8, 3, 11], "texture": "#0"},
				"up": {"uv": [15, 15, 16, 16], "texture": "#0"},
				"down": {"uv": [2, 11, 5, 14], "texture": "#0"}
			}
		},
		{
			"name": "Cube",
			"from": [5, 5, 21],
			"to": [11, 7, 27],
			"rotation": {"angle": -22.5, "axis": "x", "origin": [8, 7, 22]},
			"faces": {
				"north": {"uv": [0, 5, 6, 7], "texture": "#0"},
				"east": {"uv": [0, 7, 3, 10], "texture": "#0"},
				"south": {"uv": [0, 6, 4, 10], "texture": "#0"},
				"west": {"uv": [0, 6, 3, 9], "texture": "#0"},
				"up": {"uv": [0, 0, 8, 10], "texture": "#0"},
				"down": {"uv": [15, 15, 16, 16], "texture": "#0"}
			}
		},
		{
			"name": "Cube",
			"from": [6, 7, 27],
			"to": [10, 9, 32],
			"rotation": {"angle": -22.5, "axis": "x", "origin": [8, 8, 27]},
			"faces": {
				"north": {"uv": [0, 5, 4, 7], "texture": "#0"},
				"east": {"uv": [0, 5, 3, 8], "texture": "#0"},
				"south": {"uv": [0, 5, 4, 9], "texture": "#0"},
				"west": {"uv": [0, 6, 3, 9], "texture": "#0"},
				"up": {"uv": [0, 0, 9, 10], "texture": "#0"},
				"down": {"uv": [15, 15, 16, 16], "texture": "#0"}
			}
		},
		{
			"name": "Cube",
			"from": [5, 5, 26],
			"to": [5, 6, 27],
			"faces": {
				"north": {"uv": [1, 15, 1, 16], "texture": "#0"},
				"east": {"uv": [0, 15, 3, 16], "texture": "#0"},
				"south": {"uv": [3, 15, 3, 16], "texture": "#0"},
				"west": {"uv": [0, 15, 3, 16], "texture": "#0"},
				"up": {"uv": [2, 15, 2, 16], "texture": "#0"},
				"down": {"uv": [2, 15, 2, 16], "texture": "#0"}
			}
		},
		{
			"name": "Cube",
			"from": [6, 5, 28],
			"to": [6, 6, 29],
			"faces": {
				"north": {"uv": [1, 15, 1, 16], "texture": "#0"},
				"east": {"uv": [0, 15, 3, 16], "texture": "#0"},
				"south": {"uv": [3, 15, 3, 16], "texture": "#0"},
				"west": {"uv": [0, 15, 3, 16], "texture": "#0"},
				"up": {"uv": [2, 15, 2, 16], "texture": "#0"},
				"down": {"uv": [2, 15, 2, 16], "texture": "#0"}
			}
		},
		{
			"name": "Cube",
			"from": [6, 5, 30],
			"to": [6, 6, 31],
			"faces": {
				"north": {"uv": [1, 15, 1, 16], "texture": "#0"},
				"east": {"uv": [0, 15, 3, 16], "texture": "#0"},
				"south": {"uv": [3, 15, 3, 16], "texture": "#0"},
				"west": {"uv": [0, 15, 3, 16], "texture": "#0"},
				"up": {"uv": [2, 15, 2, 16], "texture": "#0"},
				"down": {"uv": [2, 15, 2, 16], "texture": "#0"}
			}
		},
		{
			"name": "Cube",
			"from": [9, 5, 32],
			"to": [10, 6, 32],
			"faces": {
				"north": {"uv": [1, 15, 2, 16], "texture": "#0"},
				"east": {"uv": [0, 15, 3, 16], "texture": "#0"},
				"south": {"uv": [2, 15, 3, 16], "texture": "#0"},
				"west": {"uv": [0, 15, 3, 16], "texture": "#0"},
				"up": {"uv": [2, 15, 2, 16], "texture": "#0"},
				"down": {"uv": [2, 15, 2, 16], "texture": "#0"}
			}
		},
		{
			"name": "Cube",
			"from": [6, 5, 32],
			"to": [7, 6, 32],
			"faces": {
				"north": {"uv": [1, 15, 2, 16], "texture": "#0"},
				"east": {"uv": [0, 15, 3, 16], "texture": "#0"},
				"south": {"uv": [2, 15, 3, 16], "texture": "#0"},
				"west": {"uv": [0, 15, 3, 16], "texture": "#0"},
				"up": {"uv": [2, 15, 2, 16], "texture": "#0"},
				"down": {"uv": [2, 15, 2, 16], "texture": "#0"}
			}
		},
		{
			"name": "Cube",
			"from": [11, 5, 26],
			"to": [11, 6, 27],
			"faces": {
				"north": {"uv": [1, 15, 1, 16], "texture": "#0"},
				"east": {"uv": [0, 15, 3, 16], "texture": "#0"},
				"south": {"uv": [3, 15, 3, 16], "texture": "#0"},
				"west": {"uv": [0, 15, 3, 16], "texture": "#0"},
				"up": {"uv": [2, 15, 2, 16], "texture": "#0"},
				"down": {"uv": [2, 15, 2, 16], "texture": "#0"}
			}
		},
		{
			"name": "Cube",
			"from": [10, 5, 30],
			"to": [10, 6, 31],
			"faces": {
				"north": {"uv": [1, 15, 1, 16], "texture": "#0"},
				"east": {"uv": [0, 15, 3, 16], "texture": "#0"},
				"south": {"uv": [3, 15, 3, 16], "texture": "#0"},
				"west": {"uv": [0, 15, 3, 16], "texture": "#0"},
				"up": {"uv": [2, 15, 2, 16], "texture": "#0"},
				"down": {"uv": [2, 15, 2, 16], "texture": "#0"}
			}
		},
		{
			"name": "Cube",
			"from": [10, 5, 28],
			"to": [10, 6, 29],
			"faces": {
				"north": {"uv": [1, 15, 1, 16], "texture": "#0"},
				"east": {"uv": [0, 15, 3, 16], "texture": "#0"},
				"south": {"uv": [3, 15, 3, 16], "texture": "#0"},
				"west": {"uv": [0, 15, 3, 16], "texture": "#0"},
				"up": {"uv": [2, 15, 2, 16], "texture": "#0"},
				"down": {"uv": [2, 15, 2, 16], "texture": "#0"}
			}
		},
		{
			"name": "Cube",
			"from": [9, 8, 32],
			"to": [10, 9, 32],
			"faces": {
				"north": {"uv": [1, 15, 2, 16], "texture": "#0"},
				"east": {"uv": [0, 15, 3, 16], "texture": "#0"},
				"south": {"uv": [2, 15, 3, 16], "texture": "#0"},
				"west": {"uv": [0, 15, 3, 16], "texture": "#0"},
				"up": {"uv": [2, 15, 2, 16], "texture": "#0"},
				"down": {"uv": [2, 15, 2, 16], "texture": "#0"}
			}
		},
		{
			"name": "Cube",
			"from": [6, 8, 32],
			"to": [7, 9, 32],
			"faces": {
				"north": {"uv": [1, 15, 2, 16], "texture": "#0"},
				"east": {"uv": [0, 15, 3, 16], "texture": "#0"},
				"south": {"uv": [2, 15, 3, 16], "texture": "#0"},
				"west": {"uv": [0, 15, 3, 16], "texture": "#0"},
				"up": {"uv": [2, 15, 2, 16], "texture": "#0"},
				"down": {"uv": [2, 15, 2, 16], "texture": "#0"}
			}
		},
		{
			"name": "Cube",
			"from": [6, 7, 30],
			"to": [6, 8, 31],
			"rotation": {"angle": -22.5, "axis": "x", "origin": [8, 8, 30]},
			"faces": {
				"north": {"uv": [1, 15, 1, 16], "texture": "#0"},
				"east": {"uv": [0, 15, 3, 16], "texture": "#0"},
				"south": {"uv": [3, 15, 3, 16], "texture": "#0"},
				"west": {"uv": [0, 15, 3, 16], "texture": "#0"},
				"up": {"uv": [2, 15, 2, 16], "texture": "#0"},
				"down": {"uv": [2, 15, 2, 16], "texture": "#0"}
			}
		},
		{
			"name": "Cube",
			"from": [10, 7, 30],
			"to": [10, 8, 31],
			"rotation": {"angle": -22.5, "axis": "x", "origin": [8, 8, 30]},
			"faces": {
				"north": {"uv": [1, 15, 1, 16], "texture": "#0"},
				"east": {"uv": [0, 15, 3, 16], "texture": "#0"},
				"south": {"uv": [3, 15, 3, 16], "texture": "#0"},
				"west": {"uv": [0, 15, 3, 16], "texture": "#0"},
				"up": {"uv": [2, 15, 2, 16], "texture": "#0"},
				"down": {"uv": [2, 15, 2, 16], "texture": "#0"}
			}
		},
		{
			"name": "Cube",
			"from": [2, 1, 1],
			"to": [4, 5, 3],
			"faces": {
				"north": {"uv": [0, 7, 2, 11], "texture": "#0"},
				"east": {"uv": [0, 7, 2, 11], "texture": "#0"},
				"south": {"uv": [0, 7, 2, 11], "texture": "#0"},
				"west": {"uv": [0, 7, 2, 11], "texture": "#0"},
				"up": {"uv": [2, 6, 4, 8], "texture": "#0"},
				"down": {"uv": [1, 11, 3, 13], "texture": "#0"}
			}
		},
		{
			"name": "Cube",
			"from": [12, 1, 1],
			"to": [14, 5, 3],
			"faces": {
				"north": {"uv": [0, 7, 2, 11], "texture": "#0"},
				"east": {"uv": [0, 7, 2, 11], "texture": "#0"},
				"south": {"uv": [0, 7, 2, 11], "texture": "#0"},
				"west": {"uv": [0, 7, 2, 11], "texture": "#0"},
				"up": {"uv": [2, 6, 4, 8], "texture": "#0"},
				"down": {"uv": [1, 11, 3, 13], "texture": "#0"}
			}
		},
		{
			"name": "Cube",
			"from": [12, 1, 12],
			"to": [14, 5, 14],
			"faces": {
				"north": {"uv": [0, 7, 2, 11], "texture": "#0"},
				"east": {"uv": [0, 7, 2, 11], "texture": "#0"},
				"south": {"uv": [0, 7, 2, 11], "texture": "#0"},
				"west": {"uv": [0, 7, 2, 11], "texture": "#0"},
				"up": {"uv": [2, 6, 4, 8], "texture": "#0"},
				"down": {"uv": [1, 11, 3, 13], "texture": "#0"}
			}
		},
		{
			"name": "Cube",
			"from": [2, 1, 12],
			"to": [4, 5, 14],
			"faces": {
				"north": {"uv": [0, 7, 2, 11], "texture": "#0"},
				"east": {"uv": [0, 7, 2, 11], "texture": "#0"},
				"south": {"uv": [0, 7, 2, 11], "texture": "#0"},
				"west": {"uv": [0, 7, 2, 11], "texture": "#0"},
				"up": {"uv": [2, 6, 4, 8], "texture": "#0"},
				"down": {"uv": [1, 11, 3, 13], "texture": "#0"}
			}
		},
		{
			"name": "Cube",
			"from": [2, 0, 1],
			"to": [4, 1, 4],
			"faces": {
				"north": {"uv": [0, 11, 2, 12], "texture": "#0"},
				"east": {"uv": [0, 11, 3, 12], "texture": "#0"},
				"south": {"uv": [1, 11, -12, 13], "texture": "#0"},
				"west": {"uv": [0, 11, 3, 12], "texture": "#0"},
				"up": {"uv": [1, 11, 3, 14], "texture": "#0"},
				"down": {"uv": [1, 11, 3, 14], "texture": "#0"}
			}
		},
		{
			"name": "Cube",
			"from": [12, 0, 1],
			"to": [14, 1, 4],
			"faces": {
				"north": {"uv": [0, 11, 2, 12], "texture": "#0"},
				"east": {"uv": [0, 11, 3, 12], "texture": "#0"},
				"south": {"uv": [1, 11, -12, 13], "texture": "#0"},
				"west": {"uv": [0, 11, 3, 12], "texture": "#0"},
				"up": {"uv": [1, 11, 3, 14], "texture": "#0"},
				"down": {"uv": [1, 11, 3, 14], "texture": "#0"}
			}
		},
		{
			"name": "Cube",
			"from": [12, 0, 12],
			"to": [14, 1, 15],
			"faces": {
				"north": {"uv": [0, 11, 2, 12], "texture": "#0"},
				"east": {"uv": [0, 11, 3, 12], "texture": "#0"},
				"south": {"uv": [1, 11, -12, 13], "texture": "#0"},
				"west": {"uv": [0, 11, 3, 12], "texture": "#0"},
				"up": {"uv": [1, 11, 3, 14], "texture": "#0"},
				"down": {"uv": [1, 11, 3, 14], "texture": "#0"}
			}
		},
		{
			"name": "Cube",
			"from": [2, 0, 12],
			"to": [4, 1, 15],
			"faces": {
				"north": {"uv": [0, 11, 2, 12], "texture": "#0"},
				"east": {"uv": [0, 11, 3, 12], "texture": "#0"},
				"south": {"uv": [1, 11, -12, 13], "texture": "#0"},
				"west": {"uv": [0, 11, 3, 12], "texture": "#0"},
				"up": {"uv": [1, 11, 3, 14], "texture": "#0"},
				"down": {"uv": [1, 11, 3, 14], "texture": "#0"}
			}
		}
	],
	"display": {
		"ground": {
			"translation": [0, 1, 0],
			"scale": [0.5, 0.5, 0.5]
		},
		"gui": {
			"rotation": [30, -35, 0],
			"translation": [0, 1.5, 0],
			"scale": [0.5, 0.5, 0.5]
		},
		"head": {
			"rotation": [0, -180, 0],
			"translation": [0, 11.25, 0]
		},
		"fixed": {
			"rotation": [-90, 0, 0],
			"translation": [0, 0, -12],
			"scale": [1.5, 1.5, 1.5]
		}
	}
}