{
	"credit": "Made with Blockbench",
	"textures": {
		"1": "hat/misc/discord_ping",
		"particle": "hat/misc/discord_ping"
	},
	"elements": [
		{
			"name": "discord_ping_0",
			"from": [5, 0, 0],
			"to": [11, 0.5, 16],
			"faces": {
				"north": {"uv": [11, 0, 5, 0.5], "texture": "#1"},
				"east": {"uv": [10.5, 0, 11, 16], "rotation": 90, "texture": "#1"},
				"south": {"uv": [5, 15.5, 11, 16], "texture": "#1"},
				"west": {"uv": [5, 0, 5.5, 16], "rotation": 270, "texture": "#1"},
				"up": {"uv": [5, 0, 11, 16], "texture": "#1"},
				"down": {"uv": [11, 16, 5, 0], "texture": "#1"}
			}
		},
		{
			"name": "discord_ping_1",
			"from": [4, 0, 0.5],
			"to": [5, 0.5, 15.5],
			"faces": {
				"north": {"uv": [5, 0.5, 4, 1], "texture": "#1"},
				"east": {"uv": [4.5, 0.5, 5, 15.5], "rotation": 90, "texture": "#1"},
				"south": {"uv": [4, 15, 5, 15.5], "texture": "#1"},
				"west": {"uv": [4, 0.5, 4.5, 15.5], "rotation": 270, "texture": "#1"},
				"up": {"uv": [4, 0.5, 5, 15.5], "texture": "#1"},
				"down": {"uv": [4, 15.5, 5, 0.5], "texture": "#1"}
			}
		},
		{
			"name": "discord_ping_2",
			"from": [11, 0, 0.5],
			"to": [12, 0.5, 15.5],
			"faces": {
				"north": {"uv": [12, 0.5, 11, 1], "texture": "#1"},
				"east": {"uv": [11.5, 0.5, 12, 15.5], "rotation": 90, "texture": "#1"},
				"south": {"uv": [11, 15, 12, 15.5], "texture": "#1"},
				"west": {"uv": [11, 0.5, 11.5, 15.5], "rotation": 270, "texture": "#1"},
				"up": {"uv": [11, 0.5, 12, 15.5], "texture": "#1"},
				"down": {"uv": [11, 15.5, 12, 0.5], "texture": "#1"}
			}
		},
		{
			"name": "discord_ping_3",
			"from": [3.5, 0, 1],
			"to": [4, 0.5, 15],
			"faces": {
				"north": {"uv": [4, 1, 3.5, 1.5], "texture": "#1"},
				"east": {"uv": [3.5, 1, 4, 15], "rotation": 90, "texture": "#1"},
				"south": {"uv": [3.5, 14.5, 4, 15], "texture": "#1"},
				"west": {"uv": [3.5, 1, 4, 15], "rotation": 270, "texture": "#1"},
				"up": {"uv": [3.5, 1, 4, 15], "texture": "#1"},
				"down": {"uv": [3.5, 15, 4, 1], "texture": "#1"}
			}
		},
		{
			"name": "discord_ping_4",
			"from": [12, 0, 1],
			"to": [12.5, 0.5, 15],
			"faces": {
				"north": {"uv": [12.5, 1, 12, 1.5], "texture": "#1"},
				"east": {"uv": [12, 1, 12.5, 15], "rotation": 90, "texture": "#1"},
				"south": {"uv": [12, 14.5, 12.5, 15], "texture": "#1"},
				"west": {"uv": [12, 1, 12.5, 15], "rotation": 270, "texture": "#1"},
				"up": {"uv": [12, 1, 12.5, 15], "texture": "#1"},
				"down": {"uv": [12, 15, 12.5, 1], "texture": "#1"}
			}
		},
		{
			"name": "discord_ping_5",
			"from": [2.5, 0, 1.5],
			"to": [3.5, 0.5, 14.5],
			"faces": {
				"north": {"uv": [3.5, 1.5, 2.5, 2], "texture": "#1"},
				"east": {"uv": [3, 1.5, 3.5, 14.5], "rotation": 90, "texture": "#1"},
				"south": {"uv": [2.5, 14, 3.5, 14.5], "texture": "#1"},
				"west": {"uv": [2.5, 1.5, 3, 14.5], "rotation": 270, "texture": "#1"},
				"up": {"uv": [2.5, 1.5, 3.5, 14.5], "texture": "#1"},
				"down": {"uv": [2.5, 14.5, 3.5, 1.5], "texture": "#1"}
			}
		},
		{
			"name": "discord_ping_6",
			"from": [12.5, 0, 1.5],
			"to": [13.5, 0.5, 14.5],
			"faces": {
				"north": {"uv": [13.5, 1.5, 12.5, 2], "texture": "#1"},
				"east": {"uv": [13, 1.5, 13.5, 14.5], "rotation": 90, "texture": "#1"},
				"south": {"uv": [12.5, 14, 13.5, 14.5], "texture": "#1"},
				"west": {"uv": [12.5, 1.5, 13, 14.5], "rotation": 270, "texture": "#1"},
				"up": {"uv": [12.5, 1.5, 13.5, 14.5], "texture": "#1"},
				"down": {"uv": [12.5, 14.5, 13.5, 1.5], "texture": "#1"}
			}
		},
		{
			"name": "discord_ping_7",
			"from": [2, 0, 2],
			"to": [2.5, 0.5, 14],
			"faces": {
				"north": {"uv": [2.5, 2, 2, 2.5], "texture": "#1"},
				"east": {"uv": [2, 2, 2.5, 14], "rotation": 90, "texture": "#1"},
				"south": {"uv": [2, 13.5, 2.5, 14], "texture": "#1"},
				"west": {"uv": [2, 2, 2.5, 14], "rotation": 270, "texture": "#1"},
				"up": {"uv": [2, 2, 2.5, 14], "texture": "#1"},
				"down": {"uv": [2, 14, 2.5, 2], "texture": "#1"}
			}
		},
		{
			"name": "discord_ping_8",
			"from": [13.5, 0, 2],
			"to": [14, 0.5, 14],
			"faces": {
				"north": {"uv": [14, 2, 13.5, 2.5], "texture": "#1"},
				"east": {"uv": [13.5, 2, 14, 14], "rotation": 90, "texture": "#1"},
				"south": {"uv": [13.5, 13.5, 14, 14], "texture": "#1"},
				"west": {"uv": [13.5, 2, 14, 14], "rotation": 270, "texture": "#1"},
				"up": {"uv": [13.5, 2, 14, 14], "texture": "#1"},
				"down": {"uv": [13.5, 14, 14, 2], "texture": "#1"}
			}
		},
		{
			"name": "discord_ping_9",
			"from": [1.5, 0, 2.5],
			"to": [2, 0.5, 13.5],
			"faces": {
				"north": {"uv": [2, 2.5, 1.5, 3], "texture": "#1"},
				"east": {"uv": [1.5, 2.5, 2, 13.5], "rotation": 90, "texture": "#1"},
				"south": {"uv": [1.5, 13, 2, 13.5], "texture": "#1"},
				"west": {"uv": [1.5, 2.5, 2, 13.5], "rotation": 270, "texture": "#1"},
				"up": {"uv": [1.5, 2.5, 2, 13.5], "texture": "#1"},
				"down": {"uv": [1.5, 13.5, 2, 2.5], "texture": "#1"}
			}
		},
		{
			"name": "discord_ping_10",
			"from": [14, 0, 2.5],
			"to": [14.5, 0.5, 13.5],
			"faces": {
				"north": {"uv": [14.5, 2.5, 14, 3], "texture": "#1"},
				"east": {"uv": [14, 2.5, 14.5, 13.5], "rotation": 90, "texture": "#1"},
				"south": {"uv": [14, 13, 14.5, 13.5], "texture": "#1"},
				"west": {"uv": [14, 2.5, 14.5, 13.5], "rotation": 270, "texture": "#1"},
				"up": {"uv": [14, 2.5, 14.5, 13.5], "texture": "#1"},
				"down": {"uv": [14, 13.5, 14.5, 2.5], "texture": "#1"}
			}
		},
		{
			"name": "discord_ping_11",
			"from": [1, 0, 3.5],
			"to": [1.5, 0.5, 12.5],
			"faces": {
				"north": {"uv": [1.5, 3.5, 1, 4], "texture": "#1"},
				"east": {"uv": [1, 3.5, 1.5, 12.5], "rotation": 90, "texture": "#1"},
				"south": {"uv": [1, 12, 1.5, 12.5], "texture": "#1"},
				"west": {"uv": [1, 3.5, 1.5, 12.5], "rotation": 270, "texture": "#1"},
				"up": {"uv": [1, 3.5, 1.5, 12.5], "texture": "#1"},
				"down": {"uv": [1, 12.5, 1.5, 3.5], "texture": "#1"}
			}
		},
		{
			"name": "discord_ping_12",
			"from": [14.5, 0, 3.5],
			"to": [15, 0.5, 12.5],
			"faces": {
				"north": {"uv": [15, 3.5, 14.5, 4], "texture": "#1"},
				"east": {"uv": [14.5, 3.5, 15, 12.5], "rotation": 90, "texture": "#1"},
				"south": {"uv": [14.5, 12, 15, 12.5], "texture": "#1"},
				"west": {"uv": [14.5, 3.5, 15, 12.5], "rotation": 270, "texture": "#1"},
				"up": {"uv": [14.5, 3.5, 15, 12.5], "texture": "#1"},
				"down": {"uv": [14.5, 12.5, 15, 3.5], "texture": "#1"}
			}
		},
		{
			"name": "discord_ping_13",
			"from": [0.5, 0, 4],
			"to": [1, 0.5, 12],
			"faces": {
				"north": {"uv": [1, 4, 0.5, 4.5], "texture": "#1"},
				"east": {"uv": [0.5, 4, 1, 12], "rotation": 90, "texture": "#1"},
				"south": {"uv": [0.5, 11.5, 1, 12], "texture": "#1"},
				"west": {"uv": [0.5, 4, 1, 12], "rotation": 270, "texture": "#1"},
				"up": {"uv": [0.5, 4, 1, 12], "texture": "#1"},
				"down": {"uv": [0.5, 12, 1, 4], "texture": "#1"}
			}
		},
		{
			"name": "discord_ping_14",
			"from": [15, 0, 4],
			"to": [15.5, 0.5, 12],
			"faces": {
				"north": {"uv": [15.5, 4, 15, 4.5], "texture": "#1"},
				"east": {"uv": [15, 4, 15.5, 12], "rotation": 90, "texture": "#1"},
				"south": {"uv": [15, 11.5, 15.5, 12], "texture": "#1"},
				"west": {"uv": [15, 4, 15.5, 12], "rotation": 270, "texture": "#1"},
				"up": {"uv": [15, 4, 15.5, 12], "texture": "#1"},
				"down": {"uv": [15, 12, 15.5, 4], "texture": "#1"}
			}
		},
		{
			"name": "discord_ping_15",
			"from": [0, 0, 5],
			"to": [0.5, 0.5, 11],
			"faces": {
				"north": {"uv": [0.5, 5, 0, 5.5], "texture": "#1"},
				"east": {"uv": [0, 5, 0.5, 11], "rotation": 90, "texture": "#1"},
				"south": {"uv": [0, 10.5, 0.5, 11], "texture": "#1"},
				"west": {"uv": [0, 5, 0.5, 11], "rotation": 270, "texture": "#1"},
				"up": {"uv": [0, 5, 0.5, 11], "texture": "#1"},
				"down": {"uv": [0, 11, 0.5, 5], "texture": "#1"}
			}
		},
		{
			"name": "discord_ping_16",
			"from": [15.5, 0, 5],
			"to": [16, 0.5, 11],
			"faces": {
				"north": {"uv": [16, 5, 15.5, 5.5], "texture": "#1"},
				"east": {"uv": [15.5, 5, 16, 11], "rotation": 90, "texture": "#1"},
				"south": {"uv": [15.5, 10.5, 16, 11], "texture": "#1"},
				"west": {"uv": [15.5, 5, 16, 11], "rotation": 270, "texture": "#1"},
				"up": {"uv": [15.5, 5, 16, 11], "texture": "#1"},
				"down": {"uv": [15.5, 11, 16, 5], "texture": "#1"}
			}
		}
	],
	"display": {
		"thirdperson_righthand": {
			"rotation": [82, 0, 0],
			"translation": [0, 0, 3.5],
			"scale": [0.4, 0.4, 0.4]
		},
		"thirdperson_lefthand": {
			"rotation": [82, 0, 0],
			"translation": [0, 0, 3.5],
			"scale": [0.4, 0.4, 0.4]
		},
		"firstperson_righthand": {
			"rotation": [82, 0, 0],
			"translation": [0, 0, 3.5],
			"scale": [0.4, 0.4, 0.4]
		},
		"firstperson_lefthand": {
			"rotation": [82, 0, 0],
			"translation": [0, 0, 3.5],
			"scale": [0.4, 0.4, 0.4]
		},
		"ground": {
			"translation": [0, 3.5, 0]
		},
		"gui": {
			"rotation": [90, 0, 0]
		},
		"head": {
			"rotation": [90, 0, 0],
			"translation": [0, 13, 8.25]
		},
		"fixed": {
			"rotation": [-90, 0, 0],
			"translation": [0, 0, -31.25],
			"scale": [1, 4, 1]
		}
	},
	"groups": [
		{
			"name": "discord_ping",
			"children": [0, 1, 2, 3, 4, 5, 6, 7, 8, 9, 10, 11, 12, 13, 14, 15, 16]
		}
	]
}