{
	"credit": "Made with Blockbench",
	"textures": {
		"0": "hat/misc/dumbo"
	},
	"elements": [
		{
			"from": [12, 0, 8],
			"to": [19, 10, 8],
			"faces": {
				"north": {"uv": [4, 0, 16, 16], "texture": "#0"},
				"south": {"uv": [16, 0, 4, 16], "texture": "#0"}
			}
		},
		{
			"from": [-3, 0, 8],
			"to": [4, 10, 8],
			"faces": {
				"north": {"uv": [16, 0, 4, 16], "texture": "#0"},
				"south": {"uv": [4, 0, 16, 16], "texture": "#0"}
			}
		}
	],
	"display": {
		"thirdperson_righthand": {
			"scale": [0.5, 0.5, 0.5]
		},
		"thirdperson_lefthand": {
			"scale": [0.5, 0.5, 0.5]
		},
		"firstperson_righthand": {
			"rotation": [0, 180, 0],
			"translation": [0, 4, 0],
			"scale": [0.6, 0.6, 0.6]
		},
		"firstperson_lefthand": {
			"rotation": [0, 180, 0],
			"translation": [0, 4, 0],
			"scale": [0.6, 0.6, 0.6]
		},
		"ground": {
			"translation": [0, 2.5, 0],
			"scale": [0.5, 0.5, 0.5]
		},
		"gui": {
			"rotation": [30, 135, 0],
			"translation": [0, 2.25, 0]
		},
		"head": {
			"translation": [0, 9, 0],
			"scale": [1.6, 1.6, 1.6]
		},
		"fixed": {
			"translation": [0, 21.25, 17.25],
			"scale": [4, 4, 4]
		}
	}
}