{
	"credit": "Made with Blockbench",
	"textures": {
		"0": "hat/misc/evil_mask"
	},
	"elements": [
		{
			"from": [3.5, 1.5, 4.5],
			"to": [5.5, 11.5, 5.5],
			"faces": {
				"north": {"uv": [8, 5, 10, 15], "texture": "#0"},
				"east": {"uv": [8, 5, 9, 16], "texture": "#0"},
				"south": {"uv": [8, 5, 10, 15], "rotation": 180, "texture": "#0"},
				"west": {"uv": [9, 5, 10, 16], "texture": "#0"},
				"up": {"uv": [8, 14, 10, 15], "texture": "#0"},
				"down": {"uv": [0, 14, 2, 15], "texture": "#0"}
			}
		},
		{
			"from": [5, 5.5, 5],
			"to": [7, 8.5, 6],
			"faces": {
				"north": {"uv": [14, 11, 16, 14], "texture": "#0"}
			}
		},
		{
			"from": [9, 5.5, 5],
			"to": [11, 8.5, 6],
			"faces": {
				"north": {"uv": [13, 11, 15, 14], "texture": "#0"}
			}
		},
		{
			"from": [10.5, 1.5, 4.5],
			"to": [12.5, 11.5, 5.5],
			"faces": {
				"north": {"uv": [0, 5, 2, 15], "texture": "#0"},
				"east": {"uv": [0, 5, 1, 15], "texture": "#0"},
				"south": {"uv": [0, 5, 2, 15], "rotation": 180, "texture": "#0"},
				"west": {"uv": [1, 5, 2, 16], "texture": "#0"},
				"up": {"uv": [0, 5, 2, 6], "texture": "#0"},
				"down": {"uv": [0, 5, 2, 6], "texture": "#0"}
			}
		},
		{
			"from": [1.5, 7.5, 4.5],
			"to": [3.5, 9.5, 5.5],
			"faces": {
				"north": {"uv": [0, 6, 2, 8], "rotation": 180, "texture": "#0"},
				"east": {"uv": [0, 6, 2, 8], "texture": "#0"},
				"south": {"uv": [0, 6, 2, 8], "texture": "#0"},
				"west": {"uv": [0, 6, 1, 8], "rotation": 180, "texture": "#0"},
				"up": {"uv": [0, 6, 1, 8], "rotation": 270, "texture": "#0"},
				"down": {"uv": [0, 6, 1, 8], "rotation": 90, "texture": "#0"}
			}
		},
		{
			"from": [3.5, 11.5, 4.5],
			"to": [5.5, 13.5, 5.5],
			"faces": {
				"north": {"uv": [0, 6, 2, 8], "texture": "#0"},
				"east": {"uv": [0, 6, 1, 8], "rotation": 180, "texture": "#0"},
				"south": {"uv": [0, 6, 2, 8], "rotation": 180, "texture": "#0"},
				"west": {"uv": [0, 6, 2, 8], "rotation": 180, "texture": "#0"},
				"up": {"uv": [0, 6, 1, 8], "rotation": 90, "texture": "#0"},
				"down": {"uv": [0, 6, 1, 8], "rotation": 90, "texture": "#0"}
			}
		},
		{
			"from": [10.5, 11.5, 4.5],
			"to": [12.5, 13.5, 5.5],
			"faces": {
				"north": {"uv": [0, 6, 2, 8], "texture": "#0"},
				"east": {"uv": [0, 6, 1, 8], "rotation": 180, "texture": "#0"},
				"south": {"uv": [0, 6, 2, 8], "rotation": 180, "texture": "#0"},
				"west": {"uv": [0, 6, 2, 8], "rotation": 180, "texture": "#0"},
				"up": {"uv": [0, 6, 1, 8], "rotation": 90, "texture": "#0"},
				"down": {"uv": [0, 6, 1, 8], "rotation": 90, "texture": "#0"}
			}
		},
		{
			"from": [12.5, 7.5, 4.5],
			"to": [14.5, 9.5, 5.5],
			"faces": {
				"north": {"uv": [0, 6, 2, 8], "texture": "#0"},
				"east": {"uv": [0, 6, 1, 8], "rotation": 180, "texture": "#0"},
				"south": {"uv": [0, 6, 2, 8], "rotation": 180, "texture": "#0"},
				"west": {"uv": [0, 6, 2, 8], "rotation": 180, "texture": "#0"},
				"up": {"uv": [0, 6, 1, 8], "rotation": 90, "texture": "#0"},
				"down": {"uv": [0, 6, 1, 8], "rotation": 90, "texture": "#0"}
			}
		},
		{
			"from": [6.5, -2.5, 4.5],
			"to": [9.5, -0.5, 5.5],
			"faces": {
				"north": {"uv": [4, 14, 7, 16], "rotation": 180, "texture": "#0"},
				"east": {"uv": [4, 14, 5, 16], "rotation": 180, "texture": "#0"},
				"south": {"uv": [4, 14, 7, 16], "rotation": 180, "texture": "#0"},
				"west": {"uv": [3, 14, 4, 16], "rotation": 180, "texture": "#0"},
				"down": {"uv": [4, 14, 6, 15], "rotation": 180, "texture": "#0"}
			}
		},
		{
			"from": [7, 5.5, 4.5],
			"to": [9, 8.5, 5.5],
			"faces": {
				"north": {"uv": [4, 8, 6, 11], "texture": "#0"},
				"east": {"uv": [4, 8, 6, 11], "texture": "#0"},
				"south": {"uv": [4, 8, 6, 11], "texture": "#0"},
				"west": {"uv": [4, 8, 6, 11], "texture": "#0"}
			}
		},
		{
			"from": [5.5, -0.5, 4.5],
			"to": [10.5, 5.5, 5.5],
			"faces": {
				"north": {"uv": [10, 5, 15, 11], "texture": "#0"},
				"east": {"uv": [10, 5, 11, 11], "texture": "#0"},
				"south": {"uv": [10, 5, 15, 11], "texture": "#0"},
				"west": {"uv": [10, 5, 11, 11], "texture": "#0"},
				"up": {"uv": [2, 6, 8, 7], "texture": "#0"},
				"down": {"uv": [2, 6, 7, 7], "texture": "#0"}
			}
		},
		{
			"from": [5, 8.5, 4.25],
			"to": [11, 10.5, 5.25],
			"faces": {
				"north": {"uv": [2, 6, 8, 8], "texture": "#0"},
				"south": {"uv": [2, 6, 8, 8], "texture": "#0"},
				"up": {"uv": [2, 6, 8, 7], "texture": "#0"},
				"down": {"uv": [2, 6, 8, 7], "texture": "#0"}
			}
		},
		{
			"from": [7.5, 8.75, 3.75],
			"to": [8.5, 14.75, 4.75],
			"rotation": {"angle": -45, "axis": "z", "origin": [8, 7.5, 8.75]},
			"faces": {
				"north": {"uv": [0, 0, 4, 1], "rotation": 90, "texture": "#0"},
				"east": {"uv": [0, 0, 4, 1], "rotation": 90, "texture": "#0"},
				"west": {"uv": [0, 0, 4, 1], "rotation": 90, "texture": "#0"},
				"up": {"uv": [0, 0, 1, 1], "rotation": 270, "texture": "#0"},
				"down": {"uv": [3, 0, 4, 1], "rotation": 90, "texture": "#0"}
			}
		},
		{
			"from": [7.5, 8.75, 3.75],
			"to": [8.5, 12.75, 4.75],
			"faces": {
				"north": {"uv": [0, 0, 4, 1], "rotation": 90, "texture": "#0"},
				"east": {"uv": [0, 0, 4, 1], "rotation": 90, "texture": "#0"},
				"west": {"uv": [0, 0, 4, 1], "rotation": 90, "texture": "#0"},
				"up": {"uv": [0, 0, 1, 1], "rotation": 270, "texture": "#0"},
				"down": {"uv": [3, 0, 4, 1], "rotation": 90, "texture": "#0"}
			}
		},
		{
			"from": [6.5, 6.75, 3.5],
			"to": [9.5, 8.75, 5.25],
			"faces": {
				"north": {"uv": [11, 11, 13, 14], "rotation": 90, "texture": "#0"},
				"east": {"uv": [4, 8, 6, 11], "rotation": 270, "texture": "#0"},
				"west": {"uv": [4, 8, 6, 11], "rotation": 90, "texture": "#0"},
				"up": {"uv": [4, 8, 6, 11], "rotation": 270, "texture": "#0"},
				"down": {"uv": [4, 8, 6, 11], "rotation": 270, "texture": "#0"}
			}
		},
		{
			"from": [9.25, 7, 3.75],
			"to": [15.25, 8, 4.75],
			"rotation": {"angle": 22.5, "axis": "z", "origin": [8, 7.5, 8.75]},
			"faces": {
				"north": {"uv": [0, 0, 4, 1], "texture": "#0"},
				"east": {"uv": [0, 0, 1, 1], "rotation": 180, "texture": "#0"},
				"west": {"uv": [3, 0, 4, 1], "texture": "#0"},
				"up": {"uv": [0, 0, 4, 1], "rotation": 180, "texture": "#0"},
				"down": {"uv": [0, 0, 4, 1], "texture": "#0"}
			}
		},
		{
			"from": [7.5, 8.75, 3.75],
			"to": [8.5, 12.75, 4.75],
			"rotation": {"angle": -22.5, "axis": "z", "origin": [8, 7.5, 8.75]},
			"faces": {
				"north": {"uv": [0, 0, 4, 1], "rotation": 90, "texture": "#0"},
				"east": {"uv": [0, 0, 4, 1], "rotation": 90, "texture": "#0"},
				"west": {"uv": [0, 0, 4, 1], "rotation": 90, "texture": "#0"},
				"up": {"uv": [0, 0, 1, 1], "rotation": 270, "texture": "#0"},
				"down": {"uv": [3, 0, 4, 1], "rotation": 90, "texture": "#0"}
			}
		},
		{
			"from": [7.5, 8.75, 3.75],
			"to": [8.5, 12.75, 4.75],
			"rotation": {"angle": 22.5, "axis": "z", "origin": [8, 7.5, 8.75]},
			"faces": {
				"north": {"uv": [0, 0, 4, 1], "rotation": 90, "texture": "#0"},
				"east": {"uv": [0, 0, 4, 1], "rotation": 90, "texture": "#0"},
				"west": {"uv": [0, 0, 4, 1], "rotation": 90, "texture": "#0"},
				"up": {"uv": [0, 0, 1, 1], "rotation": 270, "texture": "#0"},
				"down": {"uv": [3, 0, 4, 1], "rotation": 90, "texture": "#0"}
			}
		},
		{
			"from": [7.5, 8.75, 3.75],
			"to": [8.5, 14.75, 4.75],
			"rotation": {"angle": 45, "axis": "z", "origin": [8, 7.5, 8.75]},
			"faces": {
				"north": {"uv": [0, 0, 4, 1], "rotation": 90, "texture": "#0"},
				"east": {"uv": [0, 0, 4, 1], "rotation": 90, "texture": "#0"},
				"west": {"uv": [0, 0, 4, 1], "rotation": 90, "texture": "#0"},
				"up": {"uv": [0, 0, 1, 1], "rotation": 270, "texture": "#0"},
				"down": {"uv": [3, 0, 4, 1], "rotation": 90, "texture": "#0"}
			}
		},
		{
			"from": [0.75, 7, 3.75],
			"to": [6.75, 8, 4.75],
			"rotation": {"angle": -22.5, "axis": "z", "origin": [8, 7.5, 8.75]},
			"faces": {
				"north": {"uv": [0, 0, 4, 1], "rotation": 180, "texture": "#0"},
				"east": {"uv": [3, 0, 4, 1], "texture": "#0"},
				"west": {"uv": [0, 0, 1, 1], "texture": "#0"},
				"up": {"uv": [0, 0, 4, 1], "texture": "#0"},
				"down": {"uv": [0, 0, 4, 1], "texture": "#0"}
			}
		},
		{
			"from": [0.75, 7, 3.75],
			"to": [6.75, 8, 4.75],
			"faces": {
				"north": {"uv": [0, 0, 4, 1], "rotation": 180, "texture": "#0"},
				"east": {"uv": [3, 0, 4, 1], "texture": "#0"},
				"west": {"uv": [0, 0, 1, 1], "texture": "#0"},
				"up": {"uv": [0, 0, 4, 1], "texture": "#0"},
				"down": {"uv": [0, 0, 4, 1], "texture": "#0"}
			}
		},
		{
			"from": [9.25, 7, 3.75],
			"to": [15.25, 8, 4.75],
			"faces": {
				"north": {"uv": [0, 0, 4, 1], "texture": "#0"},
				"east": {"uv": [0, 0, 1, 1], "texture": "#0"},
				"west": {"uv": [3, 0, 4, 1], "rotation": 180, "texture": "#0"},
				"up": {"uv": [0, 0, 4, 1], "texture": "#0"},
				"down": {"uv": [0, 0, 4, 1], "rotation": 180, "texture": "#0"}
			}
		}
	],
	"display": {
		"head": {
			"scale": [1.7, 1.7, 1.7],
			"translation": [0, 1, -1.5]
		},
		"fixed": {
			"rotation": [0, 0, 0],
			"scale": [3.5, 3.5, 3.5],
			"translation": [0, 7, 9.5]
		},
		"gui": {
			"rotation": [30, 135, 0],
			"translation": [0, 3, 0],
			"scale": [0.8, 0.8, 0.8]
		},
		"thirdperson_righthand": {
			"scale": [0.9, 0.9, 0.9],
			"translation": [0, 0, 2.5]
		},
		"firstperson_lefthand": {
			"rotation": [0, 180, 0]
		},
		"firstperson_righthand": {
			"rotation": [0, 180, 0]
		},
		"thirdperson_lefthand": {
			"scale": [0.9, 0.9, 0.9],
			"translation": [0, 0, 2.5]
		}
	},
	"groups": [
		{
			"name": "group",
			"isOpen": true,
			"export": true,
			"visibility": true,
			"children": []
		},
		{
			"name": "mask",
			"isOpen": true,
			"export": true,
			"visibility": true,
			"children": [0, 1, 2, 3, 4, 5, 6, 7, 8, 9, 10, 11]
		},
		{
			"name": "feathers",
			"isOpen": true,
			"export": true,
			"visibility": true,
			"children": [12, 13, 14, 15, 16, 17, 18, 19, 20, 21]
		}
	]
}