{
	"credit": "Made with Blockbench",
	"textures": {
		"0": "hat/misc/fortress_warrior"
	},
	"elements": [
		{
			"name": "right",
			"from": [5.25, 1.5, 3],
			"to": [6.25, 5.5, 6],
			"rotation": {"angle": 45, "axis": "y", "origin": [2.75, 18, 8.25]},
			"faces": {
				"north": {"uv": [5.5, 10, 6, 12], "rotation": 180, "texture": "#0"},
				"east": {"uv": [8, 9.5, 10, 11], "rotation": 270, "texture": "#0"},
				"west": {"uv": [8, 9.5, 10, 11], "rotation": 270, "texture": "#0"},
				"up": {"uv": [5.5, 10, 6, 11.5], "rotation": 180, "texture": "#0"},
				"down": {"uv": [5.5, 10, 6, 11.5], "rotation": 180, "texture": "#0"}
			}
		},
		{
			"name": "right",
			"from": [3.25, 0.5, 4],
			"to": [4.25, 5.5, 13],
			"faces": {
				"north": {"uv": [11, 7, 11.5, 9.5], "rotation": 180, "texture": "#0"},
				"east": {"uv": [6.5, 7, 11, 9.5], "rotation": 180, "texture": "#0"},
				"south": {"uv": [6, 7, 6.5, 9.5], "rotation": 180, "texture": "#0"},
				"west": {"uv": [11.5, 7, 16, 9.5], "rotation": 180, "texture": "#0"},
				"down": {"uv": [6.5, 6.5, 11, 7], "rotation": 180, "texture": "#0"}
			}
		},
		{
			"name": "left",
			"from": [8.5, 7.25, 2],
			"to": [12.5, 8.25, 5],
			"rotation": {"angle": 45, "axis": "x", "origin": [3.75, 9.75, 8.25]},
			"faces": {
				"north": {"uv": [5.5, 10, 6, 12], "rotation": 90, "texture": "#0"},
				"east": {"uv": [5.5, 10, 6, 11.5], "rotation": 90, "texture": "#0"},
				"west": {"uv": [5.5, 10.5, 6, 12], "rotation": 90, "texture": "#0"},
				"up": {"uv": [8, 9.5, 10, 11], "texture": "#0"},
				"down": {"uv": [8, 9.5, 10, 11], "texture": "#0"}
			}
		},
		{
			"name": "left",
			"from": [8.5, 9.75, 4],
			"to": [13.5, 10.75, 13],
			"faces": {
				"north": {"uv": [11, 7, 11.5, 9.5], "rotation": 270, "texture": "#0"},
				"east": {"uv": [6.5, 6.5, 11, 7], "rotation": 90, "texture": "#0"},
				"south": {"uv": [6, 7, 6.5, 9.5], "rotation": 90, "texture": "#0"},
				"west": {"uv": [5.5, 10, 6, 11.5], "rotation": 180, "texture": "#0"},
				"up": {"uv": [6.5, 7, 11, 9.5], "rotation": 90, "texture": "#0"},
				"down": {"uv": [11.5, 7, 16, 9.5], "rotation": 90, "texture": "#0"}
			}
		},
		{
			"name": "wing",
			"from": [5, 9, 2],
			"to": [6, 13, 3],
			"faces": {
				"north": {"uv": [10, 15.5, 12, 16], "rotation": 270, "texture": "#0"},
				"east": {"uv": [10, 15.5, 12, 16], "rotation": 90, "texture": "#0"},
				"south": {"uv": [10, 15.5, 12, 16], "rotation": 270, "texture": "#0"},
				"west": {"uv": [10, 15.5, 12, 16], "rotation": 90, "texture": "#0"},
				"up": {"uv": [10, 15.5, 10.5, 16], "rotation": 180, "texture": "#0"},
				"down": {"uv": [10, 15.5, 10.5, 16], "rotation": 180, "texture": "#0"}
			}
		},
		{
			"name": "wing",
			"from": [1, 8, 2],
			"to": [5, 9, 3],
			"faces": {
				"north": {"uv": [10, 15.5, 12, 16], "texture": "#0"},
				"east": {"uv": [10, 15.5, 10.5, 16], "rotation": 180, "texture": "#0"},
				"south": {"uv": [10, 15.5, 12, 16], "texture": "#0"},
				"west": {"uv": [10, 15.5, 10.5, 16], "rotation": 180, "texture": "#0"},
				"up": {"uv": [10, 15.5, 12, 16], "texture": "#0"},
				"down": {"uv": [10, 15.5, 12, 16], "texture": "#0"}
			}
		},
		{
			"from": [-6.75, 8, 1.95],
			"to": [2.35, 9, 4.05],
			"rotation": {"angle": 45, "axis": "z", "origin": [2.5, 18, 8]},
			"faces": {
				"north": {"uv": [6.5, 0, 7, 4.5], "rotation": 90, "texture": "#0"},
				"east": {"uv": [6.5, 0, 7, 0.5], "rotation": 90, "texture": "#0"},
				"south": {"uv": [2.5, 4.5, 7, 6.5], "texture": "#0"},
				"west": {"uv": [6.5, 0, 7, 0.5], "rotation": 90, "texture": "#0"},
				"up": {"uv": [6.5, 0, 7.5, 4.5], "rotation": 90, "texture": "#0"},
				"down": {"uv": [6.5, 0, 7, 4.5], "rotation": 90, "texture": "#0"}
			}
		},
		{
			"from": [-6.75, 3.75, 13],
			"to": [2.35, 7.75, 14],
			"rotation": {"angle": 45, "axis": "z", "origin": [2.5, 18, 8]},
			"faces": {
				"north": {"uv": [6.5, 6.5, 11, 8.5], "texture": "#0"},
				"east": {"uv": [5, 0, 7, 0.5], "rotation": 90, "texture": "#0"},
				"south": {"uv": [6.5, 6.5, 11, 8.5], "texture": "#0"},
				"west": {"uv": [5, 0, 7, 0.5], "rotation": 90, "texture": "#0"},
				"up": {"uv": [7, 3.5, 11.5, 4], "texture": "#0"},
				"down": {"uv": [6.5, 7.5, 11, 8], "texture": "#0"}
			}
		},
		{
			"from": [-6.75, 7.75, 3.95],
			"to": [2.35, 11.75, 13.05],
			"rotation": {"angle": 45, "axis": "z", "origin": [2.5, 18, 8]},
			"faces": {
				"north": {"uv": [7, 4.5, 11.5, 6.5], "texture": "#0"},
				"east": {"uv": [2.5, 4.5, 7, 6.5], "texture": "#0"},
				"south": {"uv": [2.5, 4.5, 7, 6.5], "texture": "#0"},
				"west": {"uv": [11.5, 4.5, 16, 6.5], "texture": "#0"},
				"up": {"uv": [2.5, 0, 7, 4.5], "texture": "#0"},
				"down": {"uv": [7, 0, 11.5, 4.5], "texture": "#0"}
			}
		}
	],
	"display": {
		"thirdperson_righthand": {
			"scale": [0.8, 0.8, 0.8]
		},
		"head": {
			"rotation": [0, 0, -45],
			"translation": [2.3, -0.5, -1],
			"scale": [1.7, 1.7, 1.7]
		},
		"ground": {
			"rotation": [0, 0, -45]
		},
		"firstperson_righthand": {
			"rotation": [0, 0, -45],
			"scale": [0.8, 0.8, 0.8]
		},
		"firstperson_lefthand": {
			"rotation": [0, 0, 45],
			"scale": [0.8, 0.8, 0.8]
		},
		"thirdperson_lefthand": {
			"scale": [0.8, 0.8, 0.8]
		},
		"gui": {
			"scale": [0.8, 0.8, 0.8],
			"translation": [0, 0, 0],
			"rotation": [30, 135.5, -45]
		},
		"fixed": {
			"rotation": [-90, 0, -45],
			"translation": [5.5, -1.5, 16.5],
			"scale": [3.9, 3.9, 3.9]
		}
	}
}