{
	"credit": "Made with Blockbench",
	"textures": {
		"0": "hat/misc/furry_irl"
	},
	"elements": [
		{
			"from": [6.5, 10, -4.5],
			"to": [9.5, 13, -1.5],
			"faces": {
				"north": {"uv": [1, 3.5, 1.75, 4.25], "texture": "#0"},
				"east": {"uv": [0.25, 3.5, 1, 4.25], "texture": "#0"},
				"west": {"uv": [1.75, 3.5, 2.5, 4.25], "texture": "#0"},
				"up": {"uv": [1, 2.75, 1.75, 3.5], "rotation": 180, "texture": "#0"},
				"down": {"uv": [1.75, 2.75, 2.5, 3.5], "rotation": 180, "texture": "#0"}
			}
		},
		{
			"name": "head",
			"from": [5, 16, 0.5],
			"to": [7, 18, 1.5],
			"faces": {
				"north": {"uv": [4.25, 3.75, 4.75, 4.25], "texture": "#0"},
				"east": {"uv": [4, 3.75, 4.25, 4.25], "texture": "#0"},
				"south": {"uv": [5, 3.75, 5.5, 4.25], "texture": "#0"},
				"west": {"uv": [4.75, 3.75, 5, 4.25], "texture": "#0"},
				"up": {"uv": [4.25, 3.5, 4.75, 3.75], "texture": "#0"}
			}
		},
		{
			"name": "head",
			"from": [9, 16, 0.5],
			"to": [11, 18, 1.5],
			"faces": {
				"north": {"uv": [4.25, 3.75, 4.75, 4.25], "texture": "#0"},
				"east": {"uv": [4, 3.75, 4.25, 4.25], "texture": "#0"},
				"south": {"uv": [5, 3.75, 5.5, 4.25], "texture": "#0"},
				"west": {"uv": [4.75, 3.75, 5, 4.25], "texture": "#0"},
				"up": {"uv": [4.25, 3.5, 4.75, 3.75], "texture": "#0"}
			}
		},
		{
			"name": "head",
			"from": [5, 10, -1.5],
			"to": [11, 16, 4.5],
			"faces": {
				"north": {"uv": [1, 1, 2.5, 2.5], "texture": "#0"},
				"east": {"uv": [0, 1, 1, 2.5], "texture": "#0"},
				"south": {"uv": [3.5, 1, 5, 2.5], "texture": "#0"},
				"west": {"uv": [2.5, 1, 3.5, 2.5], "texture": "#0"},
				"up": {"uv": [1, 0, 2.5, 1], "texture": "#0"},
				"down": {"uv": [2.5, 0, 4, 1], "texture": "#0"}
			}
		}
	],
	"display": {
		"thirdperson_righthand": {
			"rotation": [67.5, 0, 0],
			"translation": [0, -14, -3.25],
			"scale": [1.5, 1.5, 1.5]
		},
		"thirdperson_lefthand": {
			"rotation": [67.5, 0, 0],
			"translation": [0, -14, -3.25],
			"scale": [1.5, 1.5, 1.5]
		},
		"firstperson_righthand": {
			"translation": [0, -10.75, -3.25],
			"scale": [1.5, 1.5, 1.5]
		},
		"firstperson_lefthand": {
			"translation": [0, -10.75, -3.25],
			"scale": [1.5, 1.5, 1.5]
		},
		"ground": {
			"translation": [0, -6.75, 13],
			"scale": [2, 2, 2]
		},
		"gui": {
			"rotation": [30, 135, 0],
			"translation": [5, -2, 0]
		},
		"head": {
			"translation": [0, -13, 16],
			"scale": [2.5, 2.5, 2.5]
		},
		"fixed": {
			"rotation": [-90, 0, 0],
			"translation": [0, 24.5, 9],
			"scale": [3.8, 3.8, 3.8]
		}
	}
}