{
	"credit": "Made with Blockbench",
	"textures": {
		"0": "hat/misc/get_rekt"
	},
	"elements": [
		{
			"from": [4, 5, 3.9],
			"to": [12, 7, 12.1],
			"faces": {
				"north": {"uv": [1, 3, 5.5, 5.5], "texture": "#0"},
				"south": {"uv": [5.5, 3, 10, 5.5], "texture": "#0"},
				"west": {"uv": [0, 0, 11, 2.5], "texture": "#0"}
			}
		}
	],
	"display": {
		"head": {
			"scale": [1.9, 1.9, 1.9],
			"translation": [0, 2, 0],
			"rotation": [0, -90, 0]
		},
		"thirdperson_righthand": {
			"scale": [0.8, 0.8, 0.8],
			"rotation": [0, 0, 0],
			"translation": [0, 0, 0]
		},
		"thirdperson_lefthand": {
			"scale": [0.8, 0.8, 0.8]
		},
		"gui": {
			"rotation": [30, 135, 0],
			"translation": [0, 2.5, 0],
			"scale": [1.2, 1.2, 1.2]
		},
		"firstperson_righthand": {
			"rotation": [0, -90, 0]
		},
		"firstperson_lefthand": {
			"rotation": [0, 90, 0]
		},
		"fixed": {
			"scale": [4, 4, 4],
			"rotation": [0, 90, 0],
			"translation": [0, 5, 18.5]
		}
	}
}