{
	"credit": "Made with Blockbench",
	"textures": {
		"1": "hat/misc/gopro",
		"particle": "hat/misc/gopro"
	},
	"elements": [
		{
			"name": "gopro_1",
			"from": [14, 5, 5],
			"to": [15, 13, 11],
			"faces": {
				"north": {"uv": [1, 9, 0, 1], "rotation": 180, "texture": "#1"},
				"east": {"uv": [1, 1, 0, 9], "texture": "#1"},
				"south": {"uv": [1, 1, 0, 9], "texture": "#1"},
				"west": {"uv": [1, 1, 0, 9], "texture": "#1"},
				"up": {"uv": [0, 1, 1, 2], "rotation": 180, "texture": "#1"},
				"down": {"uv": [1, 8, 0, 9], "texture": "#1"}
			}
		},
		{
			"name": "gopro_2",
			"from": [1, 5, 5],
			"to": [2, 13, 11],
			"faces": {
				"north": {"uv": [14, 9, 13, 1], "rotation": 180, "texture": "#1"},
				"east": {"uv": [14, 1, 13, 9], "texture": "#1"},
				"south": {"uv": [14, 1, 13, 9], "texture": "#1"},
				"west": {"uv": [14, 1, 13, 9], "texture": "#1"},
				"up": {"uv": [13, 1, 14, 2], "rotation": 180, "texture": "#1"},
				"down": {"uv": [14, 8, 13, 9], "texture": "#1"}
			}
		},
		{
			"name": "gopro_1",
			"from": [1, 8, 4],
			"to": [2, 14, 5],
			"faces": {
				"north": {"uv": [16, 16, 8, 15], "rotation": 90, "texture": "#1"},
				"east": {"uv": [16, 16, 8, 15], "rotation": 90, "texture": "#1"},
				"south": {"uv": [16, 16, 8, 15], "rotation": 90, "texture": "#1"},
				"west": {"uv": [16, 16, 8, 15], "rotation": 90, "texture": "#1"},
				"up": {"uv": [16, 16, 8, 15], "rotation": 90, "texture": "#1"},
				"down": {"uv": [16, 16, 8, 15], "rotation": 90, "texture": "#1"}
			}
		},
		{
			"name": "gopro_2",
			"from": [1.75, 13.25, 4],
			"to": [7.25, 14.25, 5],
			"faces": {
				"north": {"uv": [16, 16, 8, 15], "rotation": 180, "texture": "#1"},
				"east": {"uv": [16, 16, 8, 15], "rotation": 180, "texture": "#1"},
				"south": {"uv": [16, 16, 8, 15], "rotation": 180, "texture": "#1"},
				"west": {"uv": [16, 16, 8, 15], "rotation": 180, "texture": "#1"},
				"up": {"uv": [16, 16, 8, 15], "rotation": 180, "texture": "#1"},
				"down": {"uv": [16, 16, 8, 15], "rotation": 180, "texture": "#1"}
			}
		},
		{
			"name": "gopro_3",
			"from": [7, 8, 4],
			"to": [8, 14, 5],
			"faces": {
				"north": {"uv": [16, 16, 8, 15], "rotation": 270, "texture": "#1"},
				"east": {"uv": [16, 16, 8, 15], "rotation": 270, "texture": "#1"},
				"south": {"uv": [16, 16, 8, 15], "rotation": 270, "texture": "#1"},
				"west": {"uv": [16, 16, 8, 15], "rotation": 270, "texture": "#1"},
				"up": {"uv": [16, 16, 8, 15], "rotation": 270, "texture": "#1"},
				"down": {"uv": [16, 16, 8, 15], "rotation": 270, "texture": "#1"}
			}
		},
		{
			"name": "gopro_3",
			"from": [1.75, 7.75, 4],
			"to": [7.25, 8.75, 5],
			"faces": {
				"north": {"uv": [16, 16, 8, 15], "texture": "#1"},
				"east": {"uv": [16, 16, 8, 15], "texture": "#1"},
				"south": {"uv": [16, 16, 8, 15], "texture": "#1"},
				"west": {"uv": [16, 16, 8, 15], "texture": "#1"},
				"up": {"uv": [16, 16, 8, 15], "texture": "#1"},
				"down": {"uv": [16, 16, 8, 15], "texture": "#1"}
			}
		},
		{
			"name": "gopro_4",
			"from": [1.25, 8.5, 4.25],
			"to": [7.75, 13.5, 5.25],
			"faces": {
				"north": {"uv": [0, 10, 8, 16], "rotation": 180, "texture": "#1"}
			}
		},
		{
			"name": "gopro_2",
			"from": [2, 4, 5],
			"to": [9, 13, 11],
			"faces": {
				"north": {"uv": [13, 10, 6, 1], "rotation": 180, "texture": "#1"},
				"east": {"uv": [2, 1, 1, 10], "texture": "#1"},
				"south": {"uv": [13, 1, 6, 10], "texture": "#1"},
				"west": {"uv": [13, 1, 12, 10], "texture": "#1"},
				"up": {"uv": [1, 0, 13, 1], "rotation": 180, "texture": "#1"},
				"down": {"uv": [13, 9, 1, 10], "texture": "#1"}
			}
		},
		{
			"name": "gopro_3",
			"from": [2, 13, 5],
			"to": [14, 14, 11],
			"faces": {
				"north": {"uv": [13, 1, 1, 0], "rotation": 180, "texture": "#1"},
				"east": {"uv": [2, 0, 1, 1], "texture": "#1"},
				"south": {"uv": [13, 0, 1, 1], "texture": "#1"},
				"west": {"uv": [13, 0, 12, 1], "texture": "#1"},
				"up": {"uv": [1, 0, 13, 1], "rotation": 180, "texture": "#1"},
				"down": {"uv": [13, 9, 1, 10], "texture": "#1"}
			}
		},
		{
			"name": "gopro_3",
			"from": [9, 4, 5],
			"to": [13, 8, 11],
			"faces": {
				"north": {"uv": [6, 10, 2, 6], "rotation": 180, "texture": "#1"},
				"east": {"uv": [2, 6, 1, 10], "texture": "#1"},
				"south": {"uv": [6, 6, 2, 10], "texture": "#1"},
				"up": {"uv": [6, 7, 1, 6], "rotation": 180, "texture": "#1"},
				"down": {"uv": [13, 9, 1, 10], "texture": "#1"}
			}
		},
		{
			"name": "gopro_1",
			"from": [9, 8, 5.25],
			"to": [13, 13, 11],
			"faces": {
				"north": {"uv": [16, 15, 12, 10], "rotation": 180, "texture": "#1"},
				"east": {"uv": [10, 5, 9, 2], "rotation": 180, "texture": "#1"},
				"south": {"uv": [6, 1, 2, 6], "texture": "#1"},
				"west": {"uv": [13, 5, 12, 2], "texture": "#1"},
				"up": {"uv": [13, 3, 9, 2], "texture": "#1"},
				"down": {"uv": [13, 3, 9, 2], "texture": "#1"}
			}
		},
		{
			"name": "gopro_2",
			"from": [13, 4, 5],
			"to": [14, 13, 11],
			"faces": {
				"north": {"uv": [2, 10, 1, 1], "rotation": 180, "texture": "#1"},
				"east": {"uv": [2, 10, 1, 1], "rotation": 180, "texture": "#1"},
				"south": {"uv": [2, 1, 1, 10], "texture": "#1"},
				"down": {"uv": [1, 8, 0, 9], "texture": "#1"}
			}
		},
		{
			"name": "gopro_4",
			"from": [5.75, 0, 7],
			"to": [9.75, 4, 9],
			"faces": {
				"north": {"uv": [13, 16, 9, 15], "texture": "#1"},
				"east": {"uv": [13, 16, 11, 15], "texture": "#1"},
				"south": {"uv": [13, 16, 9, 15], "texture": "#1"},
				"west": {"uv": [11, 16, 9, 15], "texture": "#1"},
				"up": {"uv": [13, 16, 9, 15], "texture": "#1"},
				"down": {"uv": [13, 16, 9, 15], "texture": "#1"}
			}
		},
		{
			"name": "gopro_5",
			"from": [5.5, 1, 6.5],
			"to": [15, 3, 9.5],
			"faces": {
				"north": {"uv": [11, 16, 9, 15], "rotation": 90, "texture": "#1"},
				"east": {"uv": [11, 16, 9, 15], "rotation": 90, "texture": "#1"},
				"south": {"uv": [11, 16, 9, 15], "rotation": 90, "texture": "#1"},
				"west": {"uv": [11, 16, 9, 15], "rotation": 90, "texture": "#1"},
				"up": {"uv": [11, 16, 9, 15], "rotation": 90, "texture": "#1"},
				"down": {"uv": [11, 16, 9, 15], "rotation": 90, "texture": "#1"}
			}
		},
		{
			"name": "gopro_5",
			"from": [14, 0.5, 6.25],
			"to": [16, 3.5, 9.25],
			"faces": {
				"north": {"uv": [10, 6, 8, 3], "texture": "#1"},
				"east": {"uv": [10, 6, 7, 3], "rotation": 90, "texture": "#1"},
				"south": {"uv": [10, 6, 8, 3], "texture": "#1"},
				"west": {"uv": [10, 6, 6, 2], "rotation": 90, "texture": "#1"},
				"up": {"uv": [10, 6, 8, 3], "texture": "#1"},
				"down": {"uv": [10, 6, 8, 3], "texture": "#1"}
			}
		},
		{
			"name": "gopro_6",
			"from": [7, 1.25, 6],
			"to": [8.5, 2.75, 10],
			"faces": {
				"north": {"uv": [11, 6, 9, 4], "rotation": 90, "texture": "#1"},
				"east": {"uv": [11, 6, 9, 4], "rotation": 90, "texture": "#1"},
				"south": {"uv": [11, 6, 9, 4], "rotation": 90, "texture": "#1"},
				"west": {"uv": [11, 6, 9, 4], "rotation": 90, "texture": "#1"},
				"up": {"uv": [11, 6, 9, 4], "rotation": 90, "texture": "#1"},
				"down": {"uv": [10, 6, 6, 4], "rotation": 90, "texture": "#1"}
			}
		}
	],
	"display": {
		"thirdperson_righthand": {
			"translation": [0, 2.25, 1.5],
			"scale": [0.3, 0.3, 0.3]
		},
		"thirdperson_lefthand": {
			"translation": [0, 2.25, 1.5],
			"scale": [0.3, 0.3, 0.3]
		},
		"firstperson_righthand": {
			"translation": [0, 2.25, 1.5],
			"scale": [0.3, 0.3, 0.3]
		},
		"firstperson_lefthand": {
			"translation": [0, 2.25, 1.5],
			"scale": [0.3, 0.3, 0.3]
		},
		"ground": {
			"scale": [0.5, 0.5, 0.5]
		},
		"gui": {
			"rotation": [30, -135, 0],
			"translation": [0, 0.75, 0],
			"scale": [0.7, 0.7, 0.7]
		},
		"head": {
			"translation": [0, 11.5, -4.75],
			"scale": [0.7, 0.7, 0.7]
		},
		"fixed": {
			"rotation": [-90, 0, 0],
			"translation": [0, 0, -7.5]
		}
	},
	"groups": [
		{
			"name": "gopro",
			"children": [0, 1, 2, 3, 4, 5, 6, 7, 8, 9, 10, 11, 12, 13, 14, 15]
		}
	]
}