{
	"credit": "Made with Blockbench",
	"textures": {
		"0": "block/fire_0"
	},
	"elements": [
		{
			"from": [4, 0, 4],
			"to": [12, 8, 12],
			"shade": false,
			"faces": {
				"north": {"uv": [0, 0, 16, 16], "texture": "#0"},
				"east": {"uv": [0, 0, 16, 16], "texture": "#0"},
				"south": {"uv": [0, 0, 16, 16], "texture": "#0"},
				"west": {"uv": [0, 0, 16, 16], "texture": "#0"}
			}
		}
	],
	"display": {
		"head": {
			"scale": [1.6, 1.6, 1.6],
			"translation": [0, 19.2, 0]
		},
		"thirdperson_righthand": {
			"scale": [0.8, 0.8, 0.8],
			"rotation": [32, 0, 0]
		},
		"thirdperson_lefthand": {
			"scale": [0.8, 0.8, 0.8],
			"rotation": [32, 0, 0]
		},
		"gui": {
			"rotation": [30, 135, 0],
			"translation": [0, 2.5, 0]
		},
		"fixed": {
			"scale": [3.1, 3.1, 3.1],
			"rotation": [-90, 0, 0],
			"translation": [0, 0, -23.5]
		}
	}
}