{
	"credit": "Made with Blockbench",
	"textures": {
		"0": "hat/misc/i_am_an_asshole"
	},
	"elements": [
		{
			"from": [-16, -16, -16],
			"to": [32, 32, 32],
			"faces": {
				"north": {"uv": [0, 0, 12, 12], "texture": "#0"},
				"east": {"uv": [0, 0, 12, 12], "texture": "#0"},
				"south": {"uv": [0, 0, 12, 12], "texture": "#0"},
				"west": {"uv": [0, 0, 12, 12], "texture": "#0"},
				"up": {"uv": [0, 0, 12, 12], "texture": "#0"},
				"down": {"uv": [0, 0, 12, 12], "texture": "#0"}
			}
		}
	],
	"display": {
		"thirdperson_righthand": {
			"translation": [-5.5, 0, 0],
			"scale": [4, 4, 4]
		},
		"thirdperson_lefthand": {
			"translation": [-5.5, 0, 0],
			"scale": [4, 4, 4]
		},
		"ground": {
			"scale": [4, 4, 4]
		},
		"gui": {
			"rotation": [30, 135, 0],
			"scale": [0.3, 0.3, 0.3]
		},
		"head": {
			"scale": [4, 4, 4]
		},
		"fixed": {
			"rotation": [-90, 0, 0],
			"translation": [0, 0, -18],
			"scale": [4, 4, 4]
		}
	}
}