{
	"credit": "Made with Blockbench",
	"textures": {
		"1": "hat/misc/lazy_wither"
	},
	"elements": [
		{
			"name": "heady2",
			"from": [3.5, 6.5, 3.5],
			"to": [12.5, 15.5, 12.5],
			"faces": {
				"north": {"uv": [10, 10.75, 12, 12.75], "texture": "#1"},
				"east": {"uv": [8.25, 10.75, 10.25, 12.75], "texture": "#1"},
				"south": {"uv": [14, 10.75, 16, 12.75], "texture": "#1"},
				"west": {"uv": [12, 10.75, 14, 12.75], "texture": "#1"},
				"up": {"uv": [10, 8.75, 12, 10.75], "texture": "#1"},
				"down": {"uv": [12, 8.75, 14, 10.75], "texture": "#1"}
			}
		},
		{
			"name": "heady",
			"from": [4, 7, 4],
			"to": [12, 15, 12],
			"faces": {
				"north": {"uv": [2, 2, 4, 4], "texture": "#1"},
				"east": {"uv": [0, 2, 2, 4], "texture": "#1"},
				"south": {"uv": [6, 2, 8, 4], "texture": "#1"},
				"west": {"uv": [4, 2, 6, 4], "texture": "#1"},
				"up": {"uv": [2, 0, 4, 2], "texture": "#1"},
				"down": {"uv": [4, 0, 6, 2], "texture": "#1"}
			}
		},
		{
			"name": "righty",
			"from": [-3.75, 5, 5],
			"to": [2.25, 11, 11],
			"faces": {
				"north": {"uv": [9.5, 1.5, 11, 3], "texture": "#1"},
				"east": {"uv": [8, 1.5, 9.5, 3], "texture": "#1"},
				"south": {"uv": [12.5, 1.5, 14, 3], "texture": "#1"},
				"west": {"uv": [11, 1.5, 12.5, 3], "texture": "#1"},
				"up": {"uv": [9.5, 0, 11, 1.5], "texture": "#1"},
				"down": {"uv": [11, 0, 12.5, 1.5], "texture": "#1"}
			}
		},
		{
			"name": "lefty",
			"from": [13.75, 5, 5],
			"to": [19.75, 11, 11],
			"faces": {
				"north": {"uv": [9.5, 1.5, 11, 3], "texture": "#1"},
				"east": {"uv": [8, 1.5, 9.5, 3], "texture": "#1"},
				"south": {"uv": [12.5, 1.5, 14, 3], "texture": "#1"},
				"west": {"uv": [11, 1.5, 12.5, 3], "texture": "#1"},
				"up": {"uv": [9.5, 0, 11, 1.5], "texture": "#1"},
				"down": {"uv": [11, 0, 12.5, 1.5], "texture": "#1"}
			}
		},
		{
			"name": "broom",
			"from": [-1.75, 4, 7],
			"to": [18.25, 7, 10],
			"faces": {
				"north": {"uv": [0.75, 4.75, 5.75, 5.5], "texture": "#1"},
				"east": {"uv": [5.75, 4.75, 6.5, 5.5], "texture": "#1"},
				"south": {"uv": [6.25, 4.75, 9.25, 5.5], "texture": "#1"},
				"west": {"uv": [9, 4.75, 9.75, 5.5], "texture": "#1"},
				"up": {"uv": [6.25, 4.75, 9.25, 5.5], "texture": "#1"},
				"down": {"uv": [6.25, 4.75, 9.25, 5.5], "texture": "#1"}
			}
		},
		{
			"name": "brush",
			"from": [9.5, -3.25, 6],
			"to": [13.5, -1.25, 8],
			"rotation": {"angle": -22.5, "axis": "x", "origin": [8, 8, 8]},
			"faces": {
				"north": {"uv": [6.5, 6, 7.5, 6.5], "texture": "#1"},
				"east": {"uv": [6, 6, 6.5, 6.5], "texture": "#1"},
				"south": {"uv": [6.5, 6, 7.5, 6.5], "rotation": 180, "texture": "#1"},
				"up": {"uv": [6.5, 5.5, 7.5, 6], "rotation": 180, "texture": "#1"},
				"down": {"uv": [6.5, 5.5, 7.5, 6], "rotation": 180, "texture": "#1"}
			}
		},
		{
			"name": "brush",
			"from": [9.5, -0.75, 6],
			"to": [13.5, 1.25, 8],
			"rotation": {"angle": -22.5, "axis": "x", "origin": [8, 8, 8]},
			"faces": {
				"north": {"uv": [6.5, 5.5, 7.5, 6], "texture": "#1"},
				"east": {"uv": [6, 6, 6.5, 6.5], "texture": "#1"},
				"south": {"uv": [6.5, 5.5, 7.5, 6], "rotation": 180, "texture": "#1"},
				"up": {"uv": [6.5, 5.5, 7.5, 6], "rotation": 180, "texture": "#1"},
				"down": {"uv": [6.5, 5.5, 7.5, 6], "rotation": 180, "texture": "#1"}
			}
		},
		{
			"name": "brush",
			"from": [9.5, 1.75, 6],
			"to": [13.5, 3.75, 8],
			"rotation": {"angle": -22.5, "axis": "x", "origin": [8, 8, 8]},
			"faces": {
				"north": {"uv": [6.5, 6, 7.5, 6.5], "texture": "#1"},
				"east": {"uv": [6, 6, 6.5, 6.5], "texture": "#1"},
				"south": {"uv": [6.5, 6, 7.5, 6.5], "rotation": 180, "texture": "#1"},
				"up": {"uv": [6.5, 5.5, 7.5, 6], "rotation": 180, "texture": "#1"},
				"down": {"uv": [6.5, 5.5, 7.5, 6], "rotation": 180, "texture": "#1"}
			}
		},
		{
			"name": "brush",
			"from": [2.5, -3.25, 6],
			"to": [6.5, -1.25, 8],
			"rotation": {"angle": -22.5, "axis": "x", "origin": [8, 8, 8]},
			"faces": {
				"north": {"uv": [8.5, 6, 9.5, 6.5], "texture": "#1"},
				"south": {"uv": [6.5, 6, 7.5, 6.5], "texture": "#1"},
				"west": {"uv": [9.5, 6, 10, 6.5], "texture": "#1"},
				"up": {"uv": [8.5, 6, 9.5, 6.5], "rotation": 180, "texture": "#1"},
				"down": {"uv": [8.5, 6, 9.5, 6.5], "rotation": 180, "texture": "#1"}
			}
		},
		{
			"name": "brush",
			"from": [2.5, -0.75, 6],
			"to": [6.5, 1.25, 8],
			"rotation": {"angle": -22.5, "axis": "x", "origin": [8, 8, 8]},
			"faces": {
				"north": {"uv": [8.5, 5.5, 9.5, 6], "texture": "#1"},
				"south": {"uv": [6.5, 5.5, 7.5, 6], "texture": "#1"},
				"west": {"uv": [9.5, 6, 10, 6.5], "texture": "#1"},
				"up": {"uv": [8.5, 6, 9.5, 6.5], "rotation": 180, "texture": "#1"},
				"down": {"uv": [8.5, 6, 9.5, 6.5], "rotation": 180, "texture": "#1"}
			}
		},
		{
			"name": "brush",
			"from": [2.5, 1.75, 6],
			"to": [6.5, 3.75, 8],
			"rotation": {"angle": -22.5, "axis": "x", "origin": [8, 8, 8]},
			"faces": {
				"north": {"uv": [6.5, 5.5, 7.5, 6], "rotation": 180, "texture": "#1"},
				"south": {"uv": [8.5, 6, 9.5, 6.5], "rotation": 180, "texture": "#1"},
				"west": {"uv": [9.5, 6, 10, 6.5], "texture": "#1"},
				"up": {"uv": [8.5, 6, 9.5, 6.5], "rotation": 180, "texture": "#1"},
				"down": {"uv": [8.5, 6, 9.5, 6.5], "rotation": 180, "texture": "#1"}
			}
		},
		{
			"name": "shaft",
			"from": [6.5, -8.25, 0.6],
			"to": [9.5, -3.25, 3.6],
			"rotation": {"angle": -45, "axis": "x", "origin": [8, 8, 8]},
			"faces": {
				"north": {"uv": [3.75, 6.25, 4.5, 7.75], "texture": "#1"},
				"east": {"uv": [3, 6.25, 3.75, 7.75], "texture": "#1"},
				"south": {"uv": [5, 6.25, 5.75, 7.75], "texture": "#1"},
				"west": {"uv": [4.5, 6.25, 5.25, 7.75], "texture": "#1"},
				"up": {"uv": [3.75, 5.5, 4.5, 6.25], "texture": "#1"},
				"down": {"uv": [4.5, 5.5, 5.25, 6.25], "texture": "#1"}
			}
		},
		{
			"name": "shaft",
			"from": [6.5, -5.25, 5.5],
			"to": [9.5, 4.75, 8.5],
			"rotation": {"angle": -22.5, "axis": "x", "origin": [8, 8, 8]},
			"faces": {
				"north": {"uv": [0.75, 6.25, 1.5, 8.75], "texture": "#1"},
				"east": {"uv": [0, 6.25, 0.75, 8.75], "texture": "#1"},
				"south": {"uv": [2.25, 6.25, 3, 8.75], "texture": "#1"},
				"west": {"uv": [1.5, 6.25, 2.25, 8.75], "texture": "#1"}
			}
		}
	],
	"display": {
		"head": {
			"scale": [1.4, 1.4, 1.4],
			"translation": [0, 19, 1.5],
			"rotation": [0, 0, 0]
		},
		"thirdperson_righthand": {
			"scale": [0.6, 0.6, 0.6],
			"translation": [0, 0, 0],
			"rotation": [0, 0, 0]
		},
		"gui": {
			"rotation": [30, -135, 0],
			"scale": [0.7, 0.7, 0.7],
			"translation": [0, 1.5, 0]
		},
		"thirdperson_lefthand": {
			"scale": [0.6, 0.6, 0.6],
			"rotation": [0, 0, 0]
		},
		"firstperson_righthand": {
			"rotation": [0, 0, 0],
			"scale": [0.6, 0.6, 0.6],
			"translation": [0, 0, 0]
		},
		"firstperson_lefthand": {
			"scale": [0.6, 0.6, 0.6]
		},
		"ground": {
			"translation": [0, 4.5, 0],
			"scale": [0.8, 0.8, 0.8]
		},
		"fixed": {
			"rotation": [-90, 0, 0],
			"translation": [0, 0, -15]
		}
	},
	"groups": [
		{
			"name": "group",
			"isOpen": true,
			"export": true,
			"visibility": true,
			"children": [0, 1, 2, 3, 4]
		},
		{
			"name": "group",
			"isOpen": true,
			"export": true,
			"visibility": true,
			"children": [5, 6, 7, 8, 9, 10, 11, 12]
		}
	]
}