{
	"credit": "Made with Blockbench",
	"textures": {
		"1": "hat/misc/lens_of_truth"
	},
	"elements": [
		{
			"name": "left",
			"from": [4, 2, 0.5],
			"to": [12, 11, 0.5],
			"faces": {
				"north": {"uv": [4, 4, 12, 12], "texture": "#1"},
				"south": {"uv": [4, 4, 12, 12], "texture": "#1"}
			}
		},
		{
			"name": "left",
			"from": [2, 0, 0],
			"to": [14, 2, 1],
			"faces": {
				"north": {"uv": [2, 12, 14, 14], "texture": "#1"},
				"east": {"uv": [2, 12, 3, 14], "texture": "#1"},
				"south": {"uv": [14, 12, 2, 14], "texture": "#1"},
				"west": {"uv": [13, 12, 14, 14], "texture": "#1"},
				"up": {"uv": [2, 12, 14, 13], "rotation": 180, "texture": "#1"},
				"down": {"uv": [2, 13, 14, 14], "rotation": 180, "texture": "#1"}
			}
		},
		{
			"name": "left",
			"from": [2, 11, 0],
			"to": [14, 13, 1],
			"faces": {
				"north": {"uv": [2, 2, 14, 4], "texture": "#1"},
				"east": {"uv": [2, 2, 3, 4], "texture": "#1"},
				"south": {"uv": [14, 2, 2, 4], "texture": "#1"},
				"west": {"uv": [13, 2, 14, 4], "texture": "#1"},
				"up": {"uv": [2, 2, 14, 3], "rotation": 180, "texture": "#1"},
				"down": {"uv": [2, 13, 14, 14], "rotation": 180, "texture": "#1"}
			}
		},
		{
			"name": "left",
			"from": [12, 2, 0],
			"to": [14, 11, 1],
			"faces": {
				"north": {"uv": [2, 4, 4, 12], "texture": "#1"},
				"east": {"uv": [2, 4, 3, 12], "texture": "#1"},
				"south": {"uv": [4, 4, 2, 12], "texture": "#1"},
				"west": {"uv": [13, 2, 14, 4], "texture": "#1"}
			}
		},
		{
			"name": "left",
			"from": [2, 2, 0],
			"to": [4, 11, 1],
			"faces": {
				"north": {"uv": [12, 4, 14, 12], "texture": "#1"},
				"east": {"uv": [12, 4, 13, 12], "texture": "#1"},
				"south": {"uv": [14, 4, 12, 12], "texture": "#1"},
				"west": {"uv": [13, 4, 14, 12], "texture": "#1"}
			}
		}
	],
	"display": {
		"thirdperson_righthand": {
			"translation": [0, 3.75, 7.75]
		},
		"thirdperson_lefthand": {
			"translation": [0, 3.75, 7.75]
		},
		"firstperson_righthand": {
			"translation": [-8.75, 6, 2],
			"scale": [2, 2, 1]
		},
		"firstperson_lefthand": {
			"translation": [-8.75, 6, 2],
			"scale": [2, 2, 1]
		},
		"ground": {
			"translation": [0, 0, 3.75],
			"scale": [0.5, 0.5, 0.5]
		},
		"gui": {
			"rotation": [30, 135, 0],
			"translation": [4.25, 3, 0],
			"scale": [0.8, 0.8, 0.8]
		},
		"head": {
			"translation": [0, 3.25, 3.5],
			"scale": [1.7, 1.7, 1.7]
		},
		"fixed": {
			"translation": [0, 40, 30.25],
			"scale": [4, 4, 4]
		}
	}
}