{
	"credit": "Made with Blockbench",
	"textures": {
		"1": "hat/misc/mask_owo"
	},
	"elements": [
		{
			"name": "lcorn",
			"from": [12.62, 5.29, 4],
			"to": [13.33, 6.71, 5],
			"rotation": {"angle": -45, "axis": "z", "origin": [11.35, 5.65, 4.5]},
			"faces": {
				"north": {"uv": [0, 6, 1, 5], "texture": "#1"},
				"east": {"uv": [0, 6, 1, 5], "texture": "#1"},
				"south": {"uv": [0, 6, 1, 5], "texture": "#1"},
				"up": {"uv": [0, 6, 1, 5], "texture": "#1"},
				"down": {"uv": [0, 6, 1, 5], "texture": "#1"}
			}
		},
		{
			"name": "lcorn",
			"from": [10.67, 5.29, 4],
			"to": [11.38, 6.71, 5],
			"rotation": {"angle": 45, "axis": "z", "origin": [12.65, 5.65, 4.5]},
			"faces": {
				"north": {"uv": [6, 6, 5, 5], "texture": "#1"},
				"south": {"uv": [6, 6, 5, 5], "texture": "#1"},
				"west": {"uv": [6, 6, 5, 5], "texture": "#1"},
				"up": {"uv": [6, 6, 5, 5], "texture": "#1"},
				"down": {"uv": [6, 6, 5, 5], "texture": "#1"}
			}
		},
		{
			"name": "lcorn",
			"from": [9.62, 3.29, 4],
			"to": [10.33, 4.71, 5],
			"rotation": {"angle": -45, "axis": "z", "origin": [8.35, 3.65, 4.5]},
			"faces": {
				"north": {"uv": [0, 6, 1, 5], "texture": "#1"},
				"east": {"uv": [0, 6, 1, 5], "texture": "#1"},
				"south": {"uv": [0, 6, 1, 5], "texture": "#1"},
				"up": {"uv": [0, 6, 1, 5], "texture": "#1"},
				"down": {"uv": [0, 6, 1, 5], "texture": "#1"}
			}
		},
		{
			"name": "lcorn",
			"from": [7.67, 3.29, 4],
			"to": [8.38, 4.71, 5],
			"rotation": {"angle": 45, "axis": "z", "origin": [9.65, 3.65, 4.5]},
			"faces": {
				"north": {"uv": [6, 6, 5, 5], "texture": "#1"},
				"south": {"uv": [6, 6, 5, 5], "texture": "#1"},
				"west": {"uv": [6, 6, 5, 5], "texture": "#1"},
				"up": {"uv": [6, 6, 5, 5], "texture": "#1"},
				"down": {"uv": [6, 6, 5, 5], "texture": "#1"}
			}
		},
		{
			"name": "lcorn",
			"from": [5.67, 3.29, 4],
			"to": [6.38, 4.71, 5],
			"rotation": {"angle": 45, "axis": "z", "origin": [7.65, 3.65, 4.5]},
			"faces": {
				"north": {"uv": [6, 6, 5, 5], "texture": "#1"},
				"south": {"uv": [6, 6, 5, 5], "texture": "#1"},
				"west": {"uv": [6, 6, 5, 5], "texture": "#1"},
				"up": {"uv": [6, 6, 5, 5], "texture": "#1"},
				"down": {"uv": [6, 6, 5, 5], "texture": "#1"}
			}
		},
		{
			"name": "lcorn",
			"from": [7.62, 3.29, 4],
			"to": [8.33, 4.71, 5],
			"rotation": {"angle": -45, "axis": "z", "origin": [6.35, 3.65, 4.5]},
			"faces": {
				"north": {"uv": [0, 6, 1, 5], "texture": "#1"},
				"east": {"uv": [0, 6, 1, 5], "texture": "#1"},
				"south": {"uv": [0, 6, 1, 5], "texture": "#1"},
				"up": {"uv": [0, 6, 1, 5], "texture": "#1"},
				"down": {"uv": [0, 6, 1, 5], "texture": "#1"}
			}
		},
		{
			"name": "lcorn",
			"from": [4.62, 5.29, 4],
			"to": [5.33, 6.71, 5],
			"rotation": {"angle": -45, "axis": "z", "origin": [3.35, 5.65, 4.5]},
			"faces": {
				"north": {"uv": [0, 6, 1, 5], "texture": "#1"},
				"east": {"uv": [0, 6, 1, 5], "texture": "#1"},
				"south": {"uv": [0, 6, 1, 5], "texture": "#1"},
				"up": {"uv": [0, 6, 1, 5], "texture": "#1"},
				"down": {"uv": [0, 6, 1, 5], "texture": "#1"}
			}
		},
		{
			"name": "lcorn",
			"from": [2.67, 5.29, 4],
			"to": [3.38, 6.71, 5],
			"rotation": {"angle": 45, "axis": "z", "origin": [4.65, 5.65, 4.5]},
			"faces": {
				"north": {"uv": [6, 6, 5, 5], "texture": "#1"},
				"south": {"uv": [6, 6, 5, 5], "texture": "#1"},
				"west": {"uv": [6, 6, 5, 5], "texture": "#1"},
				"up": {"uv": [6, 6, 5, 5], "texture": "#1"},
				"down": {"uv": [6, 6, 5, 5], "texture": "#1"}
			}
		},
		{
			"name": "lcorn",
			"from": [12.37, 5.54, 4],
			"to": [13.33, 6.46, 5],
			"rotation": {"angle": -45, "axis": "z", "origin": [11.35, 5.65, 4.5]},
			"faces": {
				"north": {"uv": [0, 6, 1, 5], "texture": "#1"},
				"south": {"uv": [0, 6, 1, 5], "texture": "#1"},
				"west": {"uv": [0, 6, 1, 5], "texture": "#1"},
				"up": {"uv": [0, 6, 1, 5], "texture": "#1"},
				"down": {"uv": [0, 6, 1, 5], "texture": "#1"}
			}
		},
		{
			"name": "lcorn",
			"from": [10.67, 5.54, 4],
			"to": [11.63, 6.46, 5],
			"rotation": {"angle": 45, "axis": "z", "origin": [12.65, 5.65, 4.5]},
			"faces": {
				"north": {"uv": [6, 6, 5, 5], "texture": "#1"},
				"east": {"uv": [6, 6, 5, 5], "texture": "#1"},
				"south": {"uv": [6, 6, 5, 5], "texture": "#1"},
				"up": {"uv": [6, 6, 5, 5], "texture": "#1"},
				"down": {"uv": [6, 6, 5, 5], "texture": "#1"}
			}
		},
		{
			"name": "lcorn",
			"from": [9.37, 3.54, 4],
			"to": [10.33, 4.46, 5],
			"rotation": {"angle": -45, "axis": "z", "origin": [8.35, 3.65, 4.5]},
			"faces": {
				"north": {"uv": [0, 6, 1, 5], "texture": "#1"},
				"south": {"uv": [0, 6, 1, 5], "texture": "#1"},
				"west": {"uv": [0, 6, 1, 5], "texture": "#1"},
				"up": {"uv": [0, 6, 1, 5], "texture": "#1"},
				"down": {"uv": [0, 6, 1, 5], "texture": "#1"}
			}
		},
		{
			"name": "lcorn",
			"from": [7.67, 3.54, 4],
			"to": [8.63, 4.46, 5],
			"rotation": {"angle": 45, "axis": "z", "origin": [9.65, 3.65, 4.5]},
			"faces": {
				"north": {"uv": [6, 6, 5, 5], "texture": "#1"},
				"east": {"uv": [6, 6, 5, 5], "texture": "#1"},
				"south": {"uv": [6, 6, 5, 5], "texture": "#1"},
				"up": {"uv": [6, 6, 5, 5], "texture": "#1"},
				"down": {"uv": [6, 6, 5, 5], "texture": "#1"}
			}
		},
		{
			"name": "lcorn",
			"from": [5.67, 3.54, 4],
			"to": [6.63, 4.46, 5],
			"rotation": {"angle": 45, "axis": "z", "origin": [7.65, 3.65, 4.5]},
			"faces": {
				"north": {"uv": [6, 6, 5, 5], "texture": "#1"},
				"east": {"uv": [6, 6, 5, 5], "texture": "#1"},
				"south": {"uv": [6, 6, 5, 5], "texture": "#1"},
				"up": {"uv": [6, 6, 5, 5], "texture": "#1"},
				"down": {"uv": [6, 6, 5, 5], "texture": "#1"}
			}
		},
		{
			"name": "lcorn",
			"from": [7.37, 3.54, 4],
			"to": [8.33, 4.46, 5],
			"rotation": {"angle": -45, "axis": "z", "origin": [6.35, 3.65, 4.5]},
			"faces": {
				"north": {"uv": [0, 6, 1, 5], "texture": "#1"},
				"south": {"uv": [0, 6, 1, 5], "texture": "#1"},
				"west": {"uv": [0, 6, 1, 5], "texture": "#1"},
				"up": {"uv": [0, 6, 1, 5], "texture": "#1"},
				"down": {"uv": [0, 6, 1, 5], "texture": "#1"}
			}
		},
		{
			"name": "lcorn",
			"from": [4.37, 5.54, 4],
			"to": [5.33, 6.46, 5],
			"rotation": {"angle": -45, "axis": "z", "origin": [3.35, 5.65, 4.5]},
			"faces": {
				"north": {"uv": [0, 6, 1, 5], "texture": "#1"},
				"south": {"uv": [0, 6, 1, 5], "texture": "#1"},
				"west": {"uv": [0, 6, 1, 5], "texture": "#1"},
				"up": {"uv": [0, 6, 1, 5], "texture": "#1"},
				"down": {"uv": [0, 6, 1, 5], "texture": "#1"}
			}
		},
		{
			"name": "lcorn",
			"from": [2.67, 5.54, 4],
			"to": [3.63, 6.46, 5],
			"rotation": {"angle": 45, "axis": "z", "origin": [4.65, 5.65, 4.5]},
			"faces": {
				"north": {"uv": [6, 6, 5, 5], "texture": "#1"},
				"east": {"uv": [6, 6, 5, 5], "texture": "#1"},
				"south": {"uv": [6, 6, 5, 5], "texture": "#1"},
				"up": {"uv": [6, 6, 5, 5], "texture": "#1"},
				"down": {"uv": [6, 6, 5, 5], "texture": "#1"}
			}
		},
		{
			"name": "left",
			"from": [12.5, 5, 4],
			"to": [13.5, 8, 5],
			"faces": {
				"north": {"uv": [0, 1, 2, 5], "texture": "#1"},
				"east": {"uv": [0, 1, 2, 5], "texture": "#1"},
				"south": {"uv": [0, 1, 2, 5], "texture": "#1"},
				"west": {"uv": [0, 1, 2, 5], "texture": "#1"},
				"up": {"uv": [0, 1, 2, 5], "texture": "#1"}
			}
		},
		{
			"name": "left",
			"from": [10.5, 5, 4],
			"to": [11.5, 8, 5],
			"faces": {
				"north": {"uv": [4, 1, 6, 5], "texture": "#1"},
				"east": {"uv": [4, 1, 6, 5], "texture": "#1"},
				"south": {"uv": [4, 1, 6, 5], "texture": "#1"},
				"west": {"uv": [4, 1, 6, 5], "texture": "#1"},
				"up": {"uv": [0, 1, 2, 5], "texture": "#1"}
			}
		},
		{
			"name": "left",
			"from": [11.5, 4, 4],
			"to": [12.5, 5, 5],
			"faces": {
				"north": {"uv": [1, 4, 5, 6], "texture": "#1"},
				"south": {"uv": [1, 4, 5, 6], "rotation": 180, "texture": "#1"},
				"up": {"uv": [1, 4, 5, 6], "rotation": 180, "texture": "#1"},
				"down": {"uv": [1, 4, 5, 6], "rotation": 180, "texture": "#1"}
			}
		},
		{
			"name": "left",
			"from": [9.5, 3, 4],
			"to": [10.5, 5, 5],
			"faces": {
				"north": {"uv": [0, 1, 2, 5], "texture": "#1"},
				"east": {"uv": [0, 1, 2, 5], "texture": "#1"},
				"south": {"uv": [0, 1, 2, 5], "texture": "#1"},
				"west": {"uv": [0, 1, 2, 5], "texture": "#1"},
				"up": {"uv": [0, 1, 2, 5], "texture": "#1"}
			}
		},
		{
			"name": "left",
			"from": [5.5, 3, 4],
			"to": [6.5, 5, 5],
			"faces": {
				"north": {"uv": [4, 1, 6, 5], "texture": "#1"},
				"east": {"uv": [4, 1, 6, 5], "texture": "#1"},
				"south": {"uv": [4, 1, 6, 5], "texture": "#1"},
				"west": {"uv": [4, 1, 6, 5], "texture": "#1"},
				"up": {"uv": [0, 1, 2, 5], "texture": "#1"}
			}
		},
		{
			"name": "left",
			"from": [8.5, 2, 4],
			"to": [9.5, 3, 5],
			"faces": {
				"north": {"uv": [1, 4, 5, 6], "texture": "#1"},
				"south": {"uv": [1, 4, 5, 6], "rotation": 180, "texture": "#1"},
				"up": {"uv": [1, 4, 5, 6], "rotation": 180, "texture": "#1"},
				"down": {"uv": [1, 4, 5, 6], "rotation": 180, "texture": "#1"}
			}
		},
		{
			"name": "left",
			"from": [6.5, 2, 4],
			"to": [7.5, 3, 5],
			"faces": {
				"north": {"uv": [1, 4, 5, 6], "texture": "#1"},
				"south": {"uv": [1, 4, 5, 6], "rotation": 180, "texture": "#1"},
				"up": {"uv": [1, 4, 5, 6], "rotation": 180, "texture": "#1"},
				"down": {"uv": [1, 4, 5, 6], "rotation": 180, "texture": "#1"}
			}
		},
		{
			"name": "left",
			"from": [7.5, 3, 4],
			"to": [8.5, 5, 5],
			"faces": {
				"north": {"uv": [0, 1, 2, 5], "texture": "#1"},
				"east": {"uv": [0, 1, 2, 5], "texture": "#1"},
				"south": {"uv": [0, 1, 2, 5], "texture": "#1"},
				"west": {"uv": [0, 1, 2, 5], "texture": "#1"},
				"up": {"uv": [0, 1, 2, 5], "texture": "#1"}
			}
		},
		{
			"name": "left",
			"from": [2.5, 5, 4],
			"to": [3.5, 8, 5],
			"faces": {
				"north": {"uv": [4, 1, 6, 5], "texture": "#1"},
				"east": {"uv": [4, 1, 6, 5], "texture": "#1"},
				"south": {"uv": [4, 1, 6, 5], "texture": "#1"},
				"west": {"uv": [4, 1, 6, 5], "texture": "#1"},
				"up": {"uv": [0, 1, 2, 5], "texture": "#1"}
			}
		},
		{
			"name": "left",
			"from": [4.5, 5, 4],
			"to": [5.5, 8, 5],
			"faces": {
				"north": {"uv": [0, 1, 2, 5], "texture": "#1"},
				"east": {"uv": [0, 1, 2, 5], "texture": "#1"},
				"south": {"uv": [0, 1, 2, 5], "texture": "#1"},
				"west": {"uv": [0, 1, 2, 5], "texture": "#1"},
				"up": {"uv": [0, 1, 2, 5], "texture": "#1"}
			}
		},
		{
			"name": "left",
			"from": [3.5, 4, 4],
			"to": [4.5, 5, 5],
			"faces": {
				"north": {"uv": [1, 4, 5, 6], "texture": "#1"},
				"south": {"uv": [1, 4, 5, 6], "rotation": 180, "texture": "#1"},
				"up": {"uv": [1, 4, 5, 6], "rotation": 180, "texture": "#1"},
				"down": {"uv": [1, 4, 5, 6], "rotation": 180, "texture": "#1"}
			}
		}
	],
	"display": {
		"thirdperson_righthand": {
			"scale": [0.8, 0.8, 0.8]
		},
		"gui": {
			"rotation": [0, 180, 0],
			"translation": [0, 2.5, 0],
			"scale": [1.45, 1.45, 1.45]
		},
		"head": {
			"translation": [0, 3.75, -2],
			"scale": [1.6, 1.6, 1.6]
		},
		"fixed": {
			"rotation": [0, -180, 0],
			"translation": [0, 16.5, 21],
			"scale": [4, 4, 4]
		}
	},
	"groups": [
		{
			"name": "l",
			"children": [
				{
					"name": "group",
					"children": [0, 1, 2, 3, 4, 5, 6, 7]
				},
				{
					"name": "group",
					"children": [8, 9, 10, 11, 12, 13, 14, 15]
				}, 16, 17, 18, 19, 20, 21, 22, 23, 24, 25, 26]
		},
		{
			"name": "r",
			"children": [
				{
					"name": "group",
					"children": []
				},
				{
					"name": "group",
					"children": []
				}
			]
		}
	]
}