{
	"credit": "Made with Blockbench",
	"textures": {
		"1": "hat/misc/mayo_mask"
	},
	"elements": [
		{
			"name": "mayo_mask_0",
			"from": [10.5, 2, 15.5],
			"to": [10.75, 11.25, 16],
			"faces": {
				"north": {"uv": [8.75, 9.25, 9, 0], "rotation": 180, "texture": "#1"},
				"east": {"uv": [8.75, 0, 9, 9.25], "texture": "#1"},
				"south": {"uv": [8.75, 0, 9, 9.25], "texture": "#1"},
				"west": {"uv": [8.75, 0, 9, 9.25], "texture": "#1"},
				"up": {"uv": [9, 0, 8.75, 0.25], "rotation": 180, "texture": "#1"},
				"down": {"uv": [8.75, 9, 9, 9.25], "texture": "#1"}
			}
		},
		{
			"name": "mayo_mask_1",
			"from": [5.5, 2, 15.5],
			"to": [5.75, 11, 16],
			"faces": {
				"north": {"uv": [3.75, 9.25, 4, 0.25], "rotation": 180, "texture": "#1"},
				"east": {"uv": [3.75, 0.25, 4, 9.25], "texture": "#1"},
				"south": {"uv": [3.75, 0.25, 4, 9.25], "texture": "#1"},
				"west": {"uv": [3.75, 0.25, 4, 9.25], "texture": "#1"},
				"up": {"uv": [4, 0.25, 3.75, 0.5], "rotation": 180, "texture": "#1"},
				"down": {"uv": [3.75, 9, 4, 9.25], "texture": "#1"}
			}
		},
		{
			"name": "mayo_mask_2",
			"from": [5.75, 2.25, 15.5],
			"to": [6, 10.25, 16],
			"faces": {
				"north": {"uv": [4, 9, 4.25, 1], "rotation": 180, "texture": "#1"},
				"east": {"uv": [4, 1, 4.25, 9], "texture": "#1"},
				"south": {"uv": [4, 1, 4.25, 9], "texture": "#1"},
				"west": {"uv": [4, 1, 4.25, 9], "texture": "#1"},
				"up": {"uv": [4.25, 1, 4, 1.25], "rotation": 180, "texture": "#1"},
				"down": {"uv": [4, 8.75, 4.25, 9], "texture": "#1"}
			}
		},
		{
			"name": "mayo_mask_3",
			"from": [10.25, 2.25, 15.5],
			"to": [10.5, 10.25, 16],
			"faces": {
				"north": {"uv": [8.5, 9, 8.75, 1], "rotation": 180, "texture": "#1"},
				"east": {"uv": [8.5, 1, 8.75, 9], "texture": "#1"},
				"south": {"uv": [8.5, 1, 8.75, 9], "texture": "#1"},
				"west": {"uv": [8.5, 1, 8.75, 9], "texture": "#1"},
				"up": {"uv": [8.75, 1, 8.5, 1.25], "rotation": 180, "texture": "#1"},
				"down": {"uv": [8.5, 8.75, 8.75, 9], "texture": "#1"}
			}
		},
		{
			"name": "mayo_mask_4",
			"from": [5.25, 2, 15.5],
			"to": [5.5, 9.75, 16],
			"faces": {
				"north": {"uv": [3.5, 9.25, 3.75, 1.5], "rotation": 180, "texture": "#1"},
				"east": {"uv": [3.5, 1.5, 3.75, 9.25], "texture": "#1"},
				"south": {"uv": [3.5, 1.5, 3.75, 9.25], "texture": "#1"},
				"west": {"uv": [3.5, 1.5, 3.75, 9.25], "texture": "#1"},
				"up": {"uv": [3.75, 1.5, 3.5, 1.75], "rotation": 180, "texture": "#1"},
				"down": {"uv": [3.5, 9, 3.75, 9.25], "texture": "#1"}
			}
		},
		{
			"name": "mayo_mask_5",
			"from": [10.75, 2, 15.5],
			"to": [11, 9.75, 16],
			"faces": {
				"north": {"uv": [9, 9.25, 9.25, 1.5], "rotation": 180, "texture": "#1"},
				"east": {"uv": [9, 1.5, 9.25, 9.25], "texture": "#1"},
				"south": {"uv": [9, 1.5, 9.25, 9.25], "texture": "#1"},
				"west": {"uv": [9, 1.5, 9.25, 9.25], "texture": "#1"},
				"up": {"uv": [9.25, 1.5, 9, 1.75], "rotation": 180, "texture": "#1"},
				"down": {"uv": [9, 9, 9.25, 9.25], "texture": "#1"}
			}
		},
		{
			"name": "mayo_mask_6",
			"from": [6, 8.25, 15.5],
			"to": [6.25, 9.25, 16],
			"faces": {
				"north": {"uv": [4.25, 3, 4.5, 2], "rotation": 180, "texture": "#1"},
				"east": {"uv": [4.25, 2, 4.5, 3], "texture": "#1"},
				"south": {"uv": [4.25, 2, 4.5, 3], "texture": "#1"},
				"west": {"uv": [4.25, 2, 4.5, 3], "texture": "#1"},
				"up": {"uv": [4.5, 2, 4.25, 2.25], "rotation": 180, "texture": "#1"},
				"down": {"uv": [4.25, 2.75, 4.5, 3], "texture": "#1"}
			}
		},
		{
			"name": "mayo_mask_7",
			"from": [10, 8.25, 15.5],
			"to": [10.25, 9.25, 16],
			"faces": {
				"north": {"uv": [8.25, 3, 8.5, 2], "rotation": 180, "texture": "#1"},
				"east": {"uv": [8.25, 2, 8.5, 3], "texture": "#1"},
				"south": {"uv": [8.25, 2, 8.5, 3], "texture": "#1"},
				"west": {"uv": [8.25, 2, 8.5, 3], "texture": "#1"},
				"up": {"uv": [8.5, 2, 8.25, 2.25], "rotation": 180, "texture": "#1"},
				"down": {"uv": [8.25, 2.75, 8.5, 3], "texture": "#1"}
			}
		},
		{
			"name": "mayo_mask_8",
			"from": [5, 3, 15.5],
			"to": [5.25, 8.5, 16],
			"faces": {
				"north": {"uv": [3.25, 8.25, 3.5, 2.75], "rotation": 180, "texture": "#1"},
				"east": {"uv": [3.25, 2.75, 3.5, 8.25], "texture": "#1"},
				"south": {"uv": [3.25, 2.75, 3.5, 8.25], "texture": "#1"},
				"west": {"uv": [3.25, 2.75, 3.5, 8.25], "texture": "#1"},
				"up": {"uv": [3.5, 2.75, 3.25, 3], "rotation": 180, "texture": "#1"},
				"down": {"uv": [3.25, 8, 3.5, 8.25], "texture": "#1"}
			}
		},
		{
			"name": "mayo_mask_9",
			"from": [11, 3, 15.5],
			"to": [11.25, 8.5, 16],
			"faces": {
				"north": {"uv": [9.25, 8.25, 9.5, 2.75], "rotation": 180, "texture": "#1"},
				"east": {"uv": [9.25, 2.75, 9.5, 8.25], "texture": "#1"},
				"south": {"uv": [9.25, 2.75, 9.5, 8.25], "texture": "#1"},
				"west": {"uv": [9.25, 2.75, 9.5, 8.25], "texture": "#1"},
				"up": {"uv": [9.5, 2.75, 9.25, 3], "rotation": 180, "texture": "#1"},
				"down": {"uv": [9.25, 8, 9.5, 8.25], "texture": "#1"}
			}
		},
		{
			"name": "mayo_mask_10",
			"from": [4.75, 3, 15.5],
			"to": [5, 8, 16],
			"faces": {
				"north": {"uv": [3, 8.25, 3.25, 3.25], "rotation": 180, "texture": "#1"},
				"east": {"uv": [3, 3.25, 3.25, 8.25], "texture": "#1"},
				"south": {"uv": [3, 3.25, 3.25, 8.25], "texture": "#1"},
				"west": {"uv": [3, 3.25, 3.25, 8.25], "texture": "#1"},
				"up": {"uv": [3.25, 3.25, 3, 3.5], "rotation": 180, "texture": "#1"},
				"down": {"uv": [3, 8, 3.25, 8.25], "texture": "#1"}
			}
		},
		{
			"name": "mayo_mask_11",
			"from": [6, 1.25, 15.5],
			"to": [6.75, 8, 16],
			"faces": {
				"north": {"uv": [4.25, 10, 5, 3.25], "rotation": 180, "texture": "#1"},
				"east": {"uv": [4.75, 3.25, 5, 10], "texture": "#1"},
				"south": {"uv": [4.25, 3.25, 5, 10], "texture": "#1"},
				"west": {"uv": [4.25, 3.25, 4.5, 10], "texture": "#1"},
				"up": {"uv": [5, 3.25, 4.25, 3.5], "rotation": 180, "texture": "#1"},
				"down": {"uv": [4.25, 9.75, 5, 10], "texture": "#1"}
			}
		},
		{
			"name": "mayo_mask_12",
			"from": [9.5, 1.25, 15.5],
			"to": [10.25, 8, 16],
			"faces": {
				"north": {"uv": [7.75, 10, 8.5, 3.25], "rotation": 180, "texture": "#1"},
				"east": {"uv": [8.25, 3.25, 8.5, 10], "texture": "#1"},
				"south": {"uv": [7.75, 3.25, 8.5, 10], "texture": "#1"},
				"west": {"uv": [7.75, 3.25, 8, 10], "texture": "#1"},
				"up": {"uv": [8.5, 3.25, 7.75, 3.5], "rotation": 180, "texture": "#1"},
				"down": {"uv": [7.75, 9.75, 8.5, 10], "texture": "#1"}
			}
		},
		{
			"name": "mayo_mask_13",
			"from": [4.5, 3, 15.5],
			"to": [4.75, 7.75, 16],
			"faces": {
				"north": {"uv": [2.75, 8.25, 3, 3.5], "rotation": 180, "texture": "#1"},
				"east": {"uv": [2.75, 3.5, 3, 8.25], "texture": "#1"},
				"south": {"uv": [2.75, 3.5, 3, 8.25], "texture": "#1"},
				"west": {"uv": [2.75, 3.5, 3, 8.25], "texture": "#1"},
				"up": {"uv": [3, 3.5, 2.75, 3.75], "rotation": 180, "texture": "#1"},
				"down": {"uv": [2.75, 8, 3, 8.25], "texture": "#1"}
			}
		},
		{
			"name": "mayo_mask_14",
			"from": [6.75, 1.5, 15.5],
			"to": [7, 7.75, 16],
			"faces": {
				"north": {"uv": [5, 9.75, 5.25, 3.5], "rotation": 180, "texture": "#1"},
				"east": {"uv": [5, 3.5, 5.25, 9.75], "texture": "#1"},
				"south": {"uv": [5, 3.5, 5.25, 9.75], "texture": "#1"},
				"west": {"uv": [5, 3.5, 5.25, 9.75], "texture": "#1"},
				"up": {"uv": [5.25, 3.5, 5, 3.75], "rotation": 180, "texture": "#1"},
				"down": {"uv": [5, 9.5, 5.25, 9.75], "texture": "#1"}
			}
		},
		{
			"name": "mayo_mask_15",
			"from": [9, 1.5, 15.5],
			"to": [9.5, 7.75, 16],
			"faces": {
				"north": {"uv": [7.25, 9.75, 7.75, 3.5], "rotation": 180, "texture": "#1"},
				"east": {"uv": [7.5, 3.5, 7.75, 9.75], "texture": "#1"},
				"south": {"uv": [7.25, 3.5, 7.75, 9.75], "texture": "#1"},
				"west": {"uv": [7.25, 3.5, 7.5, 9.75], "texture": "#1"},
				"up": {"uv": [7.75, 3.5, 7.25, 3.75], "rotation": 180, "texture": "#1"},
				"down": {"uv": [7.25, 9.5, 7.75, 9.75], "texture": "#1"}
			}
		},
		{
			"name": "mayo_mask_16",
			"from": [11.25, 3, 15.5],
			"to": [11.75, 7.75, 16],
			"faces": {
				"north": {"uv": [9.5, 8.25, 10, 3.5], "rotation": 180, "texture": "#1"},
				"east": {"uv": [9.75, 3.5, 10, 8.25], "texture": "#1"},
				"south": {"uv": [9.5, 3.5, 10, 8.25], "texture": "#1"},
				"west": {"uv": [9.5, 3.5, 9.75, 8.25], "texture": "#1"},
				"up": {"uv": [10, 3.5, 9.5, 3.75], "rotation": 180, "texture": "#1"},
				"down": {"uv": [9.5, 8, 10, 8.25], "texture": "#1"}
			}
		},
		{
			"name": "mayo_mask_17",
			"from": [4.25, 3, 15.5],
			"to": [4.5, 7.5, 16],
			"faces": {
				"north": {"uv": [2.5, 8.25, 2.75, 3.75], "rotation": 180, "texture": "#1"},
				"east": {"uv": [2.5, 3.75, 2.75, 8.25], "texture": "#1"},
				"south": {"uv": [2.5, 3.75, 2.75, 8.25], "texture": "#1"},
				"west": {"uv": [2.5, 3.75, 2.75, 8.25], "texture": "#1"},
				"up": {"uv": [2.75, 3.75, 2.5, 4], "rotation": 180, "texture": "#1"},
				"down": {"uv": [2.5, 8, 2.75, 8.25], "texture": "#1"}
			}
		},
		{
			"name": "mayo_mask_18",
			"from": [7, 1.25, 15.5],
			"to": [9, 7.5, 16],
			"faces": {
				"north": {"uv": [5.25, 10, 7.25, 3.75], "rotation": 180, "texture": "#1"},
				"east": {"uv": [7, 3.75, 7.25, 10], "texture": "#1"},
				"south": {"uv": [5.25, 3.75, 7.25, 10], "texture": "#1"},
				"west": {"uv": [5.25, 3.75, 5.5, 10], "texture": "#1"},
				"up": {"uv": [7.25, 3.75, 5.25, 4], "rotation": 180, "texture": "#1"},
				"down": {"uv": [5.25, 9.75, 7.25, 10], "texture": "#1"}
			}
		},
		{
			"name": "mayo_mask_19",
			"from": [4, 7, 15.5],
			"to": [4.25, 7.25, 16],
			"faces": {
				"north": {"uv": [2.25, 4.25, 2.5, 4], "rotation": 180, "texture": "#1"},
				"east": {"uv": [2.25, 4, 2.5, 4.25], "texture": "#1"},
				"south": {"uv": [2.25, 4, 2.5, 4.25], "texture": "#1"},
				"west": {"uv": [2.25, 4, 2.5, 4.25], "texture": "#1"},
				"up": {"uv": [2.5, 4, 2.25, 4.25], "rotation": 180, "texture": "#1"},
				"down": {"uv": [2.25, 4, 2.5, 4.25], "texture": "#1"}
			}
		},
		{
			"name": "mayo_mask_20",
			"from": [11.75, 7, 15.5],
			"to": [12.25, 7.25, 16],
			"faces": {
				"north": {"uv": [10, 4.25, 10.5, 4], "rotation": 180, "texture": "#1"},
				"east": {"uv": [10.25, 4, 10.5, 4.25], "texture": "#1"},
				"south": {"uv": [10, 4, 10.5, 4.25], "texture": "#1"},
				"west": {"uv": [10, 4, 10.25, 4.25], "texture": "#1"},
				"up": {"uv": [10.5, 4, 10, 4.25], "rotation": 180, "texture": "#1"},
				"down": {"uv": [10, 4, 10.5, 4.25], "texture": "#1"}
			}
		},
		{
			"name": "mayo_mask_21",
			"from": [11.75, 4.25, 15.5],
			"to": [12, 7, 16],
			"faces": {
				"north": {"uv": [10, 7, 10.25, 4.25], "rotation": 180, "texture": "#1"},
				"east": {"uv": [10, 4.25, 10.25, 7], "texture": "#1"},
				"south": {"uv": [10, 4.25, 10.25, 7], "texture": "#1"},
				"west": {"uv": [10, 4.25, 10.25, 7], "texture": "#1"},
				"up": {"uv": [10.25, 4.25, 10, 4.5], "rotation": 180, "texture": "#1"},
				"down": {"uv": [10, 6.75, 10.25, 7], "texture": "#1"}
			}
		},
		{
			"name": "mayo_mask_22",
			"from": [3.75, 4.25, 15.5],
			"to": [4.25, 6.75, 16],
			"faces": {
				"north": {"uv": [2, 7, 2.5, 4.5], "rotation": 180, "texture": "#1"},
				"east": {"uv": [2.25, 4.5, 2.5, 7], "texture": "#1"},
				"south": {"uv": [2, 4.5, 2.5, 7], "texture": "#1"},
				"west": {"uv": [2, 4.5, 2.25, 7], "texture": "#1"},
				"up": {"uv": [2.5, 4.5, 2, 4.75], "rotation": 180, "texture": "#1"},
				"down": {"uv": [2, 6.75, 2.5, 7], "texture": "#1"}
			}
		},
		{
			"name": "mayo_mask_23",
			"from": [12, 4.25, 15.5],
			"to": [12.5, 6.75, 16],
			"faces": {
				"north": {"uv": [10.25, 7, 10.75, 4.5], "rotation": 180, "texture": "#1"},
				"east": {"uv": [10.5, 4.5, 10.75, 7], "texture": "#1"},
				"south": {"uv": [10.25, 4.5, 10.75, 7], "texture": "#1"},
				"west": {"uv": [10.25, 4.5, 10.5, 7], "texture": "#1"},
				"up": {"uv": [10.75, 4.5, 10.25, 4.75], "rotation": 180, "texture": "#1"},
				"down": {"uv": [10.25, 6.75, 10.75, 7], "texture": "#1"}
			}
		},
		{
			"name": "mayo_mask_24",
			"from": [3.5, 4.25, 15.5],
			"to": [3.75, 5.25, 16],
			"faces": {
				"north": {"uv": [1.75, 7, 2, 6], "rotation": 180, "texture": "#1"},
				"east": {"uv": [1.75, 6, 2, 7], "texture": "#1"},
				"south": {"uv": [1.75, 6, 2, 7], "texture": "#1"},
				"west": {"uv": [1.75, 6, 2, 7], "texture": "#1"},
				"up": {"uv": [2, 6, 1.75, 6.25], "rotation": 180, "texture": "#1"},
				"down": {"uv": [1.75, 6.75, 2, 7], "texture": "#1"}
			}
		},
		{
			"name": "mayo_mask_25",
			"from": [12.5, 4.25, 15.5],
			"to": [12.75, 5.25, 16],
			"faces": {
				"north": {"uv": [10.75, 7, 11, 6], "rotation": 180, "texture": "#1"},
				"east": {"uv": [10.75, 6, 11, 7], "texture": "#1"},
				"south": {"uv": [10.75, 6, 11, 7], "texture": "#1"},
				"west": {"uv": [10.75, 6, 11, 7], "texture": "#1"},
				"up": {"uv": [11, 6, 10.75, 6.25], "rotation": 180, "texture": "#1"},
				"down": {"uv": [10.75, 6.75, 11, 7], "texture": "#1"}
			}
		},
		{
			"name": "mayo_mask_26",
			"from": [3, 4.25, 15.5],
			"to": [3.5, 5, 16],
			"faces": {
				"north": {"uv": [1.25, 7, 1.75, 6.25], "rotation": 180, "texture": "#1"},
				"east": {"uv": [1.5, 6.25, 1.75, 7], "texture": "#1"},
				"south": {"uv": [1.25, 6.25, 1.75, 7], "texture": "#1"},
				"west": {"uv": [1.25, 6.25, 1.5, 7], "texture": "#1"},
				"up": {"uv": [1.75, 6.25, 1.25, 6.5], "rotation": 180, "texture": "#1"},
				"down": {"uv": [1.25, 6.75, 1.75, 7], "texture": "#1"}
			}
		},
		{
			"name": "mayo_mask_27",
			"from": [12.75, 4.25, 15.5],
			"to": [13.25, 5, 16],
			"faces": {
				"north": {"uv": [11, 7, 11.5, 6.25], "rotation": 180, "texture": "#1"},
				"east": {"uv": [11.25, 6.25, 11.5, 7], "texture": "#1"},
				"south": {"uv": [11, 6.25, 11.5, 7], "texture": "#1"},
				"west": {"uv": [11, 6.25, 11.25, 7], "texture": "#1"},
				"up": {"uv": [11.5, 6.25, 11, 6.5], "rotation": 180, "texture": "#1"},
				"down": {"uv": [11, 6.75, 11.5, 7], "texture": "#1"}
			}
		},
		{
			"name": "mayo_mask_28",
			"from": [2.25, 4.25, 15.5],
			"to": [3, 4.75, 16],
			"faces": {
				"north": {"uv": [0.5, 7, 1.25, 6.5], "rotation": 180, "texture": "#1"},
				"east": {"uv": [1, 6.5, 1.25, 7], "texture": "#1"},
				"south": {"uv": [0.5, 6.5, 1.25, 7], "texture": "#1"},
				"west": {"uv": [0.5, 6.5, 0.75, 7], "texture": "#1"},
				"up": {"uv": [1.25, 6.5, 0.5, 6.75], "rotation": 180, "texture": "#1"},
				"down": {"uv": [0.5, 6.75, 1.25, 7], "texture": "#1"}
			}
		},
		{
			"name": "mayo_mask_29",
			"from": [13.25, 4.25, 15.5],
			"to": [14, 4.75, 16],
			"faces": {
				"north": {"uv": [11.5, 7, 12.25, 6.5], "rotation": 180, "texture": "#1"},
				"east": {"uv": [12, 6.5, 12.25, 7], "texture": "#1"},
				"south": {"uv": [11.5, 6.5, 12.25, 7], "texture": "#1"},
				"west": {"uv": [11.5, 6.5, 11.75, 7], "texture": "#1"},
				"up": {"uv": [12.25, 6.5, 11.5, 6.75], "rotation": 180, "texture": "#1"},
				"down": {"uv": [11.5, 6.75, 12.25, 7], "texture": "#1"}
			}
		},
		{
			"name": "mayo_mask_30",
			"from": [1.75, 4.25, 15.5],
			"to": [2.25, 4.5, 16],
			"faces": {
				"north": {"uv": [0, 7, 0.5, 6.75], "rotation": 180, "texture": "#1"},
				"east": {"uv": [0.25, 6.75, 0.5, 7], "texture": "#1"},
				"south": {"uv": [0, 6.75, 0.5, 7], "texture": "#1"},
				"west": {"uv": [0, 6.75, 0.25, 7], "texture": "#1"},
				"up": {"uv": [0.5, 6.75, 0, 7], "rotation": 180, "texture": "#1"},
				"down": {"uv": [0, 6.75, 0.5, 7], "texture": "#1"}
			}
		},
		{
			"name": "mayo_mask_31",
			"from": [14, 4.25, 15.5],
			"to": [14.5, 4.5, 16],
			"faces": {
				"north": {"uv": [12.25, 7, 12.75, 6.75], "rotation": 180, "texture": "#1"},
				"east": {"uv": [12.5, 6.75, 12.75, 7], "texture": "#1"},
				"south": {"uv": [12.25, 6.75, 12.75, 7], "texture": "#1"},
				"west": {"uv": [12.25, 6.75, 12.5, 7], "texture": "#1"},
				"up": {"uv": [12.75, 6.75, 12.25, 7], "rotation": 180, "texture": "#1"},
				"down": {"uv": [12.25, 6.75, 12.75, 7], "texture": "#1"}
			}
		},
		{
			"name": "mayo_mask_32",
			"from": [11.75, 3, 15.5],
			"to": [12, 4, 16],
			"faces": {
				"north": {"uv": [10, 8.25, 10.25, 7.25], "rotation": 180, "texture": "#1"},
				"east": {"uv": [10, 7.25, 10.25, 8.25], "texture": "#1"},
				"south": {"uv": [10, 7.25, 10.25, 8.25], "texture": "#1"},
				"west": {"uv": [10, 7.25, 10.25, 8.25], "texture": "#1"},
				"up": {"uv": [10.25, 7.25, 10, 7.5], "rotation": 180, "texture": "#1"},
				"down": {"uv": [10, 8, 10.25, 8.25], "texture": "#1"}
			}
		},
		{
			"name": "mayo_mask_33",
			"from": [3.75, 3, 15.5],
			"to": [4.25, 3.75, 16],
			"faces": {
				"north": {"uv": [2, 8.25, 2.5, 7.5], "rotation": 180, "texture": "#1"},
				"east": {"uv": [2.25, 7.5, 2.5, 8.25], "texture": "#1"},
				"south": {"uv": [2, 7.5, 2.5, 8.25], "texture": "#1"},
				"west": {"uv": [2, 7.5, 2.25, 8.25], "texture": "#1"},
				"up": {"uv": [2.5, 7.5, 2, 7.75], "rotation": 180, "texture": "#1"},
				"down": {"uv": [2, 8, 2.5, 8.25], "texture": "#1"}
			}
		},
		{
			"name": "mayo_mask_34",
			"from": [12, 3, 15.5],
			"to": [12.5, 3.75, 16],
			"faces": {
				"north": {"uv": [10.25, 8.25, 10.75, 7.5], "rotation": 180, "texture": "#1"},
				"east": {"uv": [10.5, 7.5, 10.75, 8.25], "texture": "#1"},
				"south": {"uv": [10.25, 7.5, 10.75, 8.25], "texture": "#1"},
				"west": {"uv": [10.25, 7.5, 10.5, 8.25], "texture": "#1"},
				"up": {"uv": [10.75, 7.5, 10.25, 7.75], "rotation": 180, "texture": "#1"},
				"down": {"uv": [10.25, 8, 10.75, 8.25], "texture": "#1"}
			}
		},
		{
			"name": "mayo_mask_35",
			"from": [3.25, 3, 15.5],
			"to": [3.75, 3.5, 16],
			"faces": {
				"north": {"uv": [1.5, 8.25, 2, 7.75], "rotation": 180, "texture": "#1"},
				"east": {"uv": [1.75, 7.75, 2, 8.25], "texture": "#1"},
				"south": {"uv": [1.5, 7.75, 2, 8.25], "texture": "#1"},
				"west": {"uv": [1.5, 7.75, 1.75, 8.25], "texture": "#1"},
				"up": {"uv": [2, 7.75, 1.5, 8], "rotation": 180, "texture": "#1"},
				"down": {"uv": [1.5, 8, 2, 8.25], "texture": "#1"}
			}
		},
		{
			"name": "mayo_mask_36",
			"from": [12.5, 3, 15.5],
			"to": [13, 3.5, 16],
			"faces": {
				"north": {"uv": [10.75, 8.25, 11.25, 7.75], "rotation": 180, "texture": "#1"},
				"east": {"uv": [11, 7.75, 11.25, 8.25], "texture": "#1"},
				"south": {"uv": [10.75, 7.75, 11.25, 8.25], "texture": "#1"},
				"west": {"uv": [10.75, 7.75, 11, 8.25], "texture": "#1"},
				"up": {"uv": [11.25, 7.75, 10.75, 8], "rotation": 180, "texture": "#1"},
				"down": {"uv": [10.75, 8, 11.25, 8.25], "texture": "#1"}
			}
		},
		{
			"name": "mayo_mask_37",
			"from": [2.75, 3, 15.5],
			"to": [3.25, 3.25, 16],
			"faces": {
				"north": {"uv": [1, 8.25, 1.5, 8], "rotation": 180, "texture": "#1"},
				"east": {"uv": [1.25, 8, 1.5, 8.25], "texture": "#1"},
				"south": {"uv": [1, 8, 1.5, 8.25], "texture": "#1"},
				"west": {"uv": [1, 8, 1.25, 8.25], "texture": "#1"},
				"up": {"uv": [1.5, 8, 1, 8.25], "rotation": 180, "texture": "#1"},
				"down": {"uv": [1, 8, 1.5, 8.25], "texture": "#1"}
			}
		},
		{
			"name": "mayo_mask_38",
			"from": [13, 3, 15.5],
			"to": [13.5, 3.25, 16],
			"faces": {
				"north": {"uv": [11.25, 8.25, 11.75, 8], "rotation": 180, "texture": "#1"},
				"east": {"uv": [11.5, 8, 11.75, 8.25], "texture": "#1"},
				"south": {"uv": [11.25, 8, 11.75, 8.25], "texture": "#1"},
				"west": {"uv": [11.25, 8, 11.5, 8.25], "texture": "#1"},
				"up": {"uv": [11.75, 8, 11.25, 8.25], "rotation": 180, "texture": "#1"},
				"down": {"uv": [11.25, 8, 11.75, 8.25], "texture": "#1"}
			}
		},
		{
			"name": "mayo_mask_39",
			"from": [4.75, 1.75, 15.5],
			"to": [5.25, 2.75, 16],
			"faces": {
				"north": {"uv": [3, 9.5, 3.5, 8.5], "rotation": 180, "texture": "#1"},
				"east": {"uv": [3.25, 8.5, 3.5, 9.5], "texture": "#1"},
				"south": {"uv": [3, 8.5, 3.5, 9.5], "texture": "#1"},
				"west": {"uv": [3, 8.5, 3.25, 9.5], "texture": "#1"},
				"up": {"uv": [3.5, 8.5, 3, 8.75], "rotation": 180, "texture": "#1"},
				"down": {"uv": [3, 9.25, 3.5, 9.5], "texture": "#1"}
			}
		},
		{
			"name": "mayo_mask_40",
			"from": [11, 1.75, 15.5],
			"to": [11.5, 2.75, 16],
			"faces": {
				"north": {"uv": [9.25, 9.5, 9.75, 8.5], "rotation": 180, "texture": "#1"},
				"east": {"uv": [9.5, 8.5, 9.75, 9.5], "texture": "#1"},
				"south": {"uv": [9.25, 8.5, 9.75, 9.5], "texture": "#1"},
				"west": {"uv": [9.25, 8.5, 9.5, 9.5], "texture": "#1"},
				"up": {"uv": [9.75, 8.5, 9.25, 8.75], "rotation": 180, "texture": "#1"},
				"down": {"uv": [9.25, 9.25, 9.75, 9.5], "texture": "#1"}
			}
		},
		{
			"name": "mayo_mask_41",
			"from": [4.5, 1.75, 15.5],
			"to": [4.75, 2.5, 16],
			"faces": {
				"north": {"uv": [2.75, 9.5, 3, 8.75], "rotation": 180, "texture": "#1"},
				"east": {"uv": [2.75, 8.75, 3, 9.5], "texture": "#1"},
				"south": {"uv": [2.75, 8.75, 3, 9.5], "texture": "#1"},
				"west": {"uv": [2.75, 8.75, 3, 9.5], "texture": "#1"},
				"up": {"uv": [3, 8.75, 2.75, 9], "rotation": 180, "texture": "#1"},
				"down": {"uv": [2.75, 9.25, 3, 9.5], "texture": "#1"}
			}
		},
		{
			"name": "mayo_mask_42",
			"from": [11.5, 1.75, 15.5],
			"to": [11.75, 2.5, 16],
			"faces": {
				"north": {"uv": [9.75, 9.5, 10, 8.75], "rotation": 180, "texture": "#1"},
				"east": {"uv": [9.75, 8.75, 10, 9.5], "texture": "#1"},
				"south": {"uv": [9.75, 8.75, 10, 9.5], "texture": "#1"},
				"west": {"uv": [9.75, 8.75, 10, 9.5], "texture": "#1"},
				"up": {"uv": [10, 8.75, 9.75, 9], "rotation": 180, "texture": "#1"},
				"down": {"uv": [9.75, 9.25, 10, 9.5], "texture": "#1"}
			}
		},
		{
			"name": "mayo_mask_43",
			"from": [4.25, 1.5, 15.5],
			"to": [4.5, 2.25, 16],
			"faces": {
				"north": {"uv": [2.5, 9.75, 2.75, 9], "rotation": 180, "texture": "#1"},
				"east": {"uv": [2.5, 9, 2.75, 9.75], "texture": "#1"},
				"south": {"uv": [2.5, 9, 2.75, 9.75], "texture": "#1"},
				"west": {"uv": [2.5, 9, 2.75, 9.75], "texture": "#1"},
				"up": {"uv": [2.75, 9, 2.5, 9.25], "rotation": 180, "texture": "#1"},
				"down": {"uv": [2.5, 9.5, 2.75, 9.75], "texture": "#1"}
			}
		},
		{
			"name": "mayo_mask_44",
			"from": [11.75, 1.5, 15.5],
			"to": [12, 2.25, 16],
			"faces": {
				"north": {"uv": [10, 9.75, 10.25, 9], "rotation": 180, "texture": "#1"},
				"east": {"uv": [10, 9, 10.25, 9.75], "texture": "#1"},
				"south": {"uv": [10, 9, 10.25, 9.75], "texture": "#1"},
				"west": {"uv": [10, 9, 10.25, 9.75], "texture": "#1"},
				"up": {"uv": [10.25, 9, 10, 9.25], "rotation": 180, "texture": "#1"},
				"down": {"uv": [10, 9.5, 10.25, 9.75], "texture": "#1"}
			}
		},
		{
			"name": "mayo_mask_45",
			"from": [4, 1.5, 15.5],
			"to": [4.25, 2, 16],
			"faces": {
				"north": {"uv": [2.25, 9.75, 2.5, 9.25], "rotation": 180, "texture": "#1"},
				"east": {"uv": [2.25, 9.25, 2.5, 9.75], "texture": "#1"},
				"south": {"uv": [2.25, 9.25, 2.5, 9.75], "texture": "#1"},
				"west": {"uv": [2.25, 9.25, 2.5, 9.75], "texture": "#1"},
				"up": {"uv": [2.5, 9.25, 2.25, 9.5], "rotation": 180, "texture": "#1"},
				"down": {"uv": [2.25, 9.5, 2.5, 9.75], "texture": "#1"}
			}
		},
		{
			"name": "mayo_mask_46",
			"from": [12, 1.5, 15.5],
			"to": [12.25, 2, 16],
			"faces": {
				"north": {"uv": [10.25, 9.75, 10.5, 9.25], "rotation": 180, "texture": "#1"},
				"east": {"uv": [10.25, 9.25, 10.5, 9.75], "texture": "#1"},
				"south": {"uv": [10.25, 9.25, 10.5, 9.75], "texture": "#1"},
				"west": {"uv": [10.25, 9.25, 10.5, 9.75], "texture": "#1"},
				"up": {"uv": [10.5, 9.25, 10.25, 9.5], "rotation": 180, "texture": "#1"},
				"down": {"uv": [10.25, 9.5, 10.5, 9.75], "texture": "#1"}
			}
		},
		{
			"name": "mayo_mask_47",
			"from": [3.75, 1.5, 15.5],
			"to": [4, 1.75, 16],
			"faces": {
				"north": {"uv": [2, 9.75, 2.25, 9.5], "rotation": 180, "texture": "#1"},
				"east": {"uv": [2, 9.5, 2.25, 9.75], "texture": "#1"},
				"south": {"uv": [2, 9.5, 2.25, 9.75], "texture": "#1"},
				"west": {"uv": [2, 9.5, 2.25, 9.75], "texture": "#1"},
				"up": {"uv": [2.25, 9.5, 2, 9.75], "rotation": 180, "texture": "#1"},
				"down": {"uv": [2, 9.5, 2.25, 9.75], "texture": "#1"}
			}
		},
		{
			"name": "mayo_mask_48",
			"from": [5.75, 0.5, 15.5],
			"to": [6, 1.75, 16],
			"faces": {
				"north": {"uv": [4, 10.75, 4.25, 9.5], "rotation": 180, "texture": "#1"},
				"east": {"uv": [4, 9.5, 4.25, 10.75], "texture": "#1"},
				"south": {"uv": [4, 9.5, 4.25, 10.75], "texture": "#1"},
				"west": {"uv": [4, 9.5, 4.25, 10.75], "texture": "#1"},
				"up": {"uv": [4.25, 9.5, 4, 9.75], "rotation": 180, "texture": "#1"},
				"down": {"uv": [4, 10.5, 4.25, 10.75], "texture": "#1"}
			}
		},
		{
			"name": "mayo_mask_49",
			"from": [10.25, 0.5, 15.5],
			"to": [10.5, 1.75, 16],
			"faces": {
				"north": {"uv": [8.5, 10.75, 8.75, 9.5], "rotation": 180, "texture": "#1"},
				"east": {"uv": [8.5, 9.5, 8.75, 10.75], "texture": "#1"},
				"south": {"uv": [8.5, 9.5, 8.75, 10.75], "texture": "#1"},
				"west": {"uv": [8.5, 9.5, 8.75, 10.75], "texture": "#1"},
				"up": {"uv": [8.75, 9.5, 8.5, 9.75], "rotation": 180, "texture": "#1"},
				"down": {"uv": [8.5, 10.5, 8.75, 10.75], "texture": "#1"}
			}
		},
		{
			"name": "mayo_mask_50",
			"from": [12.25, 1.5, 15.5],
			"to": [12.5, 1.75, 16],
			"faces": {
				"north": {"uv": [10.5, 9.75, 10.75, 9.5], "rotation": 180, "texture": "#1"},
				"east": {"uv": [10.5, 9.5, 10.75, 9.75], "texture": "#1"},
				"south": {"uv": [10.5, 9.5, 10.75, 9.75], "texture": "#1"},
				"west": {"uv": [10.5, 9.5, 10.75, 9.75], "texture": "#1"},
				"up": {"uv": [10.75, 9.5, 10.5, 9.75], "rotation": 180, "texture": "#1"},
				"down": {"uv": [10.5, 9.5, 10.75, 9.75], "texture": "#1"}
			}
		},
		{
			"name": "mayo_mask_51",
			"from": [5.5, 0.25, 15.5],
			"to": [5.75, 1.5, 16],
			"faces": {
				"north": {"uv": [3.75, 11, 4, 9.75], "rotation": 180, "texture": "#1"},
				"east": {"uv": [3.75, 9.75, 4, 11], "texture": "#1"},
				"south": {"uv": [3.75, 9.75, 4, 11], "texture": "#1"},
				"west": {"uv": [3.75, 9.75, 4, 11], "texture": "#1"},
				"up": {"uv": [4, 9.75, 3.75, 10], "rotation": 180, "texture": "#1"},
				"down": {"uv": [3.75, 10.75, 4, 11], "texture": "#1"}
			}
		},
		{
			"name": "mayo_mask_52",
			"from": [9, 1.25, 15.5],
			"to": [9.25, 1.5, 16],
			"faces": {
				"north": {"uv": [7.25, 10, 7.5, 9.75], "rotation": 180, "texture": "#1"},
				"east": {"uv": [7.25, 9.75, 7.5, 10], "texture": "#1"},
				"south": {"uv": [7.25, 9.75, 7.5, 10], "texture": "#1"},
				"west": {"uv": [7.25, 9.75, 7.5, 10], "texture": "#1"},
				"up": {"uv": [7.5, 9.75, 7.25, 10], "rotation": 180, "texture": "#1"},
				"down": {"uv": [7.25, 9.75, 7.5, 10], "texture": "#1"}
			}
		},
		{
			"name": "mayo_mask_53",
			"from": [10.5, 0.25, 15.5],
			"to": [10.75, 1.5, 16],
			"faces": {
				"north": {"uv": [8.75, 11, 9, 9.75], "rotation": 180, "texture": "#1"},
				"east": {"uv": [8.75, 9.75, 9, 11], "texture": "#1"},
				"south": {"uv": [8.75, 9.75, 9, 11], "texture": "#1"},
				"west": {"uv": [8.75, 9.75, 9, 11], "texture": "#1"},
				"up": {"uv": [9, 9.75, 8.75, 10], "rotation": 180, "texture": "#1"},
				"down": {"uv": [8.75, 10.75, 9, 11], "texture": "#1"}
			}
		},
		{
			"name": "mayo_mask_54",
			"from": [6, 1, 15.5],
			"to": [6.5, 1.25, 16],
			"faces": {
				"north": {"uv": [4.25, 10.25, 4.75, 10], "rotation": 180, "texture": "#1"},
				"east": {"uv": [4.5, 10, 4.75, 10.25], "texture": "#1"},
				"south": {"uv": [4.25, 10, 4.75, 10.25], "texture": "#1"},
				"west": {"uv": [4.25, 10, 4.5, 10.25], "texture": "#1"},
				"up": {"uv": [4.75, 10, 4.25, 10.25], "rotation": 180, "texture": "#1"},
				"down": {"uv": [4.25, 10, 4.75, 10.25], "texture": "#1"}
			}
		},
		{
			"name": "mayo_mask_55",
			"from": [7.5, 1, 15.5],
			"to": [7.75, 1.25, 16],
			"faces": {
				"north": {"uv": [5.75, 10.25, 6, 10], "rotation": 180, "texture": "#1"},
				"east": {"uv": [5.75, 10, 6, 10.25], "texture": "#1"},
				"south": {"uv": [5.75, 10, 6, 10.25], "texture": "#1"},
				"west": {"uv": [5.75, 10, 6, 10.25], "texture": "#1"},
				"up": {"uv": [6, 10, 5.75, 10.25], "rotation": 180, "texture": "#1"},
				"down": {"uv": [5.75, 10, 6, 10.25], "texture": "#1"}
			}
		},
		{
			"name": "mayo_mask_56",
			"from": [8, 1, 15.5],
			"to": [8.25, 1.25, 16],
			"faces": {
				"north": {"uv": [6.25, 10.25, 6.5, 10], "rotation": 180, "texture": "#1"},
				"east": {"uv": [6.25, 10, 6.5, 10.25], "texture": "#1"},
				"south": {"uv": [6.25, 10, 6.5, 10.25], "texture": "#1"},
				"west": {"uv": [6.25, 10, 6.5, 10.25], "texture": "#1"},
				"up": {"uv": [6.5, 10, 6.25, 10.25], "rotation": 180, "texture": "#1"},
				"down": {"uv": [6.25, 10, 6.5, 10.25], "texture": "#1"}
			}
		},
		{
			"name": "mayo_mask_57",
			"from": [8.5, 1, 15.5],
			"to": [8.75, 1.25, 16],
			"faces": {
				"north": {"uv": [6.75, 10.25, 7, 10], "rotation": 180, "texture": "#1"},
				"east": {"uv": [6.75, 10, 7, 10.25], "texture": "#1"},
				"south": {"uv": [6.75, 10, 7, 10.25], "texture": "#1"},
				"west": {"uv": [6.75, 10, 7, 10.25], "texture": "#1"},
				"up": {"uv": [7, 10, 6.75, 10.25], "rotation": 180, "texture": "#1"},
				"down": {"uv": [6.75, 10, 7, 10.25], "texture": "#1"}
			}
		},
		{
			"name": "mayo_mask_58",
			"from": [9.75, 1, 15.5],
			"to": [10.25, 1.25, 16],
			"faces": {
				"north": {"uv": [8, 10.25, 8.5, 10], "rotation": 180, "texture": "#1"},
				"east": {"uv": [8.25, 10, 8.5, 10.25], "texture": "#1"},
				"south": {"uv": [8, 10, 8.5, 10.25], "texture": "#1"},
				"west": {"uv": [8, 10, 8.25, 10.25], "texture": "#1"},
				"up": {"uv": [8.5, 10, 8, 10.25], "rotation": 180, "texture": "#1"},
				"down": {"uv": [8, 10, 8.5, 10.25], "texture": "#1"}
			}
		},
		{
			"name": "mayo_mask_59",
			"from": [5.25, 0, 15.5],
			"to": [5.5, 1, 16],
			"faces": {
				"north": {"uv": [3.5, 11.25, 3.75, 10.25], "rotation": 180, "texture": "#1"},
				"east": {"uv": [3.5, 10.25, 3.75, 11.25], "texture": "#1"},
				"south": {"uv": [3.5, 10.25, 3.75, 11.25], "texture": "#1"},
				"west": {"uv": [3.5, 10.25, 3.75, 11.25], "texture": "#1"},
				"up": {"uv": [3.75, 10.25, 3.5, 10.5], "rotation": 180, "texture": "#1"},
				"down": {"uv": [3.5, 11, 3.75, 11.25], "texture": "#1"}
			}
		},
		{
			"name": "mayo_mask_60",
			"from": [6, 0.75, 15.5],
			"to": [6.25, 1, 16],
			"faces": {
				"north": {"uv": [4.25, 10.5, 4.5, 10.25], "rotation": 180, "texture": "#1"},
				"east": {"uv": [4.25, 10.25, 4.5, 10.5], "texture": "#1"},
				"south": {"uv": [4.25, 10.25, 4.5, 10.5], "texture": "#1"},
				"west": {"uv": [4.25, 10.25, 4.5, 10.5], "texture": "#1"},
				"up": {"uv": [4.5, 10.25, 4.25, 10.5], "rotation": 180, "texture": "#1"},
				"down": {"uv": [4.25, 10.25, 4.5, 10.5], "texture": "#1"}
			}
		},
		{
			"name": "mayo_mask_61",
			"from": [10, 0.75, 15.5],
			"to": [10.25, 1, 16],
			"faces": {
				"north": {"uv": [8.25, 10.5, 8.5, 10.25], "rotation": 180, "texture": "#1"},
				"east": {"uv": [8.25, 10.25, 8.5, 10.5], "texture": "#1"},
				"south": {"uv": [8.25, 10.25, 8.5, 10.5], "texture": "#1"},
				"west": {"uv": [8.25, 10.25, 8.5, 10.5], "texture": "#1"},
				"up": {"uv": [8.5, 10.25, 8.25, 10.5], "rotation": 180, "texture": "#1"},
				"down": {"uv": [8.25, 10.25, 8.5, 10.5], "texture": "#1"}
			}
		},
		{
			"name": "mayo_mask_62",
			"from": [10.75, 0, 15.5],
			"to": [11, 1, 16],
			"faces": {
				"north": {"uv": [9, 11.25, 9.25, 10.25], "rotation": 180, "texture": "#1"},
				"east": {"uv": [9, 10.25, 9.25, 11.25], "texture": "#1"},
				"south": {"uv": [9, 10.25, 9.25, 11.25], "texture": "#1"},
				"west": {"uv": [9, 10.25, 9.25, 11.25], "texture": "#1"},
				"up": {"uv": [9.25, 10.25, 9, 10.5], "rotation": 180, "texture": "#1"},
				"down": {"uv": [9, 11, 9.25, 11.25], "texture": "#1"}
			}
		}
	],
	"display": {
		"thirdperson_righthand": {
			"translation": [0, 2, -9.5],
			"scale": [1.2, 1.2, 1.2]
		},
		"thirdperson_lefthand": {
			"translation": [0, 2, -9.5],
			"scale": [1.2, 1.2, 1.2]
		},
		"firstperson_righthand": {
			"translation": [-1.25, 5.5, 0],
			"scale": [0.5, 0.5, 0.5]
		},
		"firstperson_lefthand": {
			"translation": [-1.25, 5.5, 0],
			"scale": [0.5, 0.5, 0.5]
		},
		"ground": {
			"translation": [0, 5, -8]
		},
		"gui": {
			"rotation": [30, 135, 0],
			"translation": [-6.25, -1, 0],
			"scale": [1.3, 1.3, 1.3]
		},
		"head": {
			"rotation": [0, 180, 0],
			"translation": [0.25, 7, 23.75],
			"scale": [2, 2, 4]
		},
		"fixed": {
			"rotation": [-90, 0, 0],
			"translation": [0, -14, 2.75],
			"scale": [4, 4, 4]
		}
	},
	"groups": [
		{
			"name": "mayo_mask",
			"children": [0, 1, 2, 3, 4, 5, 6, 7, 8, 9, 10, 11, 12, 13, 14, 15, 16, 17, 18, 19, 20, 21, 22, 23, 24, 25, 26, 27, 28, 29, 30, 31, 32, 33, 34, 35, 36, 37, 38, 39, 40, 41, 42, 43, 44, 45, 46, 47, 48, 49, 50, 51, 52, 53, 54, 55, 56, 57, 58, 59, 60, 61, 62]
		}
	]
}