{
	"credit": "Made with Blockbench",
	"textures": {
		"0": "hat/misc/minecart"
	},
	"elements": [
		{
			"from": [0, 0, -2],
			"to": [16, 2, 18],
			"faces": {
				"north": {"uv": [0, 3, 0.5, 7], "rotation": 90, "texture": "#0"},
				"east": {"uv": [0.5, 2.5, 5.5, 3], "texture": "#0"},
				"south": {"uv": [5.5, 3, 6, 7], "rotation": 90, "texture": "#0"},
				"west": {"uv": [5.5, 2.5, 10.5, 3], "texture": "#0"},
				"up": {"uv": [6, 3, 11, 7], "texture": "#0"},
				"down": {"uv": [0.5, 3, 5.5, 7], "texture": "#0"}
			}
		},
		{
			"from": [0, 2, 0],
			"to": [2, 10, 16],
			"faces": {
				"east": {"uv": [0.5, 0.5, 4.5, 2.5], "texture": "#0"},
				"west": {"uv": [5, 0.5, 9, 2.5], "texture": "#0"},
				"up": {"uv": [0.5, 0, 4.5, 0.5], "rotation": 270, "texture": "#0"},
				"down": {"uv": [0.5, 3, 5.5, 7], "texture": "#0"}
			}
		},
		{
			"from": [14, 2, 0],
			"to": [16, 10, 16],
			"faces": {
				"east": {"uv": [5, 0.5, 9, 2.5], "texture": "#0"},
				"west": {"uv": [0.5, 0.5, 4.5, 2.5], "texture": "#0"},
				"up": {"uv": [0.5, 0.5, 4.5, 0], "rotation": 270, "texture": "#0"},
				"down": {"uv": [5.5, 3, 0.5, 7], "texture": "#0"}
			}
		},
		{
			"from": [0, 2, 16],
			"to": [16, 10, 18],
			"faces": {
				"north": {"uv": [0.5, 0.5, 4.5, 2.5], "texture": "#0"},
				"east": {"uv": [0, 0.5, 0.5, 2.5], "texture": "#0"},
				"south": {"uv": [5, 0.5, 9, 2.5], "texture": "#0"},
				"west": {"uv": [4.5, 0.5, 5, 2.5], "texture": "#0"},
				"up": {"uv": [0.5, 0.5, 4.5, 0], "texture": "#0"},
				"down": {"uv": [5.5, 3, 0.5, 7], "rotation": 270, "texture": "#0"}
			}
		},
		{
			"from": [0, 2, -2],
			"to": [16, 10, 0],
			"faces": {
				"north": {"uv": [5, 0.5, 9, 2.5], "texture": "#0"},
				"east": {"uv": [4.5, 0.5, 5, 2.5], "texture": "#0"},
				"south": {"uv": [0.5, 0.5, 4.5, 2.5], "texture": "#0"},
				"west": {"uv": [0, 0.5, 0.5, 2.5], "texture": "#0"},
				"up": {"uv": [0.5, 0, 4.5, 0.5], "texture": "#0"},
				"down": {"uv": [0.5, 3, 5.5, 7], "rotation": 270, "texture": "#0"}
			}
		}
	],
	"display": {
		"thirdperson_righthand": {
			"rotation": [90, 0, 0],
			"translation": [0, -0.25, 3],
			"scale": [0.4, 0.4, 0.4]
		},
		"thirdperson_lefthand": {
			"rotation": [90, 0, 0],
			"translation": [0, -0.25, 3],
			"scale": [0.4, 0.4, 0.4]
		},
		"gui": {
			"rotation": [30, 135, 0],
			"translation": [0, 1.25, 0],
			"scale": [0.6, 0.6, 0.6]
		},
		"head": {
			"translation": [0, 17, 0],
			"scale": [1.5, 1.5, 1.5]
		},
		"fixed": {
			"rotation": [-90, 0, 0],
			"translation": [0, 0, -18],
			"scale": [2, 2, 2]
		}
	}
}