{
	"credit": "Made with Blockbench",
	"texture_size": [32, 32],
	"textures": {
		"0": "hat/misc/molotov",
		"particle": "hat/misc/molotov"
	},
	"elements": [
		{
			"name": "bottle1",
			"from": [6.5, 0, 6.5],
			"to": [9.5, 6, 9.5],
			"faces": {
				"north": {"uv": [0, 0, 6, 12], "texture": "#0"},
				"east": {"uv": [0, 0, 6, 12], "texture": "#0"},
				"south": {"uv": [0, 0, 6, 12], "texture": "#0"},
				"west": {"uv": [0, 0, 6, 12], "texture": "#0"},
				"up": {"uv": [6, 0, 12, 6], "texture": "#0", "cullface": "down"},
				"down": {"uv": [6, 0, 12, 6], "texture": "#0", "cullface": "down"}
			}
		},
		{
			"name": "bottle2",
			"from": [7, 6, 7],
			"to": [9, 9, 9],
			"faces": {
				"north": {"uv": [12, 0, 16, 6], "texture": "#0", "cullface": "down"},
				"east": {"uv": [12, 0, 16, 6], "texture": "#0", "cullface": "down"},
				"south": {"uv": [12, 0, 16, 6], "texture": "#0", "cullface": "down"},
				"west": {"uv": [12, 0, 16, 6], "texture": "#0", "cullface": "down"},
				"up": {"uv": [0, 12, 4, 16], "texture": "#0", "cullface": "down"}
			}
		},
		{
			"name": "bottle3",
			"from": [7.5, 9, 7.5],
			"to": [8.5, 10, 8.5],
			"faces": {
				"north": {"uv": [4, 12, 6, 14], "texture": "#0", "cullface": "down"},
				"east": {"uv": [4, 12, 6, 14], "texture": "#0", "cullface": "down"},
				"south": {"uv": [4, 12, 6, 14], "texture": "#0", "cullface": "down"},
				"west": {"uv": [4, 12, 6, 14], "texture": "#0", "cullface": "down"},
				"up": {"uv": [4, 14, 6, 16], "texture": "#0", "cullface": "down"},
				"down": {"uv": [4, 12, 6, 14], "texture": "#0", "cullface": "down"}
			}
		},
		{
			"name": "fabric1",
			"from": [5.25, 10, 8],
			"to": [8.25, 11.5, 8],
			"rotation": {"angle": 0, "axis": "y", "origin": [7.75, 8, 8]},
			"faces": {
				"north": {"uv": [21, 27, 32, 32], "rotation": 180, "texture": "#0"},
				"south": {"uv": [6, 6, 12, 9], "texture": "#0"}
			}
		},
		{
			"name": "fabric2",
			"from": [5, 7, 8],
			"to": [6.5, 10, 8],
			"rotation": {"angle": 0, "axis": "y", "origin": [7.5, 8, 8]},
			"faces": {
				"north": {"uv": [21, 17, 27, 28], "rotation": 180, "texture": "#0"},
				"south": {"uv": [10, 7.5, 13, 14], "texture": "#0"}
			}
		}
	],
	"display": {
		"thirdperson_righthand": {
			"rotation": [38, 0, 0],
			"translation": [0, 4.25, 3.5]
		},
		"thirdperson_lefthand": {
			"rotation": [38, 0, 0],
			"translation": [0, 4.25, 3.5]
		},
		"firstperson_righthand": {
			"translation": [0, 2, 0]
		},
		"firstperson_lefthand": {
			"translation": [0, 2, 0]
		},
		"ground": {
			"translation": [0, 3.75, 0]
		},
		"gui": {
			"rotation": [30, 45, 0],
			"translation": [0, 3, 0],
			"scale": [1.3, 1.3, 1.3]
		},
		"head": {
			"translation": [0, 22.5, 0],
			"scale": [2, 2, 2]
		},
		"fixed": {
			"rotation": [-90, 0, 0],
			"translation": [0, 0, -24.75],
			"scale": [3, 3, 3]
		}
	},
	"groups": [
		{
			"name": "molotov_cocktail",
			"origin": [8, 8, 8],
			"children": [0, 1, 2,
				{
					"name": "fabric",
					"origin": [8, 8, 8],
					"children": [3, 4]
				}
			]
		}
	]
}