{
	"credit": "Made with Blockbench",
	"textures": {
		"2": "hat/misc/monocle",
		"particle": "hat/misc/monocle"
	},
	"elements": [
		{
			"name": "monocle_0",
			"from": [11, 4, 0],
			"to": [16, 5, 1],
			"faces": {
				"north": {"uv": [0, 1, 5, 0], "rotation": 180, "texture": "#2"},
				"east": {"uv": [4, 0, 5, 1], "texture": "#2"},
				"south": {"uv": [0, 0, 5, 1], "texture": "#2"},
				"west": {"uv": [0, 0, 1, 1], "texture": "#2"},
				"up": {"uv": [5, 0, 0, 1], "rotation": 180, "texture": "#2"},
				"down": {"uv": [0, 0, 5, 1], "texture": "#2"}
			}
		},
		{
			"name": "monocle_2",
			"from": [11, 0, 0],
			"to": [12, 4, 1],
			"faces": {
				"north": {"uv": [0, 5, 1, 1], "rotation": 180, "texture": "#2"},
				"east": {"uv": [0, 1, 1, 5], "texture": "#2"},
				"south": {"uv": [0, 1, 1, 5], "texture": "#2"},
				"west": {"uv": [0, 1, 1, 5], "texture": "#2"},
				"up": {"uv": [1, 1, 0, 2], "rotation": 180, "texture": "#2"},
				"down": {"uv": [0, 4, 1, 5], "texture": "#2"}
			}
		},
		{
			"name": "monocle_3",
			"from": [15, 0, 0],
			"to": [16, 4, 1],
			"faces": {
				"north": {"uv": [4, 5, 5, 1], "rotation": 180, "texture": "#2"},
				"east": {"uv": [4, 1, 5, 5], "texture": "#2"},
				"south": {"uv": [4, 1, 5, 5], "texture": "#2"},
				"west": {"uv": [4, 1, 5, 5], "texture": "#2"},
				"up": {"uv": [5, 1, 4, 2], "rotation": 180, "texture": "#2"},
				"down": {"uv": [4, 4, 5, 5], "texture": "#2"}
			}
		},
		{
			"name": "monocle_6",
			"from": [12, 0, 0],
			"to": [15, 1, 1],
			"faces": {
				"north": {"uv": [1, 5, 4, 4], "rotation": 180, "texture": "#2"},
				"east": {"uv": [3, 4, 4, 5], "texture": "#2"},
				"south": {"uv": [1, 4, 4, 5], "texture": "#2"},
				"west": {"uv": [1, 4, 2, 5], "texture": "#2"},
				"up": {"uv": [4, 4, 1, 5], "rotation": 180, "texture": "#2"},
				"down": {"uv": [1, 4, 4, 5], "texture": "#2"}
			}
		},
		{
			"name": "monocle_3",
			"from": [11.96, 1.97, 0.45],
			"to": [15.66, 4.19, 0.45],
			"rotation": {"angle": 45, "axis": "z", "origin": [17.14, -2.47, 6]},
			"faces": {
				"north": {"uv": [13, 0, 16, 5], "rotation": 270, "texture": "#2"}
			}
		},
		{
			"name": "monocle_4",
			"from": [8.195, 0.73, -0.66],
			"to": [11.895, 0.73, 1.56],
			"rotation": {"angle": 22.5, "axis": "z", "origin": [16.89, -2.97, 6]},
			"faces": {
				"up": {"uv": [13, 0, 16, 5], "rotation": 90, "texture": "#2"}
			}
		},
		{
			"name": "monocle_4",
			"from": [5.29, -3.91, 0.265],
			"to": [8.99, -1.69, 0.265],
			"faces": {
				"north": {"uv": [13, 0, 16, 5], "rotation": 270, "texture": "#2"}
			}
		},
		{
			"name": "monocle_5",
			"from": [6.195, -2.77, -4.66],
			"to": [9.895, -2.77, -2.44],
			"rotation": {"angle": 22.5, "axis": "y", "origin": [16.89, -2.97, 6]},
			"faces": {
				"up": {"uv": [13, 0, 16, 5], "rotation": 90, "texture": "#2"}
			}
		},
		{
			"name": "monocle_5",
			"from": [3.155, -3.91, 5.9],
			"to": [3.155, -1.69, 9.6],
			"rotation": {"angle": -22.5, "axis": "y", "origin": [16.89, -2.97, 6]},
			"faces": {
				"west": {"uv": [13, 0, 16, 5], "rotation": 270, "texture": "#2"}
			}
		}
	],
	"display": {
		"thirdperson_righthand": {
			"translation": [0, 0, 4],
			"scale": [0.5, 0.5, 0.5]
		},
		"thirdperson_lefthand": {
			"translation": [0, 0, 4],
			"scale": [0.5, 0.5, 0.5]
		},
		"ground": {
			"rotation": [-1, 0, 0],
			"translation": [0, 9.5, 0],
			"scale": [0.8, 0.8, 0.8]
		},
		"gui": {
			"rotation": [30, 135, 0],
			"translation": [5, 7.75, 0]
		},
		"head": {
			"translation": [-2, 4.25, 0.75]
		},
		"fixed": {
			"rotation": [0, -180, 0],
			"translation": [4.5, 7.5, 19],
			"scale": [2, 2, 2]
		}
	},
	"groups": [
		{
			"name": "monocle",
			"children": [0, 1, 2, 3, 4, 5, 6, 7, 8]
		}
	]
}