{
	"credit": "Made with Blockbench",
	"textures": {
		"2": "hat/misc/mug_of_bricks"
	},
	"elements": [
		{
			"from": [4, 1, 4],
			"to": [12, 12, 12],
			"shade": false,
			"faces": {
				"north": {"uv": [0, 0, 8, 16], "texture": "#2", "tintindex": 0},
				"east": {"uv": [0, 0, 8, 16], "texture": "#2", "tintindex": 0},
				"south": {"uv": [0, 0, 8, 16], "texture": "#2", "tintindex": 0},
				"west": {"uv": [0, 0, 8, 16], "texture": "#2", "tintindex": 0},
				"up": {"uv": [0, 0, 8, 16], "texture": "#2", "tintindex": 0},
				"down": {"uv": [0, 0, 8, 16], "texture": "#2", "tintindex": 0}
			}
		},
		{
			"from": [3, 0, 3],
			"to": [13, 13, 13],
			"faces": {
				"north": {"uv": [8, 0, 16, 8], "texture": "#2"},
				"east": {"uv": [8, 0, 16, 8], "texture": "#2"},
				"south": {"uv": [8, 0, 16, 8], "texture": "#2"},
				"west": {"uv": [8, 0, 16, 8], "texture": "#2"},
				"up": {"uv": [8, 8, 9.25, 9.25], "texture": "#2"},
				"down": {"uv": [15.584, 0, 16, 0.417], "texture": "#2"}
			}
		},
		{
			"from": [4, 1, 12],
			"to": [12, 13, 12],
			"faces": {
				"north": {"uv": [8, 0, 16, 8], "texture": "#2"},
				"east": {"uv": [8, 0, 16, 8], "texture": "#2"},
				"south": {"uv": [8, 0, 16, 8], "texture": "#2"},
				"west": {"uv": [8, 0, 16, 8], "texture": "#2"},
				"up": {"uv": [8, 0, 16, 8], "texture": "#2"},
				"down": {"uv": [8, 0, 16, 8], "texture": "#2"}
			}
		},
		{
			"from": [4, 1, 4],
			"to": [12, 13, 4],
			"faces": {
				"north": {"uv": [8, 0, 16, 8], "texture": "#2"},
				"east": {"uv": [8, 0, 16, 8], "texture": "#2"},
				"south": {"uv": [8, 0, 16, 8], "texture": "#2"},
				"west": {"uv": [8, 0, 16, 8], "texture": "#2"},
				"up": {"uv": [8, 0, 16, 8], "texture": "#2"},
				"down": {"uv": [8, 0, 16, 8], "texture": "#2"}
			}
		},
		{
			"from": [4, 1, 4],
			"to": [4, 13, 12],
			"faces": {
				"north": {"uv": [8, 0, 16, 8], "texture": "#2"},
				"east": {"uv": [8, 0, 16, 8], "texture": "#2"},
				"south": {"uv": [8, 0, 16, 8], "texture": "#2"},
				"west": {"uv": [8, 0, 16, 8], "texture": "#2"},
				"up": {"uv": [8, 0, 16, 8], "texture": "#2"},
				"down": {"uv": [8, 0, 16, 8], "texture": "#2"}
			}
		},
		{
			"from": [12, 1, 4],
			"to": [12, 13, 12],
			"faces": {
				"north": {"uv": [8, 0, 16, 8], "texture": "#2"},
				"east": {"uv": [8, 0, 16, 8], "texture": "#2"},
				"south": {"uv": [8, 0, 16, 8], "texture": "#2"},
				"west": {"uv": [8, 0, 16, 8], "texture": "#2"},
				"up": {"uv": [8, 0, 16, 8], "texture": "#2"},
				"down": {"uv": [8, 0, 16, 8], "texture": "#2"}
			}
		},
		{
			"from": [1, 10, 7],
			"to": [3, 11, 9],
			"faces": {
				"north": {"uv": [15.421, 0, 15.974, 0.553], "texture": "#2"},
				"south": {"uv": [15.421, 0, 15.974, 0.553], "texture": "#2"},
				"west": {"uv": [15.421, 0, 15.974, 0.553], "texture": "#2"},
				"up": {"uv": [15.421, 0, 15.974, 0.553], "texture": "#2"},
				"down": {"uv": [15.421, 0, 15.974, 0.553], "texture": "#2"}
			}
		},
		{
			"from": [1, 2, 7],
			"to": [3, 3, 9],
			"faces": {
				"north": {"uv": [15.421, 0, 15.974, 0.553], "texture": "#2"},
				"south": {"uv": [15.421, 0, 15.974, 0.553], "texture": "#2"},
				"west": {"uv": [15.421, 0, 15.974, 0.553], "texture": "#2"},
				"up": {"uv": [15.421, 0, 15.974, 0.553], "texture": "#2"},
				"down": {"uv": [15.421, 0, 15.974, 0.553], "texture": "#2"}
			}
		},
		{
			"from": [0, 3, 7],
			"to": [1, 10, 9],
			"faces": {
				"north": {"uv": [15.421, 0, 15.974, 0.553], "texture": "#2"},
				"east": {"uv": [15.421, 0, 15.974, 0.553], "texture": "#2"},
				"south": {"uv": [15.421, 0, 15.974, 0.553], "texture": "#2"},
				"west": {"uv": [15.421, 0, 15.974, 0.553], "texture": "#2"},
				"up": {"uv": [15.421, 0, 15.974, 0.553], "texture": "#2"},
				"down": {"uv": [15.421, 0, 15.974, 0.553], "texture": "#2"}
			}
		}
	],
	"display": {
		"thirdperson_righthand": {
			"rotation": [35, 90, 0],
			"translation": [0, 2.5, -2],
			"scale": [0.5, 0.5, 0.5]
		},
		"thirdperson_lefthand": {
			"rotation": [35, -90, 0],
			"translation": [0, 2.5, -2],
			"scale": [0.5, 0.5, 0.5]
		},
		"firstperson_righthand": {
			"rotation": [0, 90, 18],
			"translation": [-0.5, 3, -1.75],
			"scale": [0.7, 0.7, 0.7]
		},
		"firstperson_lefthand": {
			"rotation": [0, -90, -18],
			"translation": [-0.5, 3, -1.75],
			"scale": [0.7, 0.7, 0.7]
		},
		"ground": {
			"translation": [0, 6.75, 0],
			"scale": [0.7, 0.7, 0.7]
		},
		"gui": {
			"rotation": [30, 135, 0],
			"translation": [0, 1.25, 0],
			"scale": [0.7, 0.7, 0.7]
		},
		"head": {
			"translation": [0, 13, 0],
			"scale": [0.8, 0.8, 0.8]
		},
		"fixed": {
			"rotation": [-90, 0, 0],
			"translation": [0, 0, -13],
			"scale": [1.7, 1.7, 1.7]
		}
	}
}