{
	"credit": "Made with Blockbench",
	"textures": {
		"0": "hat/misc/mumbostashe"
	},
	"elements": [
		{
			"from": [4, 0, 4],
			"to": [12, 8, 12],
			"faces": {
				"north": {"uv": [0, 0, 16, 16], "texture": "#0"}
			}
		}
	],
	"display": {
		"head": {
			"scale": [1.7, 1.7, 1.7],
			"translation": [0, 6, 0]
		},
		"thirdperson_righthand": {
			"rotation": [32, 0, 0],
			"translation": [0, 0, 6]
		},
		"thirdperson_lefthand": {
			"rotation": [32, 0, 0],
			"translation": [0, 0, 6]
		},
		"gui": {
			"rotation": [30, 135, 0],
			"translation": [0, 2.5, 0]
		},
		"firstperson_righthand": {
			"translation": [0, 3, 0]
		},
		"firstperson_lefthand": {
			"translation": [0, 3, 0]
		},
		"ground": {
			"translation": [0, 2, 0]
		},
		"fixed": {
			"scale": [3, 3, 3],
			"translation": [0, 12.5, 22.5],
			"rotation": [0, 180, 0]
		}
	}
}