{
	"credit": "Made with Blockbench",
	"textures": {
		"0": "hat/misc/no_porn"
	},
	"elements": [
		{
			"from": [3, 19, 9],
			"to": [13, 20, 10],
			"faces": {
				"north": {"uv": [0, 11, 5, 11.5], "texture": "#0"},
				"east": {"uv": [0, 11, 0.5, 11.5], "texture": "#0"},
				"south": {"uv": [6, 11, 11, 11.5], "texture": "#0"},
				"west": {"uv": [5.5, 11, 6, 11.5], "texture": "#0"},
				"up": {"uv": [0.5, 10.5, 5.5, 11], "texture": "#0"},
				"down": {"uv": [5.5, 10.5, 10.5, 11], "texture": "#0"}
			}
		},
		{
			"from": [7.5, -2, 9],
			"to": [8.5, 19, 10],
			"faces": {
				"north": {"uv": [11.5, 0.5, 12, 11], "texture": "#0"},
				"east": {"uv": [11, 0.5, 11.5, 11], "texture": "#0"},
				"south": {"uv": [12.5, 0.5, 13, 11], "texture": "#0"},
				"west": {"uv": [12, 0.5, 12.5, 11], "texture": "#0"},
				"up": {"uv": [11.5, 0, 12, 0.5], "texture": "#0"},
				"down": {"uv": [12, 0, 12.5, 0.5], "texture": "#0"}
			}
		},
		{
			"from": [3, 0, 8.5],
			"to": [13, 20, 9],
			"faces": {
				"north": {"uv": [0.25, 0.25, 5.25, 10.25], "texture": "#0"},
				"east": {"uv": [0, 0.25, 0.25, 10.25], "texture": "#0"},
				"south": {"uv": [5.5, 0.25, 10.5, 10.25], "texture": "#0"},
				"west": {"uv": [5.25, 0.25, 5.5, 10.25], "texture": "#0"},
				"up": {"uv": [0.25, 0, 5.25, 0.25], "texture": "#0"},
				"down": {"uv": [5.25, 0, 10.25, 0.25], "texture": "#0"}
			}
		}
	],
	"display": {
		"head": {
			"scale": [1.7, 1.7, 1.7],
			"translation": [0, 22, -1.5]
		},
		"thirdperson_righthand": {
			"scale": [0.7, 0.7, 0.7],
			"translation": [0, 6, 0]
		},
		"thirdperson_lefthand": {
			"scale": [0.7, 0.7, 0.7],
			"translation": [0, 6, 0]
		},
		"firstperson_righthand": {
			"scale": [0.7, 0.7, 0.7],
			"translation": [0, -4.5, 0]
		},
		"firstperson_lefthand": {
			"scale": [0.7, 0.7, 0.7],
			"translation": [0, -4.5, 0]
		},
		"ground": {
			"scale": [0.8, 0.8, 0.8],
			"translation": [0, 1.5, 0]
		},
		"fixed": {
			"scale": [2.9, 2.9, 2.9],
			"translation": [0, -20, -4],
			"rotation": [0, 0, 0]
		},
		"gui": {
			"scale": [0.7, 0.7, 0.7],
			"rotation": [30, 135, 0],
			"translation": [0, -1.5, 0]
		}
	}
}