{
	"credit": "Made with Blockbench",
	"textures": {
		"0": "hat/misc/pig"
	},
	"elements": [
		{
			"from": [6, 6, 0],
			"to": [10, 8, 1],
			"faces": {
				"north": {"uv": [4, 4.25, 5.5, 5], "texture": "#0"},
				"east": {"uv": [4.25, 4, 5, 4.25], "texture": "#0"},
				"south": {"uv": [0.25, 0.75, 5, 4.25], "texture": "#0"},
				"west": {"uv": [4.25, 4, 5, 4.25], "texture": "#0"},
				"up": {"uv": [5, 4, 6.25, 4.25], "texture": "#0"},
				"down": {"uv": [5, 4, 6.25, 4.25], "texture": "#0"}
			}
		},
		{
			"from": [4, 5, 1],
			"to": [12, 12, 9],
			"faces": {
				"north": {"uv": [2, 2, 4, 4], "texture": "#0"},
				"east": {"uv": [6, 2, 8, 4], "texture": "#0"},
				"south": {"uv": [6, 2, 8, 4], "texture": "#0"},
				"west": {"uv": [0, 2, 2, 4], "texture": "#0"},
				"up": {"uv": [2, 0, 4, 2], "texture": "#0"},
				"down": {"uv": [4, 0, 6, 2], "texture": "#0"}
			}
		},
		{
			"from": [3, 3, 6],
			"to": [13, 10, 22],
			"faces": {
				"north": {"uv": [9, 2, 11.25, 4], "texture": "#0"},
				"east": {"uv": [14, 4, 16, 8], "rotation": 270, "texture": "#0"},
				"south": {"uv": [11.25, 2, 14, 4], "texture": "#0"},
				"west": {"uv": [7, 4, 9, 8], "rotation": 270, "texture": "#0"},
				"up": {"uv": [11.5, 4, 14, 8], "texture": "#0"},
				"down": {"uv": [9, 4, 11.5, 8], "texture": "#0"}
			}
		},
		{
			"from": [-1, 2, 7],
			"to": [5, 6, 11],
			"faces": {
				"north": {"uv": [3, 5, 4, 6.5], "rotation": 270, "texture": "#0"},
				"east": {"uv": [0, 5, 1, 6.5], "rotation": 90, "texture": "#0"},
				"south": {"uv": [1, 5, 2, 6.5], "rotation": 90, "texture": "#0"},
				"west": {"uv": [2, 5, 3, 6.5], "rotation": 270, "texture": "#0"},
				"up": {"uv": [1, 4, 2, 5], "rotation": 90, "texture": "#0"},
				"down": {"uv": [2, 4, 3, 5], "rotation": 90, "texture": "#0"}
			}
		},
		{
			"from": [-1, 2, 19],
			"to": [5, 6, 23],
			"faces": {
				"north": {"uv": [3, 5, 4, 6.5], "rotation": 270, "texture": "#0"},
				"east": {"uv": [0, 5, 1, 6.5], "rotation": 90, "texture": "#0"},
				"south": {"uv": [1, 5, 2, 6.5], "rotation": 90, "texture": "#0"},
				"west": {"uv": [2, 5, 3, 6.5], "rotation": 270, "texture": "#0"},
				"up": {"uv": [1, 4, 2, 5], "rotation": 90, "texture": "#0"},
				"down": {"uv": [2, 4, 3, 5], "rotation": 90, "texture": "#0"}
			}
		},
		{
			"from": [11, 2, 19],
			"to": [17, 6, 23],
			"faces": {
				"north": {"uv": [1, 5, 2, 6.5], "rotation": 90, "texture": "#0"},
				"east": {"uv": [2, 5, 3, 6.5], "rotation": 270, "texture": "#0"},
				"south": {"uv": [3, 5, 4, 6.5], "rotation": 270, "texture": "#0"},
				"west": {"uv": [0, 5, 1, 6.5], "rotation": 90, "texture": "#0"},
				"up": {"uv": [1, 4, 2, 5], "rotation": 270, "texture": "#0"},
				"down": {"uv": [2, 4, 3, 5], "rotation": 270, "texture": "#0"}
			}
		},
		{
			"from": [11, 2, 7],
			"to": [17, 6, 11],
			"faces": {
				"north": {"uv": [1, 5, 2, 6.5], "rotation": 90, "texture": "#0"},
				"east": {"uv": [2, 5, 3, 6.5], "rotation": 270, "texture": "#0"},
				"south": {"uv": [3, 5, 4, 6.5], "rotation": 270, "texture": "#0"},
				"west": {"uv": [0, 5, 1, 6.5], "rotation": 90, "texture": "#0"},
				"up": {"uv": [1, 4, 2, 5], "rotation": 270, "texture": "#0"},
				"down": {"uv": [2, 4, 3, 5], "rotation": 270, "texture": "#0"}
			}
		}
	],
	"display": {
		"thirdperson_righthand": {
			"scale": [0.5, 0.5, 0.5]
		},
		"thirdperson_lefthand": {
			"scale": [0.5, 0.5, 0.5]
		},
		"gui": {
			"rotation": [30, 135, 0],
			"translation": [-2.5, 0, 0],
			"scale": [0.6, 0.6, 0.6]
		},
		"head": {
			"translation": [0, 10, -7.5],
			"scale": [1.4, 1.4, 1.4]
		},
		"fixed": {
			"rotation": [-90, 0, 0],
			"translation": [0, -7.5, -4.5],
			"scale": [1.5, 1.5, 1.5]
		}
	}
}