{
	"credit": "Made with Blockbench",
	"textures": {
		"1": "item/diamond",
		"2": "item/gold_ingot",
		"3": "hat/misc/hebtex/carton",
		"4": "block/oak_planks",
		"5": "block/white_concrete_powder",
		"7": "block/iron_block",
		"particle": "hat/misc/hebtex/carton"
	},
	"elements": [
		{
			"name": "box",
			"from": [17, 0, -16],
			"to": [18, 32, -5],
			"rotation": {"angle": 45, "axis": "x", "origin": [4, 0, -5]},
			"faces": {
				"east": {"uv": [0, 10, 16, 4.5], "rotation": 270, "texture": "#3"},
				"south": {"uv": [5.875, 6.75, 6, 10.75], "texture": "#3"},
				"west": {"uv": [0, 14.5, 16, 9], "rotation": 270, "texture": "#3"},
				"up": {"uv": [4.5, 6.75, 4.375, 5.375], "texture": "#3"},
				"down": {"uv": [4.625, 5.375, 4.5, 6.75], "texture": "#3"}
			}
		},
		{
			"name": "box",
			"from": [-1, 31, -16],
			"to": [17, 32, -5],
			"rotation": {"angle": 45, "axis": "x", "origin": [4, 0, -5]},
			"faces": {
				"south": {"uv": [6.5, 5, 7, 10.5], "rotation": 90, "texture": "#3"},
				"up": {"uv": [9, 5, 14.5, 14], "rotation": 90, "texture": "#3"},
				"down": {"uv": [3.5, 6, 9, 15], "rotation": 90, "texture": "#3"}
			}
		},
		{
			"name": "box",
			"from": [-1, 0, -16],
			"to": [17, 1, -5],
			"rotation": {"angle": 45, "axis": "x", "origin": [4, 0, -5]},
			"faces": {
				"south": {"uv": [8.875, 5.25, 11.125, 5.375], "texture": "#3"},
				"up": {"uv": [2.5, 0, 8, 9], "rotation": 90, "texture": "#3"},
				"down": {"uv": [0, 5.5, 5.5, 14.5], "rotation": 90, "texture": "#3"}
			}
		},
		{
			"name": "box",
			"from": [-2, 0, -16],
			"to": [18, 32, -16],
			"rotation": {"angle": 45, "axis": "x", "origin": [4, 0, -5]},
			"faces": {
				"north": {"uv": [0, 0, 16, 10], "rotation": 270, "texture": "#3"},
				"south": {"uv": [0, 4.5, 16, 14.5], "rotation": 270, "texture": "#3"}
			}
		},
		{
			"name": "box",
			"from": [-2, 0, -16],
			"to": [-1, 32, -5],
			"rotation": {"angle": 45, "axis": "x", "origin": [4, 0, -5]},
			"faces": {
				"east": {"uv": [4, 2.5, 9.5, 13], "rotation": 180, "texture": "#3"},
				"south": {"uv": [2.875, 5.5, 3, 9.5], "texture": "#3"},
				"west": {"uv": [0, 0, 16, 5.5], "rotation": 270, "texture": "#3"},
				"up": {"uv": [1.375, 4.125, 1.5, 5.5], "texture": "#3"},
				"down": {"uv": [0, 0, 0.5, 5.5], "rotation": 180, "texture": "#3"}
			}
		},
		{
			"name": "stick",
			"from": [7, -8.5, 20.75],
			"to": [9, 7.5, 22.75],
			"rotation": {"angle": -22.5, "axis": "x", "origin": [7, 8, 3]},
			"faces": {
				"north": {"uv": [10, 0, 12, 16], "texture": "#4"},
				"east": {"uv": [8, 0, 10, 16], "texture": "#4"},
				"south": {"uv": [14, 0, 16, 16], "texture": "#4"},
				"west": {"uv": [12, 0, 14, 16], "texture": "#4"},
				"up": {"uv": [6.25, 6.125, 6.125, 6], "texture": "#4"},
				"down": {"uv": [6.375, 6, 6.25, 6.125], "texture": "#4"}
			}
		},
		{
			"name": "string",
			"from": [8.75, 1.91488, 24.79763],
			"to": [16.2, 2.91488, 25.79763],
			"rotation": {"angle": -22.5, "axis": "z", "origin": [11, 3.16488, 25.29763]},
			"faces": {
				"north": {"uv": [6, 7, 13, 8], "texture": "#5"},
				"south": {"uv": [4, 8, 11, 9], "texture": "#5"},
				"up": {"uv": [0, 5, 7, 6], "texture": "#5"},
				"down": {"uv": [6, 4, 13, 5], "texture": "#5"}
			}
		},
		{
			"name": "string",
			"from": [25.55, 0, 25.55861],
			"to": [32, 1, 26.55861],
			"rotation": {"angle": 0, "axis": "z", "origin": [29.07996, 0.69756, 26.01351]},
			"faces": {
				"north": {"uv": [6, 7, 13, 8], "texture": "#5"},
				"east": {"uv": [4, 8, 5, 9], "texture": "#5"},
				"south": {"uv": [4, 8, 11, 9], "texture": "#5"},
				"up": {"uv": [0, 5, 7, 6], "texture": "#5"},
				"down": {"uv": [6, 4, 13, 5], "texture": "#5"}
			}
		},
		{
			"name": "string",
			"from": [16.15642, 0, 22.55914],
			"to": [21.15642, 1, 23.55914],
			"rotation": {"angle": -22.5, "axis": "y", "origin": [10.40642, 1.44228, 23.05914]},
			"faces": {
				"north": {"uv": [7, 3, 12, 4], "texture": "#5"},
				"south": {"uv": [5, 3, 10, 4], "texture": "#5"},
				"up": {"uv": [1, 8, 6, 9], "texture": "#5"},
				"down": {"uv": [6, 4, 11, 5], "texture": "#5"}
			}
		},
		{
			"name": "string",
			"from": [20.1468, 0.01, 26.6549],
			"to": [23.1468, 0.99, 27.6349],
			"rotation": {"angle": 0, "axis": "y", "origin": [8.39679, 1.44228, 27.13492]},
			"faces": {
				"north": {"uv": [6, 7, 9, 8], "texture": "#5"},
				"south": {"uv": [6, 5, 9, 6], "texture": "#5"},
				"up": {"uv": [6, 6, 9, 7], "texture": "#5"},
				"down": {"uv": [6, 4, 9, 5], "texture": "#5"}
			}
		},
		{
			"name": "string",
			"from": [22.84127, 0, 26.09896],
			"to": [25.84127, 1, 27.09896],
			"rotation": {"angle": 22.5, "axis": "y", "origin": [24.34127, 0.69228, 26.59896]},
			"faces": {
				"north": {"uv": [6, 5, 9, 6], "texture": "#5"},
				"east": {"uv": [6, 7, 7, 8], "texture": "#5"},
				"south": {"uv": [6, 8, 9, 9], "texture": "#5"},
				"up": {"uv": [6, 8, 9, 9], "texture": "#5"},
				"down": {"uv": [8, 4, 11, 5], "texture": "#5"}
			}
		},
		{
			"name": "string",
			"from": [15.32007, 0.01, 24.80763],
			"to": [15.90007, 0.99, 25.78763],
			"rotation": {"angle": 0, "axis": "y", "origin": [9.16007, 1.44228, 25.29763]},
			"faces": {
				"north": {"uv": [6, 7, 7, 8], "texture": "#5"},
				"south": {"uv": [6, 7, 7, 8], "texture": "#5"},
				"up": {"uv": [6, 7, 7, 8], "texture": "#5"},
				"down": {"uv": [6, 7, 7, 8], "texture": "#5"}
			}
		},
		{
			"name": "string",
			"from": [6.5, -5.5, 20.25],
			"to": [9.5, -4.5, 23.25],
			"rotation": {"angle": -22.5, "axis": "x", "origin": [7, 8, 3]},
			"faces": {
				"north": {"uv": [13, 7, 16, 8], "texture": "#5"},
				"east": {"uv": [9, 7, 12, 8], "texture": "#5"},
				"south": {"uv": [6, 7, 9, 8], "texture": "#5"},
				"west": {"uv": [3, 7, 6, 8], "texture": "#5"},
				"up": {"uv": [6, 5, 9, 8], "texture": "#5"},
				"down": {"uv": [6, 7, 9, 10], "texture": "#5"}
			}
		},
		{
			"name": "stick",
			"from": [7, 14.38986, 17.88768],
			"to": [9, 22.88986, 19.88768],
			"rotation": {"angle": -22.5, "axis": "x", "origin": [8, 18.63986, 18.88768]},
			"faces": {
				"north": {"uv": [10, 7.5, 12, 16], "texture": "#4"},
				"east": {"uv": [8, 7.5, 10, 16], "texture": "#4"},
				"south": {"uv": [14, 7.5, 16, 16], "texture": "#4"},
				"west": {"uv": [12, 7.5, 14, 16], "texture": "#4"},
				"up": {"uv": [6.25, 6.125, 6.125, 6], "texture": "#4"},
				"down": {"uv": [6.375, 6, 6.25, 6.125], "texture": "#4"}
			}
		},
		{
			"name": "diamond_0",
			"from": [2.4949, 0.93367, 5.66327],
			"to": [8.9949, 1.43367, 7.66327],
			"rotation": {"angle": 0, "axis": "y", "origin": [5.9949, 4.93367, 6.66327]},
			"faces": {
				"north": {"uv": [6, 2, 7, 15], "rotation": 270, "texture": "#1"},
				"east": {"uv": [10, 2, 6, 3], "texture": "#1"},
				"south": {"uv": [9, 2, 10, 15], "rotation": 90, "texture": "#1"},
				"west": {"uv": [6, 14, 10, 15], "texture": "#1"},
				"up": {"uv": [6, 2, 10, 15], "rotation": 90, "texture": "#1"},
				"down": {"uv": [6, 15, 10, 2], "rotation": 270, "texture": "#1"}
			}
		},
		{
			"name": "diamond_1",
			"from": [2.4949, 0.93367, 5.16327],
			"to": [8.4949, 1.43367, 5.66327],
			"rotation": {"angle": 0, "axis": "y", "origin": [5.9949, 4.93367, 6.66327]},
			"faces": {
				"north": {"uv": [5, 3, 6, 15], "rotation": 270, "texture": "#1"},
				"east": {"uv": [6, 3, 5, 4], "texture": "#1"},
				"south": {"uv": [5, 3, 6, 15], "rotation": 90, "texture": "#1"},
				"west": {"uv": [5, 14, 6, 15], "texture": "#1"},
				"up": {"uv": [5, 3, 6, 15], "rotation": 90, "texture": "#1"},
				"down": {"uv": [5, 15, 6, 3], "rotation": 270, "texture": "#1"}
			}
		},
		{
			"name": "diamond_2",
			"from": [2.4949, 0.93367, 7.66327],
			"to": [8.4949, 1.43367, 8.16327],
			"rotation": {"angle": 0, "axis": "y", "origin": [5.9949, 4.93367, 6.66327]},
			"faces": {
				"north": {"uv": [10, 3, 11, 15], "rotation": 270, "texture": "#1"},
				"east": {"uv": [11, 3, 10, 4], "texture": "#1"},
				"south": {"uv": [10, 3, 11, 15], "rotation": 90, "texture": "#1"},
				"west": {"uv": [10, 14, 11, 15], "texture": "#1"},
				"up": {"uv": [10, 3, 11, 15], "rotation": 90, "texture": "#1"},
				"down": {"uv": [10, 15, 11, 3], "rotation": 270, "texture": "#1"}
			}
		},
		{
			"name": "diamond_3",
			"from": [2.9949, 0.93367, 4.66327],
			"to": [7.9949, 1.43367, 5.16327],
			"rotation": {"angle": 0, "axis": "y", "origin": [5.9949, 4.93367, 6.66327]},
			"faces": {
				"north": {"uv": [4, 4, 5, 14], "rotation": 270, "texture": "#1"},
				"east": {"uv": [5, 4, 4, 5], "texture": "#1"},
				"south": {"uv": [4, 4, 5, 14], "rotation": 90, "texture": "#1"},
				"west": {"uv": [4, 13, 5, 14], "texture": "#1"},
				"up": {"uv": [4, 4, 5, 14], "rotation": 90, "texture": "#1"},
				"down": {"uv": [4, 14, 5, 4], "rotation": 270, "texture": "#1"}
			}
		},
		{
			"name": "diamond_4",
			"from": [2.9949, 0.93367, 8.16327],
			"to": [7.9949, 1.43367, 8.66327],
			"rotation": {"angle": 0, "axis": "y", "origin": [5.9949, 4.93367, 6.66327]},
			"faces": {
				"north": {"uv": [11, 4, 12, 14], "rotation": 270, "texture": "#1"},
				"east": {"uv": [12, 4, 11, 5], "texture": "#1"},
				"south": {"uv": [11, 4, 12, 14], "rotation": 90, "texture": "#1"},
				"west": {"uv": [11, 13, 12, 14], "texture": "#1"},
				"up": {"uv": [11, 4, 12, 14], "rotation": 90, "texture": "#1"},
				"down": {"uv": [11, 14, 12, 4], "rotation": 270, "texture": "#1"}
			}
		},
		{
			"name": "diamond_5",
			"from": [3.4949, 0.93367, 4.16327],
			"to": [7.4949, 1.43367, 4.66327],
			"rotation": {"angle": 0, "axis": "y", "origin": [5.9949, 4.93367, 6.66327]},
			"faces": {
				"north": {"uv": [3, 5, 4, 13], "rotation": 270, "texture": "#1"},
				"east": {"uv": [4, 5, 3, 6], "texture": "#1"},
				"south": {"uv": [3, 5, 4, 13], "rotation": 90, "texture": "#1"},
				"west": {"uv": [3, 12, 4, 13], "texture": "#1"},
				"up": {"uv": [3, 5, 4, 13], "rotation": 90, "texture": "#1"},
				"down": {"uv": [3, 13, 4, 5], "rotation": 270, "texture": "#1"}
			}
		},
		{
			"name": "diamond_6",
			"from": [3.4949, 0.93367, 8.66327],
			"to": [7.4949, 1.43367, 9.16327],
			"rotation": {"angle": 0, "axis": "y", "origin": [5.9949, 4.93367, 6.66327]},
			"faces": {
				"north": {"uv": [12, 5, 13, 13], "rotation": 270, "texture": "#1"},
				"east": {"uv": [13, 5, 12, 6], "texture": "#1"},
				"south": {"uv": [12, 5, 13, 13], "rotation": 90, "texture": "#1"},
				"west": {"uv": [12, 12, 13, 13], "texture": "#1"},
				"up": {"uv": [12, 5, 13, 13], "rotation": 90, "texture": "#1"},
				"down": {"uv": [12, 13, 13, 5], "rotation": 270, "texture": "#1"}
			}
		},
		{
			"name": "diamond_7",
			"from": [4.4949, 0.93367, 3.66327],
			"to": [6.4949, 1.43367, 4.16327],
			"rotation": {"angle": 0, "axis": "y", "origin": [5.9949, 4.93367, 6.66327]},
			"faces": {
				"north": {"uv": [2, 7, 3, 11], "rotation": 270, "texture": "#1"},
				"east": {"uv": [3, 7, 2, 8], "texture": "#1"},
				"south": {"uv": [2, 7, 3, 11], "rotation": 90, "texture": "#1"},
				"west": {"uv": [2, 10, 3, 11], "texture": "#1"},
				"up": {"uv": [2, 7, 3, 11], "rotation": 90, "texture": "#1"},
				"down": {"uv": [2, 11, 3, 7], "rotation": 270, "texture": "#1"}
			}
		},
		{
			"name": "diamond_8",
			"from": [4.4949, 0.93367, 9.16327],
			"to": [6.4949, 1.43367, 9.66327],
			"rotation": {"angle": 0, "axis": "y", "origin": [5.9949, 4.93367, 6.66327]},
			"faces": {
				"north": {"uv": [13, 7, 14, 11], "rotation": 270, "texture": "#1"},
				"east": {"uv": [14, 7, 13, 8], "texture": "#1"},
				"south": {"uv": [13, 7, 14, 11], "rotation": 90, "texture": "#1"},
				"west": {"uv": [13, 10, 14, 11], "texture": "#1"},
				"up": {"uv": [13, 7, 14, 11], "rotation": 90, "texture": "#1"},
				"down": {"uv": [13, 11, 14, 7], "rotation": 270, "texture": "#1"}
			}
		},
		{
			"name": "gold_ingot_1",
			"from": [8.9949, 0.93367, -0.33673],
			"to": [9.9949, 1.43367, 4.66327],
			"rotation": {"angle": -22.5, "axis": "y", "origin": [5.9949, 4.93367, 8.66327]},
			"faces": {
				"north": {"uv": [10, 2, 12, 3], "texture": "#2"},
				"east": {"uv": [10, 12, 11, 2], "rotation": 270, "texture": "#2"},
				"south": {"uv": [12, 11, 10, 12], "texture": "#2"},
				"west": {"uv": [11, 12, 12, 2], "rotation": 90, "texture": "#2"},
				"up": {"uv": [12, 2, 10, 12], "texture": "#2"},
				"down": {"uv": [12, 12, 10, 2], "texture": "#2"}
			}
		},
		{
			"name": "gold_ingot_2",
			"from": [9.9949, 0.93367, 0.16327],
			"to": [11.4949, 1.43367, 5.16327],
			"rotation": {"angle": -22.5, "axis": "y", "origin": [5.9949, 4.93367, 8.66327]},
			"faces": {
				"north": {"uv": [7, 3, 10, 4], "texture": "#2"},
				"east": {"uv": [7, 13, 8, 3], "rotation": 270, "texture": "#2"},
				"south": {"uv": [10, 12, 7, 13], "texture": "#2"},
				"west": {"uv": [9, 13, 10, 3], "rotation": 90, "texture": "#2"},
				"up": {"uv": [10, 3, 7, 13], "texture": "#2"},
				"down": {"uv": [10, 13, 7, 3], "texture": "#2"}
			}
		},
		{
			"name": "gold_ingot_3",
			"from": [8.4949, 0.93367, 0.16327],
			"to": [8.9949, 1.43367, 4.66327],
			"rotation": {"angle": -22.5, "axis": "y", "origin": [5.9949, 4.93367, 8.66327]},
			"faces": {
				"north": {"uv": [12, 3, 13, 4], "texture": "#2"},
				"east": {"uv": [12, 12, 13, 3], "rotation": 270, "texture": "#2"},
				"south": {"uv": [13, 11, 12, 12], "texture": "#2"},
				"west": {"uv": [12, 12, 13, 3], "rotation": 90, "texture": "#2"},
				"up": {"uv": [13, 3, 12, 12], "texture": "#2"},
				"down": {"uv": [13, 12, 12, 3], "texture": "#2"}
			}
		},
		{
			"name": "gold_ingot_4",
			"from": [11.4949, 0.93367, 0.66327],
			"to": [12.9949, 1.43367, 5.66327],
			"rotation": {"angle": -22.5, "axis": "y", "origin": [5.9949, 4.93367, 8.66327]},
			"faces": {
				"north": {"uv": [4, 4, 7, 5], "texture": "#2"},
				"east": {"uv": [4, 14, 5, 4], "rotation": 270, "texture": "#2"},
				"south": {"uv": [7, 13, 4, 14], "texture": "#2"},
				"west": {"uv": [6, 14, 7, 4], "rotation": 90, "texture": "#2"},
				"up": {"uv": [7, 4, 4, 14], "texture": "#2"},
				"down": {"uv": [7, 14, 4, 4], "texture": "#2"}
			}
		},
		{
			"name": "gold_ingot_5",
			"from": [7.9949, 0.93367, 0.66327],
			"to": [8.4949, 1.43367, 4.16327],
			"rotation": {"angle": -22.5, "axis": "y", "origin": [5.9949, 4.93367, 8.66327]},
			"faces": {
				"north": {"uv": [13, 4, 14, 5], "texture": "#2"},
				"east": {"uv": [13, 11, 14, 4], "rotation": 270, "texture": "#2"},
				"south": {"uv": [14, 10, 13, 11], "texture": "#2"},
				"west": {"uv": [13, 11, 14, 4], "rotation": 90, "texture": "#2"},
				"up": {"uv": [14, 4, 13, 11], "texture": "#2"},
				"down": {"uv": [14, 11, 13, 4], "texture": "#2"}
			}
		},
		{
			"name": "gold_ingot_6",
			"from": [12.9949, 0.93367, 1.16327],
			"to": [14.4949, 1.43367, 4.66327],
			"rotation": {"angle": -22.5, "axis": "y", "origin": [5.9949, 4.93367, 8.66327]},
			"faces": {
				"north": {"uv": [1, 5, 4, 6], "texture": "#2"},
				"east": {"uv": [1, 12, 2, 5], "rotation": 270, "texture": "#2"},
				"south": {"uv": [4, 11, 1, 12], "texture": "#2"},
				"west": {"uv": [3, 12, 4, 5], "rotation": 90, "texture": "#2"},
				"up": {"uv": [4, 5, 1, 12], "texture": "#2"},
				"down": {"uv": [4, 12, 1, 5], "texture": "#2"}
			}
		},
		{
			"name": "gold_ingot_7",
			"from": [7.4949, 0.93367, 1.16327],
			"to": [7.9949, 1.43367, 4.16327],
			"rotation": {"angle": -22.5, "axis": "y", "origin": [5.9949, 4.93367, 8.66327]},
			"faces": {
				"north": {"uv": [14, 5, 15, 6], "texture": "#2"},
				"east": {"uv": [14, 11, 15, 5], "rotation": 270, "texture": "#2"},
				"south": {"uv": [15, 10, 14, 11], "texture": "#2"},
				"west": {"uv": [14, 11, 15, 5], "rotation": 90, "texture": "#2"},
				"up": {"uv": [15, 5, 14, 11], "texture": "#2"},
				"down": {"uv": [15, 11, 14, 5], "texture": "#2"}
			}
		},
		{
			"name": "gold_ingot_8",
			"from": [14.4949, 0.93367, 1.66327],
			"to": [14.9949, 1.43367, 4.16327],
			"rotation": {"angle": -22.5, "axis": "y", "origin": [5.9949, 4.93367, 8.66327]},
			"faces": {
				"north": {"uv": [0, 6, 1, 7], "texture": "#2"},
				"east": {"uv": [0, 11, 1, 6], "rotation": 270, "texture": "#2"},
				"south": {"uv": [1, 10, 0, 11], "texture": "#2"},
				"west": {"uv": [0, 11, 1, 6], "rotation": 90, "texture": "#2"},
				"up": {"uv": [1, 6, 0, 11], "texture": "#2"},
				"down": {"uv": [1, 11, 0, 6], "texture": "#2"}
			}
		},
		{
			"name": "gold_ingot_9",
			"from": [6.9949, 0.93367, 1.66327],
			"to": [7.4949, 1.43367, 3.66327],
			"rotation": {"angle": -22.5, "axis": "y", "origin": [5.9949, 4.93367, 8.66327]},
			"faces": {
				"north": {"uv": [15, 6, 16, 7], "texture": "#2"},
				"east": {"uv": [15, 10, 16, 6], "rotation": 270, "texture": "#2"},
				"south": {"uv": [16, 9, 15, 10], "texture": "#2"},
				"west": {"uv": [15, 10, 16, 6], "rotation": 90, "texture": "#2"},
				"up": {"uv": [16, 6, 15, 10], "texture": "#2"},
				"down": {"uv": [16, 10, 15, 6], "texture": "#2"}
			}
		},
		{
			"name": "gold_ingot_10",
			"from": [12.9949, 0.93367, 4.66327],
			"to": [13.9949, 1.43367, 5.16327],
			"rotation": {"angle": -22.5, "axis": "y", "origin": [5.9949, 4.93367, 8.66327]},
			"faces": {
				"north": {"uv": [2, 12, 4, 13], "texture": "#2"},
				"east": {"uv": [2, 13, 3, 12], "rotation": 270, "texture": "#2"},
				"south": {"uv": [4, 12, 2, 13], "texture": "#2"},
				"west": {"uv": [3, 13, 4, 12], "rotation": 90, "texture": "#2"},
				"up": {"uv": [4, 12, 2, 13], "texture": "#2"},
				"down": {"uv": [4, 13, 2, 12], "texture": "#2"}
			}
		},
		{
			"name": "gold_ingot_11",
			"from": [12.9949, 0.93367, 5.16327],
			"to": [13.4949, 1.43367, 5.66327],
			"rotation": {"angle": -22.5, "axis": "y", "origin": [5.9949, 4.93367, 8.66327]},
			"faces": {
				"north": {"uv": [3, 13, 4, 14], "texture": "#2"},
				"east": {"uv": [3, 14, 4, 13], "rotation": 270, "texture": "#2"},
				"south": {"uv": [4, 13, 3, 14], "texture": "#2"},
				"west": {"uv": [3, 14, 4, 13], "rotation": 90, "texture": "#2"},
				"up": {"uv": [4, 13, 3, 14], "texture": "#2"},
				"down": {"uv": [4, 14, 3, 13], "texture": "#2"}
			}
		},
		{
			"name": "gold_ingot_0",
			"from": [5.9949, 1.93367, 8.66327],
			"to": [6.9949, 2.43367, 13.66327],
			"rotation": {"angle": 22.5, "axis": "z", "origin": [5.9949, 4.93367, 8.66327]},
			"faces": {
				"north": {"uv": [12, 2, 10, 3], "texture": "#2"},
				"east": {"uv": [11, 2, 12, 12], "rotation": 90, "texture": "#2"},
				"south": {"uv": [10, 11, 12, 12], "texture": "#2"},
				"west": {"uv": [10, 2, 11, 12], "rotation": 270, "texture": "#2"},
				"up": {"uv": [10, 2, 12, 12], "texture": "#2"},
				"down": {"uv": [10, 12, 12, 2], "texture": "#2"}
			}
		},
		{
			"name": "gold_ingot_1",
			"from": [4.4949, 1.93367, 9.16327],
			"to": [5.9949, 2.43367, 14.16327],
			"rotation": {"angle": 22.5, "axis": "z", "origin": [5.9949, 4.93367, 8.66327]},
			"faces": {
				"north": {"uv": [10, 3, 7, 4], "texture": "#2"},
				"east": {"uv": [9, 3, 10, 13], "rotation": 90, "texture": "#2"},
				"south": {"uv": [7, 12, 10, 13], "texture": "#2"},
				"west": {"uv": [7, 3, 8, 13], "rotation": 270, "texture": "#2"},
				"up": {"uv": [7, 3, 10, 13], "texture": "#2"},
				"down": {"uv": [7, 13, 10, 3], "texture": "#2"}
			}
		},
		{
			"name": "gold_ingot_2",
			"from": [6.9949, 1.93367, 9.16327],
			"to": [7.4949, 2.43367, 13.66327],
			"rotation": {"angle": 22.5, "axis": "z", "origin": [5.9949, 4.93367, 8.66327]},
			"faces": {
				"north": {"uv": [13, 3, 12, 4], "texture": "#2"},
				"east": {"uv": [12, 3, 13, 12], "rotation": 90, "texture": "#2"},
				"south": {"uv": [12, 11, 13, 12], "texture": "#2"},
				"west": {"uv": [12, 3, 13, 12], "rotation": 270, "texture": "#2"},
				"up": {"uv": [12, 3, 13, 12], "texture": "#2"},
				"down": {"uv": [12, 12, 13, 3], "texture": "#2"}
			}
		},
		{
			"name": "gold_ingot_3",
			"from": [2.9949, 1.93367, 9.66327],
			"to": [4.4949, 2.43367, 14.66327],
			"rotation": {"angle": 22.5, "axis": "z", "origin": [5.9949, 4.93367, 8.66327]},
			"faces": {
				"north": {"uv": [7, 4, 4, 5], "texture": "#2"},
				"east": {"uv": [6, 4, 7, 14], "rotation": 90, "texture": "#2"},
				"south": {"uv": [4, 13, 7, 14], "texture": "#2"},
				"west": {"uv": [4, 4, 5, 14], "rotation": 270, "texture": "#2"},
				"up": {"uv": [4, 4, 7, 14], "texture": "#2"},
				"down": {"uv": [4, 14, 7, 4], "texture": "#2"}
			}
		},
		{
			"name": "gold_ingot_4",
			"from": [7.4949, 1.93367, 9.66327],
			"to": [7.9949, 2.43367, 13.16327],
			"rotation": {"angle": 22.5, "axis": "z", "origin": [5.9949, 4.93367, 8.66327]},
			"faces": {
				"north": {"uv": [14, 4, 13, 5], "texture": "#2"},
				"east": {"uv": [13, 4, 14, 11], "rotation": 90, "texture": "#2"},
				"south": {"uv": [13, 10, 14, 11], "texture": "#2"},
				"west": {"uv": [13, 4, 14, 11], "rotation": 270, "texture": "#2"},
				"up": {"uv": [13, 4, 14, 11], "texture": "#2"},
				"down": {"uv": [13, 11, 14, 4], "texture": "#2"}
			}
		},
		{
			"name": "gold_ingot_5",
			"from": [1.4949, 1.93367, 10.16327],
			"to": [2.9949, 2.43367, 13.66327],
			"rotation": {"angle": 22.5, "axis": "z", "origin": [5.9949, 4.93367, 8.66327]},
			"faces": {
				"north": {"uv": [4, 5, 1, 6], "texture": "#2"},
				"east": {"uv": [3, 5, 4, 12], "rotation": 90, "texture": "#2"},
				"south": {"uv": [1, 11, 4, 12], "texture": "#2"},
				"west": {"uv": [1, 5, 2, 12], "rotation": 270, "texture": "#2"},
				"up": {"uv": [1, 5, 4, 12], "texture": "#2"},
				"down": {"uv": [1, 12, 4, 5], "texture": "#2"}
			}
		},
		{
			"name": "gold_ingot_6",
			"from": [7.9949, 1.93367, 10.16327],
			"to": [8.4949, 2.43367, 13.16327],
			"rotation": {"angle": 22.5, "axis": "z", "origin": [5.9949, 4.93367, 8.66327]},
			"faces": {
				"north": {"uv": [15, 5, 14, 6], "texture": "#2"},
				"east": {"uv": [14, 5, 15, 11], "rotation": 90, "texture": "#2"},
				"south": {"uv": [14, 10, 15, 11], "texture": "#2"},
				"west": {"uv": [14, 5, 15, 11], "rotation": 270, "texture": "#2"},
				"up": {"uv": [14, 5, 15, 11], "texture": "#2"},
				"down": {"uv": [14, 11, 15, 5], "texture": "#2"}
			}
		},
		{
			"name": "gold_ingot_7",
			"from": [0.9949, 1.93367, 10.66327],
			"to": [1.4949, 2.43367, 13.16327],
			"rotation": {"angle": 22.5, "axis": "z", "origin": [5.9949, 4.93367, 8.66327]},
			"faces": {
				"north": {"uv": [1, 6, 0, 7], "texture": "#2"},
				"east": {"uv": [0, 6, 1, 11], "rotation": 90, "texture": "#2"},
				"south": {"uv": [0, 10, 1, 11], "texture": "#2"},
				"west": {"uv": [0, 6, 1, 11], "rotation": 270, "texture": "#2"},
				"up": {"uv": [0, 6, 1, 11], "texture": "#2"},
				"down": {"uv": [0, 11, 1, 6], "texture": "#2"}
			}
		},
		{
			"name": "gold_ingot_8",
			"from": [8.4949, 1.93367, 10.66327],
			"to": [8.9949, 2.43367, 12.66327],
			"rotation": {"angle": 22.5, "axis": "z", "origin": [5.9949, 4.93367, 8.66327]},
			"faces": {
				"north": {"uv": [16, 6, 15, 7], "texture": "#2"},
				"east": {"uv": [15, 6, 16, 10], "rotation": 90, "texture": "#2"},
				"south": {"uv": [15, 9, 16, 10], "texture": "#2"},
				"west": {"uv": [15, 6, 16, 10], "rotation": 270, "texture": "#2"},
				"up": {"uv": [15, 6, 16, 10], "texture": "#2"},
				"down": {"uv": [15, 10, 16, 6], "texture": "#2"}
			}
		},
		{
			"name": "gold_ingot_9",
			"from": [1.9949, 1.93367, 13.66327],
			"to": [2.9949, 2.43367, 14.16327],
			"rotation": {"angle": 22.5, "axis": "z", "origin": [5.9949, 4.93367, 8.66327]},
			"faces": {
				"north": {"uv": [4, 12, 2, 13], "texture": "#2"},
				"east": {"uv": [3, 12, 4, 13], "rotation": 90, "texture": "#2"},
				"south": {"uv": [2, 12, 4, 13], "texture": "#2"},
				"west": {"uv": [2, 12, 3, 13], "rotation": 270, "texture": "#2"},
				"up": {"uv": [2, 12, 4, 13], "texture": "#2"},
				"down": {"uv": [2, 13, 4, 12], "texture": "#2"}
			}
		},
		{
			"name": "gold_ingot_10",
			"from": [2.4949, 1.93367, 14.16327],
			"to": [2.9949, 2.43367, 14.66327],
			"rotation": {"angle": 22.5, "axis": "z", "origin": [5.9949, 4.93367, 8.66327]},
			"faces": {
				"north": {"uv": [4, 13, 3, 14], "texture": "#2"},
				"east": {"uv": [3, 13, 4, 14], "rotation": 90, "texture": "#2"},
				"south": {"uv": [3, 13, 4, 14], "texture": "#2"},
				"west": {"uv": [3, 13, 4, 14], "rotation": 270, "texture": "#2"},
				"up": {"uv": [3, 13, 4, 14], "texture": "#2"},
				"down": {"uv": [3, 14, 4, 13], "texture": "#2"}
			}
		},
		{
			"name": "diamond_2",
			"from": [7.7449, 1.43367, 3.16327],
			"to": [9.7449, 1.93367, 9.66327],
			"rotation": {"angle": -45, "axis": "y", "origin": [7.7449, 5.43367, 8.16327]},
			"faces": {
				"north": {"uv": [10, 2, 6, 3], "texture": "#1"},
				"east": {"uv": [9, 2, 10, 15], "rotation": 90, "texture": "#1"},
				"south": {"uv": [6, 14, 10, 15], "texture": "#1"},
				"west": {"uv": [6, 2, 7, 15], "rotation": 270, "texture": "#1"},
				"up": {"uv": [6, 2, 10, 15], "texture": "#1"},
				"down": {"uv": [6, 15, 10, 2], "texture": "#1"}
			}
		},
		{
			"name": "diamond_3",
			"from": [7.2449, 1.43367, 3.66327],
			"to": [7.7449, 1.93367, 9.66327],
			"rotation": {"angle": -45, "axis": "y", "origin": [7.7449, 5.43367, 8.16327]},
			"faces": {
				"north": {"uv": [6, 3, 5, 4], "texture": "#1"},
				"east": {"uv": [5, 3, 6, 15], "rotation": 90, "texture": "#1"},
				"south": {"uv": [5, 14, 6, 15], "texture": "#1"},
				"west": {"uv": [5, 3, 6, 15], "rotation": 270, "texture": "#1"},
				"up": {"uv": [5, 3, 6, 15], "texture": "#1"},
				"down": {"uv": [5, 15, 6, 3], "texture": "#1"}
			}
		},
		{
			"name": "diamond_4",
			"from": [9.7449, 1.43367, 3.66327],
			"to": [10.2449, 1.93367, 9.66327],
			"rotation": {"angle": -45, "axis": "y", "origin": [7.7449, 5.43367, 8.16327]},
			"faces": {
				"north": {"uv": [11, 3, 10, 4], "texture": "#1"},
				"east": {"uv": [10, 3, 11, 15], "rotation": 90, "texture": "#1"},
				"south": {"uv": [10, 14, 11, 15], "texture": "#1"},
				"west": {"uv": [10, 3, 11, 15], "rotation": 270, "texture": "#1"},
				"up": {"uv": [10, 3, 11, 15], "texture": "#1"},
				"down": {"uv": [10, 15, 11, 3], "texture": "#1"}
			}
		},
		{
			"name": "diamond_5",
			"from": [6.7449, 1.43367, 4.16327],
			"to": [7.2449, 1.93367, 9.16327],
			"rotation": {"angle": -45, "axis": "y", "origin": [7.7449, 5.43367, 8.16327]},
			"faces": {
				"north": {"uv": [5, 4, 4, 5], "texture": "#1"},
				"east": {"uv": [4, 4, 5, 14], "rotation": 90, "texture": "#1"},
				"south": {"uv": [4, 13, 5, 14], "texture": "#1"},
				"west": {"uv": [4, 4, 5, 14], "rotation": 270, "texture": "#1"},
				"up": {"uv": [4, 4, 5, 14], "texture": "#1"},
				"down": {"uv": [4, 14, 5, 4], "texture": "#1"}
			}
		},
		{
			"name": "diamond_6",
			"from": [10.2449, 1.43367, 4.16327],
			"to": [10.7449, 1.93367, 9.16327],
			"rotation": {"angle": -45, "axis": "y", "origin": [7.7449, 5.43367, 8.16327]},
			"faces": {
				"north": {"uv": [12, 4, 11, 5], "texture": "#1"},
				"east": {"uv": [11, 4, 12, 14], "rotation": 90, "texture": "#1"},
				"south": {"uv": [11, 13, 12, 14], "texture": "#1"},
				"west": {"uv": [11, 4, 12, 14], "rotation": 270, "texture": "#1"},
				"up": {"uv": [11, 4, 12, 14], "texture": "#1"},
				"down": {"uv": [11, 14, 12, 4], "texture": "#1"}
			}
		},
		{
			"name": "diamond_7",
			"from": [6.2449, 1.43367, 4.66327],
			"to": [6.7449, 1.93367, 8.66327],
			"rotation": {"angle": -45, "axis": "y", "origin": [7.7449, 5.43367, 8.16327]},
			"faces": {
				"north": {"uv": [4, 5, 3, 6], "texture": "#1"},
				"east": {"uv": [3, 5, 4, 13], "rotation": 90, "texture": "#1"},
				"south": {"uv": [3, 12, 4, 13], "texture": "#1"},
				"west": {"uv": [3, 5, 4, 13], "rotation": 270, "texture": "#1"},
				"up": {"uv": [3, 5, 4, 13], "texture": "#1"},
				"down": {"uv": [3, 13, 4, 5], "texture": "#1"}
			}
		},
		{
			"name": "diamond_8",
			"from": [10.7449, 1.43367, 4.66327],
			"to": [11.2449, 1.93367, 8.66327],
			"rotation": {"angle": -45, "axis": "y", "origin": [7.7449, 5.43367, 8.16327]},
			"faces": {
				"north": {"uv": [13, 5, 12, 6], "texture": "#1"},
				"east": {"uv": [12, 5, 13, 13], "rotation": 90, "texture": "#1"},
				"south": {"uv": [12, 12, 13, 13], "texture": "#1"},
				"west": {"uv": [12, 5, 13, 13], "rotation": 270, "texture": "#1"},
				"up": {"uv": [12, 5, 13, 13], "texture": "#1"},
				"down": {"uv": [12, 13, 13, 5], "texture": "#1"}
			}
		},
		{
			"name": "diamond_9",
			"from": [5.7449, 1.43367, 5.66327],
			"to": [6.2449, 1.93367, 7.66327],
			"rotation": {"angle": -45, "axis": "y", "origin": [7.7449, 5.43367, 8.16327]},
			"faces": {
				"north": {"uv": [3, 7, 2, 8], "texture": "#1"},
				"east": {"uv": [2, 7, 3, 11], "rotation": 90, "texture": "#1"},
				"south": {"uv": [2, 10, 3, 11], "texture": "#1"},
				"west": {"uv": [2, 7, 3, 11], "rotation": 270, "texture": "#1"},
				"up": {"uv": [2, 7, 3, 11], "texture": "#1"},
				"down": {"uv": [2, 11, 3, 7], "texture": "#1"}
			}
		},
		{
			"name": "diamond_10",
			"from": [11.2449, 1.43367, 5.66327],
			"to": [11.7449, 1.93367, 7.66327],
			"rotation": {"angle": -45, "axis": "y", "origin": [7.7449, 5.43367, 8.16327]},
			"faces": {
				"north": {"uv": [14, 7, 13, 8], "texture": "#1"},
				"east": {"uv": [13, 7, 14, 11], "rotation": 90, "texture": "#1"},
				"south": {"uv": [13, 10, 14, 11], "texture": "#1"},
				"west": {"uv": [13, 7, 14, 11], "rotation": 270, "texture": "#1"},
				"up": {"uv": [13, 7, 14, 11], "texture": "#1"},
				"down": {"uv": [13, 11, 14, 7], "texture": "#1"}
			}
		},
		{
			"name": "diamond_1",
			"from": [8.7449, 0.93367, 8.16327],
			"to": [10.7449, 1.43367, 14.66327],
			"rotation": {"angle": -22.5, "axis": "y", "origin": [10.7449, 4.93367, 10.16327]},
			"faces": {
				"north": {"uv": [10, 2, 6, 3], "texture": "#1"},
				"east": {"uv": [9, 2, 10, 15], "rotation": 90, "texture": "#1"},
				"south": {"uv": [6, 14, 10, 15], "texture": "#1"},
				"west": {"uv": [6, 2, 7, 15], "rotation": 270, "texture": "#1"},
				"up": {"uv": [6, 2, 10, 15], "texture": "#1"},
				"down": {"uv": [6, 15, 10, 2], "texture": "#1"}
			}
		},
		{
			"name": "diamond_2",
			"from": [8.2449, 0.93367, 8.66327],
			"to": [8.7449, 1.43367, 14.66327],
			"rotation": {"angle": -22.5, "axis": "y", "origin": [10.7449, 4.93367, 10.16327]},
			"faces": {
				"north": {"uv": [6, 3, 5, 4], "texture": "#1"},
				"east": {"uv": [5, 3, 6, 15], "rotation": 90, "texture": "#1"},
				"south": {"uv": [5, 14, 6, 15], "texture": "#1"},
				"west": {"uv": [5, 3, 6, 15], "rotation": 270, "texture": "#1"},
				"up": {"uv": [5, 3, 6, 15], "texture": "#1"},
				"down": {"uv": [5, 15, 6, 3], "texture": "#1"}
			}
		},
		{
			"name": "diamond_3",
			"from": [10.7449, 0.93367, 8.66327],
			"to": [11.2449, 1.43367, 14.66327],
			"rotation": {"angle": -22.5, "axis": "y", "origin": [10.7449, 4.93367, 10.16327]},
			"faces": {
				"north": {"uv": [11, 3, 10, 4], "texture": "#1"},
				"east": {"uv": [10, 3, 11, 15], "rotation": 90, "texture": "#1"},
				"south": {"uv": [10, 14, 11, 15], "texture": "#1"},
				"west": {"uv": [10, 3, 11, 15], "rotation": 270, "texture": "#1"},
				"up": {"uv": [10, 3, 11, 15], "texture": "#1"},
				"down": {"uv": [10, 15, 11, 3], "texture": "#1"}
			}
		},
		{
			"name": "diamond_4",
			"from": [7.7449, 0.93367, 9.16327],
			"to": [8.2449, 1.43367, 14.16327],
			"rotation": {"angle": -22.5, "axis": "y", "origin": [10.7449, 4.93367, 10.16327]},
			"faces": {
				"north": {"uv": [5, 4, 4, 5], "texture": "#1"},
				"east": {"uv": [4, 4, 5, 14], "rotation": 90, "texture": "#1"},
				"south": {"uv": [4, 13, 5, 14], "texture": "#1"},
				"west": {"uv": [4, 4, 5, 14], "rotation": 270, "texture": "#1"},
				"up": {"uv": [4, 4, 5, 14], "texture": "#1"},
				"down": {"uv": [4, 14, 5, 4], "texture": "#1"}
			}
		},
		{
			"name": "diamond_5",
			"from": [11.2449, 0.93367, 9.16327],
			"to": [11.7449, 1.43367, 14.16327],
			"rotation": {"angle": -22.5, "axis": "y", "origin": [10.7449, 4.93367, 10.16327]},
			"faces": {
				"north": {"uv": [12, 4, 11, 5], "texture": "#1"},
				"east": {"uv": [11, 4, 12, 14], "rotation": 90, "texture": "#1"},
				"south": {"uv": [11, 13, 12, 14], "texture": "#1"},
				"west": {"uv": [11, 4, 12, 14], "rotation": 270, "texture": "#1"},
				"up": {"uv": [11, 4, 12, 14], "texture": "#1"},
				"down": {"uv": [11, 14, 12, 4], "texture": "#1"}
			}
		},
		{
			"name": "diamond_6",
			"from": [7.2449, 0.93367, 9.66327],
			"to": [7.7449, 1.43367, 13.66327],
			"rotation": {"angle": -22.5, "axis": "y", "origin": [10.7449, 4.93367, 10.16327]},
			"faces": {
				"north": {"uv": [4, 5, 3, 6], "texture": "#1"},
				"east": {"uv": [3, 5, 4, 13], "rotation": 90, "texture": "#1"},
				"south": {"uv": [3, 12, 4, 13], "texture": "#1"},
				"west": {"uv": [3, 5, 4, 13], "rotation": 270, "texture": "#1"},
				"up": {"uv": [3, 5, 4, 13], "texture": "#1"},
				"down": {"uv": [3, 13, 4, 5], "texture": "#1"}
			}
		},
		{
			"name": "diamond_7",
			"from": [11.7449, 0.93367, 9.66327],
			"to": [12.2449, 1.43367, 13.66327],
			"rotation": {"angle": -22.5, "axis": "y", "origin": [10.7449, 4.93367, 10.16327]},
			"faces": {
				"north": {"uv": [13, 5, 12, 6], "texture": "#1"},
				"east": {"uv": [12, 5, 13, 13], "rotation": 90, "texture": "#1"},
				"south": {"uv": [12, 12, 13, 13], "texture": "#1"},
				"west": {"uv": [12, 5, 13, 13], "rotation": 270, "texture": "#1"},
				"up": {"uv": [12, 5, 13, 13], "texture": "#1"},
				"down": {"uv": [12, 13, 13, 5], "texture": "#1"}
			}
		},
		{
			"name": "diamond_8",
			"from": [6.7449, 0.93367, 10.66327],
			"to": [7.2449, 1.43367, 12.66327],
			"rotation": {"angle": -22.5, "axis": "y", "origin": [10.7449, 4.93367, 10.16327]},
			"faces": {
				"north": {"uv": [3, 7, 2, 8], "texture": "#1"},
				"east": {"uv": [2, 7, 3, 11], "rotation": 90, "texture": "#1"},
				"south": {"uv": [2, 10, 3, 11], "texture": "#1"},
				"west": {"uv": [2, 7, 3, 11], "rotation": 270, "texture": "#1"},
				"up": {"uv": [2, 7, 3, 11], "texture": "#1"},
				"down": {"uv": [2, 11, 3, 7], "texture": "#1"}
			}
		},
		{
			"name": "diamond_9",
			"from": [12.2449, 0.93367, 10.66327],
			"to": [12.7449, 1.43367, 12.66327],
			"rotation": {"angle": -22.5, "axis": "y", "origin": [10.7449, 4.93367, 10.16327]},
			"faces": {
				"north": {"uv": [14, 7, 13, 8], "texture": "#1"},
				"east": {"uv": [13, 7, 14, 11], "rotation": 90, "texture": "#1"},
				"south": {"uv": [13, 10, 14, 11], "texture": "#1"},
				"west": {"uv": [13, 7, 14, 11], "rotation": 270, "texture": "#1"},
				"up": {"uv": [13, 7, 14, 11], "texture": "#1"},
				"down": {"uv": [13, 11, 14, 7], "texture": "#1"}
			}
		},
		{
			"name": "plate",
			"from": [1, 0, 1],
			"to": [15, 0.5, 15],
			"rotation": {"angle": 0, "axis": "y", "origin": [8, 8, 24]},
			"faces": {
				"north": {"uv": [1, 15, 15, 15.5], "texture": "#7"},
				"east": {"uv": [1, 15, 15, 15.5], "texture": "#7"},
				"south": {"uv": [1, 15, 15, 15.5], "texture": "#7"},
				"west": {"uv": [1, 15, 15, 15.5], "texture": "#7"},
				"up": {"uv": [1, 1, 15, 15], "texture": "#7"},
				"down": {"uv": [0, 0, 0, 0], "texture": "#7"}
			}
		}
	],
	"display": {
		"thirdperson_righthand": {
			"rotation": [0, -180, 0],
			"translation": [0, 0, 18.25]
		},
		"thirdperson_lefthand": {
			"rotation": [0, -180, 0],
			"translation": [0, 0, 18.25]
		},
		"firstperson_righthand": {
			"translation": [13, 0, 0]
		},
		"firstperson_lefthand": {
			"translation": [13, 0, 0]
		},
		"ground": {
			"scale": [0.4, 0.4, 0.4]
		},
		"gui": {
			"rotation": [30, -45, 0],
			"translation": [-1, 0.25, 0],
			"scale": [0.35, 0.35, 0.35]
		},
		"head": {
			"rotation": [0, -135, 0],
			"translation": [0, 9.5, 0],
			"scale": [0.4, 0.4, 0.4]
		},
		"fixed": {
			"rotation": [90, 135, 0],
			"translation": [0.25, 0.5, 41]
		}
	},
	"groups": [0, 1, 2, 3, 4, 5, 6, 7, 8, 9, 10, 11, 12, 13,
		{
			"name": "treasure",
			"origin": [8, 8, 8],
			"children": [
				{
					"name": "diamond",
					"origin": [8, 8, 8],
					"children": [14, 15, 16, 17, 18, 19, 20, 21, 22]
				},
				{
					"name": "gold_ingot",
					"origin": [8, 8, 8],
					"children": [23, 24, 25, 26, 27, 28, 29, 30, 31, 32, 33]
				},
				{
					"name": "gold_ingot",
					"origin": [8, 8, 8],
					"children": [34, 35, 36, 37, 38, 39, 40, 41, 42, 43, 44]
				},
				{
					"name": "diamond",
					"origin": [8, 8, 8],
					"children": [45, 46, 47, 48, 49, 50, 51, 52, 53]
				},
				{
					"name": "diamond",
					"origin": [8, 8, 8],
					"children": [54, 55, 56, 57, 58, 59, 60, 61, 62]
				}, 63]
		}
	]
}