{
	"credit": "Made with Blockbench",
	"textures": {
		"1": "hat/misc/poop_head",
		"particle": "hat/misc/poop_head"
	},
	"elements": [
		{
			"from": [9.15, -0.85, 8.65],
			"to": [11.95, 2.15, 14.65],
			"rotation": {"angle": 22.5, "axis": "x", "origin": [13.55, 9.15, 15.4]},
			"faces": {
				"north": {"uv": [2.8, 0, 0, 3], "texture": "#1"},
				"east": {"uv": [6, 0, 0, 3], "texture": "#1"},
				"south": {"uv": [2.8, 0, 0, 3], "texture": "#1"},
				"west": {"uv": [6, 0, 0, 3], "texture": "#1"},
				"up": {"uv": [0, 2.8, 6, 0], "rotation": 90, "texture": "#1"}
			}
		},
		{
			"from": [8.6, -0.85, 4.1],
			"to": [14.6, 2.15, 6.9],
			"rotation": {"angle": -22.5, "axis": "z", "origin": [15.35, 9.15, 8.5]},
			"faces": {
				"north": {"uv": [0, 0, 6, 3], "texture": "#1"},
				"east": {"uv": [0, 0, 2.8, 3], "texture": "#1"},
				"south": {"uv": [0, 0, 6, 3], "texture": "#1"},
				"west": {"uv": [0, 0, 2.8, 3], "texture": "#1"},
				"up": {"uv": [0, 0, 6, 2.8], "texture": "#1"}
			}
		},
		{
			"from": [4, 0, 4],
			"to": [12, 3, 12],
			"faces": {
				"north": {"uv": [7, 13, 16, 16], "texture": "#1"},
				"east": {"uv": [7, 13, 16, 16], "texture": "#1"},
				"south": {"uv": [7, 13, 16, 16], "texture": "#1"},
				"west": {"uv": [7, 13, 16, 16], "texture": "#1"},
				"up": {"uv": [2, 2, 11, 11], "texture": "#1"},
				"down": {"uv": [2, 2, 11, 11], "texture": "#1"}
			}
		},
		{
			"from": [1.4, -0.85, 9.1],
			"to": [7.4, 2.15, 11.9],
			"rotation": {"angle": 22.5, "axis": "z", "origin": [0.65, 9.15, 7.5]},
			"faces": {
				"north": {"uv": [0, 0, 6, 3], "texture": "#1"},
				"east": {"uv": [0, 0, 2.8, 3], "texture": "#1"},
				"south": {"uv": [0, 0, 6, 3], "texture": "#1"},
				"west": {"uv": [0, 0, 2.8, 3], "texture": "#1"},
				"up": {"uv": [0, 0, 6, 2.8], "rotation": 180, "texture": "#1"}
			}
		},
		{
			"from": [6.05, -3.6, -0.65],
			"to": [9.85, -0.6, 5.35],
			"rotation": {"angle": -45, "axis": "x", "origin": [5.45, 6.4, -1.4]},
			"faces": {
				"north": {"uv": [2.8, 0, 0, 3], "texture": "#1"},
				"east": {"uv": [6, 0, 0, 3], "texture": "#1"},
				"south": {"uv": [0, 0, 3.8, 3], "texture": "#1"},
				"west": {"uv": [6, 0, 0, 3], "texture": "#1"},
				"up": {"uv": [0, 0, 3.8, 6], "texture": "#1"}
			}
		},
		{
			"from": [4.05, -0.85, 1.35],
			"to": [6.85, 2.15, 7.35],
			"rotation": {"angle": -22.5, "axis": "x", "origin": [2.45, 9.15, 0.6]},
			"faces": {
				"north": {"uv": [2.8, 0, 0, 3], "texture": "#1"},
				"east": {"uv": [6, 0, 0, 3], "texture": "#1"},
				"south": {"uv": [2.8, 0, 0, 3], "texture": "#1"},
				"west": {"uv": [6, 0, 0, 3], "texture": "#1"},
				"up": {"uv": [0, 2.8, 6, 0], "rotation": 270, "texture": "#1"}
			}
		}
	],
	"display": {
		"head": {
			"scale": [1.2, 1.2, 1.2],
			"translation": [0, 16, 0]
		},
		"fixed": {
			"rotation": [-90, 0, 0],
			"translation": [0, 0, -24.5],
			"scale": [3.3, 3.3, 3.3]
		},
		"gui": {
			"rotation": [30, 135, 0],
			"translation": [0, 3.5, 0],
			"scale": [0.75, 0.75, 0.75]
		},
		"thirdperson_righthand": {
			"scale": [0.6, 0.6, 0.6],
			"rotation": [0, 0, 0]
		},
		"thirdperson_lefthand": {
			"scale": [0.6, 0.6, 0.6]
		},
		"firstperson_righthand": {
			"translation": [0, 3.5, 0]
		},
		"firstperson_lefthand": {
			"translation": [0, 3.5, 0]
		},
		"ground": {
			"scale": [0.8, 0.8, 0.8],
			"translation": [0, 3, 0]
		}
	}
}