{
	"credit": "Made with Blockbench",
	"textures": {
		"1": "hat/misc/probably_not_deathday",
		"particle": "hat/misc/probably_not_deathday"
	},
	"elements": [
		{
			"from": [1.5, 0, 1.5],
			"to": [14.5, 1, 14.5],
			"faces": {
				"north": {"uv": [0, 15.5, 6.5, 16], "texture": "#1"},
				"east": {"uv": [0, 15.5, 6.5, 16], "texture": "#1"},
				"south": {"uv": [0, 15.5, 6.5, 16], "texture": "#1"},
				"west": {"uv": [0, 15.5, 6.5, 16], "texture": "#1"},
				"up": {"uv": [0, 9.5, 6.5, 16], "texture": "#1"},
				"down": {"uv": [0, 9.5, 6.5, 16], "texture": "#1"}
			}
		},
		{
			"from": [3.5, 1, 3.5],
			"to": [12.5, 6, 12.5],
			"faces": {
				"north": {"uv": [9.5, 0, 14, 2], "texture": "#1"},
				"east": {"uv": [4.5, 0, 9, 2], "texture": "#1"},
				"south": {"uv": [9, 3, 16, 16], "rotation": 90, "texture": "#1"},
				"west": {"uv": [13.5, 0, 9, 2], "texture": "#1"},
				"up": {"uv": [0, 0, 4.5, 4.5], "texture": "#1"}
			}
		},
		{
			"from": [4.5, 6, 10.5],
			"to": [5.5, 9, 11.5],
			"faces": {
				"north": {"uv": [6.5, 15.5, 8.5, 16], "rotation": 270, "texture": "#1"},
				"east": {"uv": [6.5, 15.5, 8.5, 16], "rotation": 270, "texture": "#1"},
				"south": {"uv": [6.5, 15.5, 8.5, 16], "rotation": 270, "texture": "#1"},
				"west": {"uv": [6.5, 15.5, 8.5, 16], "rotation": 270, "texture": "#1"},
				"up": {"uv": [6.5, 15.5, 7, 16], "rotation": 270, "texture": "#1"}
			}
		},
		{
			"from": [10.5, 6, 10.5],
			"to": [11.5, 9, 11.5],
			"faces": {
				"north": {"uv": [6.5, 15, 8.5, 15.5], "rotation": 270, "texture": "#1"},
				"east": {"uv": [6.5, 15, 8.5, 15.5], "rotation": 270, "texture": "#1"},
				"south": {"uv": [6.5, 15, 8.5, 15.5], "rotation": 270, "texture": "#1"},
				"west": {"uv": [6.5, 15, 8.5, 15.5], "rotation": 270, "texture": "#1"},
				"up": {"uv": [8, 15, 8.5, 15.5], "rotation": 270, "texture": "#1"}
			}
		},
		{
			"from": [10.5, 6, 4.5],
			"to": [11.5, 9, 5.5],
			"faces": {
				"north": {"uv": [8, 14, 8.5, 14.5], "rotation": 270, "texture": "#1"},
				"east": {"uv": [6.5, 14, 8.5, 14.5], "rotation": 270, "texture": "#1"},
				"south": {"uv": [6.5, 14, 8.5, 14.5], "rotation": 270, "texture": "#1"},
				"west": {"uv": [6.5, 14, 8.5, 14.5], "rotation": 270, "texture": "#1"},
				"up": {"uv": [6.5, 14, 8.5, 14.5], "rotation": 270, "texture": "#1"}
			}
		},
		{
			"from": [4.5, 6, 4.5],
			"to": [5.5, 9, 5.5],
			"faces": {
				"north": {"uv": [6.5, 14.5, 8.5, 15], "rotation": 270, "texture": "#1"},
				"east": {"uv": [6.5, 14.5, 8.5, 15], "rotation": 270, "texture": "#1"},
				"south": {"uv": [6.5, 14.5, 8.5, 15], "rotation": 270, "texture": "#1"},
				"west": {"uv": [6.5, 14.5, 8.5, 15], "rotation": 270, "texture": "#1"},
				"up": {"uv": [8, 14.5, 8.5, 15], "rotation": 270, "texture": "#1"}
			}
		},
		{
			"from": [5.5, 6, 7.5],
			"to": [6.5, 9, 8.5],
			"faces": {
				"north": {"uv": [6.5, 13.5, 8.5, 14], "rotation": 270, "texture": "#1"},
				"east": {"uv": [6.5, 13.5, 8.5, 14], "rotation": 270, "texture": "#1"},
				"south": {"uv": [6.5, 13.5, 8.5, 14], "rotation": 270, "texture": "#1"},
				"west": {"uv": [6.5, 13.5, 8.5, 14], "rotation": 270, "texture": "#1"},
				"up": {"uv": [8, 13.5, 8.5, 14], "rotation": 270, "texture": "#1"}
			}
		},
		{
			"from": [8.5, 6, 6.5],
			"to": [9.5, 9, 7.5],
			"faces": {
				"north": {"uv": [6.5, 13, 8.5, 13.5], "rotation": 270, "texture": "#1"},
				"east": {"uv": [6.5, 13, 8.5, 13.5], "rotation": 270, "texture": "#1"},
				"south": {"uv": [6.5, 13, 8.5, 13.5], "rotation": 270, "texture": "#1"},
				"west": {"uv": [6.5, 13, 8.5, 13.5], "rotation": 270, "texture": "#1"},
				"up": {"uv": [8, 13, 8.5, 13.5], "rotation": 270, "texture": "#1"}
			}
		}
	],
	"display": {
		"thirdperson_righthand": {
			"scale": [0.6, 0.6, 0.6]
		},
		"thirdperson_lefthand": {
			"scale": [0.6, 0.6, 0.6]
		},
		"firstperson_righthand": {
			"translation": [0, 3.5, 0]
		},
		"firstperson_lefthand": {
			"translation": [0, 3.5, 0]
		},
		"ground": {
			"translation": [0, 3, 0],
			"scale": [0.8, 0.8, 0.8]
		},
		"gui": {
			"rotation": [30, -45, 0],
			"translation": [0, 3.25, 0],
			"scale": [0.75, 0.75, 0.75]
		},
		"head": {
			"rotation": [0, 180, 0],
			"translation": [0, 14, 0],
			"scale": [1.7, 1.7, 1.7]
		},
		"fixed": {
			"rotation": [-90, 0, 0],
			"translation": [0, 0, -15],
			"scale": [3.6, 3.6, 3.6]
		}
	}
}