{
	"credit": "Made with Blockbench",
	"textures": {
		"2": "hat/misc/red_dinger",
		"particle": "hat/misc/red_dinger"
	},
	"elements": [
		{
			"name": "hexadecagon",
			"from": [6.4087, 0, 6.5],
			"to": [9.5913, 16, 9.5],
			"rotation": {"angle": -45, "axis": "z", "origin": [8, 8, 8]},
			"faces": {
				"north": {"uv": [15.87656, 15.75156, 15.99844, 15.99844], "texture": "#2"},
				"south": {"uv": [15.87656, 15.75156, 15.99844, 15.99844], "texture": "#2"},
				"up": {"uv": [15.87656, 15.75156, 15.99844, 15.99844], "texture": "#2"},
				"down": {"uv": [15.87656, 15.75156, 15.99844, 15.99844], "texture": "#2"}
			}
		},
		{
			"name": "hexadecagon",
			"from": [6.4087, 0, 6.5],
			"to": [9.5913, 16, 9.5],
			"rotation": {"angle": -22.5, "axis": "z", "origin": [8, 8, 8]},
			"faces": {
				"north": {"uv": [15.87656, 15.75156, 15.99844, 15.99844], "texture": "#2"},
				"south": {"uv": [15.87656, 15.75156, 15.99844, 15.99844], "texture": "#2"},
				"up": {"uv": [15.87656, 15.75156, 15.99844, 15.99844], "texture": "#2"},
				"down": {"uv": [15.87656, 15.75156, 15.99844, 15.99844], "texture": "#2"}
			}
		},
		{
			"name": "hexadecagon",
			"from": [6.4087, 0, 6.5],
			"to": [9.5913, 16, 9.5],
			"faces": {
				"north": {"uv": [15.87656, 15.75156, 15.99844, 15.99844], "texture": "#2"},
				"south": {"uv": [15.87656, 15.75156, 15.99844, 15.99844], "texture": "#2"},
				"up": {"uv": [15.87656, 15.75156, 15.99844, 15.99844], "texture": "#2"},
				"down": {"uv": [15.87656, 15.75156, 15.99844, 15.99844], "texture": "#2"}
			}
		},
		{
			"name": "hexadecagon",
			"from": [6.4087, 0, 6.5],
			"to": [9.5913, 16, 9.5],
			"rotation": {"angle": 22.5, "axis": "z", "origin": [8, 8, 8]},
			"faces": {
				"north": {"uv": [15.87656, 15.75156, 15.99844, 15.99844], "texture": "#2"},
				"south": {"uv": [15.87656, 15.75156, 15.99844, 15.99844], "texture": "#2"},
				"up": {"uv": [15.87656, 15.75156, 15.99844, 15.99844], "texture": "#2"},
				"down": {"uv": [15.87656, 15.75156, 15.99844, 15.99844], "texture": "#2"}
			}
		},
		{
			"name": "hexadecagon",
			"from": [0, 6.4087, 6.5],
			"to": [16, 9.5913, 9.5],
			"rotation": {"angle": -45, "axis": "z", "origin": [8, 8, 8]},
			"faces": {
				"north": {"uv": [15.87656, 15.75156, 15.99844, 15.99844], "rotation": 90, "texture": "#2"},
				"east": {"uv": [15.87656, 15.75156, 15.99844, 15.99844], "rotation": 270, "texture": "#2"},
				"south": {"uv": [15.87656, 15.75156, 15.99844, 15.99844], "rotation": 270, "texture": "#2"},
				"west": {"uv": [15.87656, 15.75156, 15.99844, 15.99844], "rotation": 270, "texture": "#2"}
			}
		},
		{
			"name": "hexadecagon",
			"from": [0, 6.4087, 6.5],
			"to": [16, 9.5913, 9.5],
			"rotation": {"angle": -22.5, "axis": "z", "origin": [8, 8, 8]},
			"faces": {
				"north": {"uv": [15.87656, 15.75156, 15.99844, 15.99844], "texture": "#2"},
				"east": {"uv": [15.87656, 15.75156, 15.99844, 15.99844], "texture": "#2"},
				"south": {"uv": [15.87656, 15.75156, 15.99844, 15.99844], "texture": "#2"},
				"west": {"uv": [15.87656, 15.75156, 15.99844, 15.99844], "texture": "#2"}
			}
		},
		{
			"name": "hexadecagon",
			"from": [0, 6.4087, 6.5],
			"to": [16, 9.5913, 9.5],
			"faces": {
				"north": {"uv": [15.87656, 15.75156, 15.99844, 15.99844], "texture": "#2"},
				"east": {"uv": [15.87656, 15.75156, 15.99844, 15.99844], "texture": "#2"},
				"south": {"uv": [15.87656, 15.75156, 15.99844, 15.99844], "texture": "#2"},
				"west": {"uv": [15.87656, 15.75156, 15.99844, 15.99844], "texture": "#2"}
			}
		},
		{
			"name": "hexadecagon",
			"from": [0, 6.4087, 6.5],
			"to": [16, 9.5913, 9.5],
			"rotation": {"angle": 22.5, "axis": "z", "origin": [8, 8, 8]},
			"faces": {
				"north": {"uv": [15.87656, 15.75156, 15.99844, 15.99844], "texture": "#2"},
				"east": {"uv": [15.87656, 15.75156, 15.99844, 15.99844], "texture": "#2"},
				"south": {"uv": [15.87656, 15.75156, 15.99844, 15.99844], "texture": "#2"},
				"west": {"uv": [15.87656, 15.75156, 15.99844, 15.99844], "texture": "#2"}
			}
		},
		{
			"from": [7, 16, 7],
			"to": [9, 16.5, 9],
			"faces": {
				"north": {"uv": [15.87656, 15.75156, 15.99844, 15.99844], "texture": "#2"},
				"east": {"uv": [15.87656, 15.75156, 15.99844, 15.99844], "texture": "#2"},
				"south": {"uv": [15.87656, 15.75156, 15.99844, 15.99844], "texture": "#2"},
				"west": {"uv": [15.87656, 15.75156, 15.99844, 15.99844], "texture": "#2"},
				"up": {"uv": [15.87656, 15.75156, 15.99844, 15.99844], "texture": "#2"}
			}
		},
		{
			"from": [7, 16.75, 7],
			"to": [9, 17, 9],
			"rotation": {"angle": 0, "axis": "z", "origin": [8, 7.75, 8]},
			"faces": {
				"north": {"uv": [15.87656, 15.75156, 15.99844, 15.99844], "texture": "#2"},
				"east": {"uv": [15.87656, 15.75156, 15.99844, 15.99844], "texture": "#2"},
				"south": {"uv": [15.87656, 15.75156, 15.99844, 15.99844], "texture": "#2"},
				"west": {"uv": [15.87656, 15.75156, 15.99844, 15.99844], "texture": "#2"},
				"up": {"uv": [15.87656, 15.75156, 15.99844, 15.99844], "texture": "#2"},
				"down": {"uv": [15.87656, 15.75156, 15.99844, 15.99844], "texture": "#2"}
			}
		},
		{
			"from": [7, 17.25, 7],
			"to": [9, 18.5, 9],
			"rotation": {"angle": 0, "axis": "z", "origin": [8, 7.75, 8]},
			"faces": {
				"north": {"uv": [15.87656, 15.75156, 15.99844, 15.99844], "texture": "#2"},
				"east": {"uv": [15.87656, 15.75156, 15.99844, 15.99844], "texture": "#2"},
				"south": {"uv": [15.87656, 15.75156, 15.99844, 15.99844], "texture": "#2"},
				"west": {"uv": [15.87656, 15.75156, 15.99844, 15.99844], "texture": "#2"},
				"down": {"uv": [15.87656, 15.75156, 15.99844, 15.99844], "texture": "#2"}
			}
		},
		{
			"from": [6, 18.25, 6.75],
			"to": [10, 20.5, 9.25],
			"rotation": {"angle": 0, "axis": "z", "origin": [8, 7.75, 8]},
			"faces": {
				"north": {"uv": [15.87656, 15.75156, 15.99844, 15.99844], "texture": "#2"},
				"east": {"uv": [15.87656, 15.75156, 15.99844, 15.99844], "texture": "#2"},
				"south": {"uv": [15.87656, 15.75156, 15.99844, 15.99844], "texture": "#2"},
				"west": {"uv": [15.87656, 15.75156, 15.99844, 15.99844], "texture": "#2"},
				"up": {"uv": [15.87656, 15.75156, 15.99844, 15.99844], "texture": "#2"},
				"down": {"uv": [15.87656, 15.75156, 15.99844, 15.99844], "texture": "#2"}
			}
		},
		{
			"from": [6.5, 20.5, 6.5],
			"to": [9.5, 21.75, 9.5],
			"rotation": {"angle": 0, "axis": "z", "origin": [8, 7.75, 8]},
			"faces": {
				"north": {"uv": [15.87656, 15.75156, 15.99844, 15.99844], "texture": "#2"},
				"east": {"uv": [15.87656, 15.75156, 15.99844, 15.99844], "texture": "#2"},
				"south": {"uv": [15.87656, 15.75156, 15.99844, 15.99844], "texture": "#2"},
				"west": {"uv": [15.87656, 15.75156, 15.99844, 15.99844], "texture": "#2"},
				"up": {"uv": [15.87656, 15.75156, 15.99844, 15.99844], "texture": "#2"},
				"down": {"uv": [15.87656, 15.75156, 15.99844, 15.99844], "texture": "#2"}
			}
		},
		{
			"from": [6.5, 20.5, 6.5],
			"to": [9.5, 21.75, 9.5],
			"rotation": {"angle": -45, "axis": "y", "origin": [8, 21.125, 8]},
			"faces": {
				"north": {"uv": [15.87656, 15.75156, 15.99844, 15.99844], "texture": "#2"},
				"east": {"uv": [15.87656, 15.75156, 15.99844, 15.99844], "texture": "#2"},
				"south": {"uv": [15.87656, 15.75156, 15.99844, 15.99844], "texture": "#2"},
				"west": {"uv": [15.87656, 15.75156, 15.99844, 15.99844], "texture": "#2"},
				"up": {"uv": [15.87656, 15.75156, 15.99844, 15.99844], "texture": "#2"},
				"down": {"uv": [15.87656, 15.75156, 15.99844, 15.99844], "texture": "#2"}
			}
		},
		{
			"from": [7.25, 16.5, 7.25],
			"to": [8.75, 17.25, 8.75],
			"rotation": {"angle": 0, "axis": "z", "origin": [8, 7.75, 8]},
			"faces": {
				"north": {"uv": [15.87656, 15.75156, 15.99844, 15.99844], "texture": "#2"},
				"east": {"uv": [15.87656, 15.75156, 15.99844, 15.99844], "texture": "#2"},
				"south": {"uv": [15.87656, 15.75156, 15.99844, 15.99844], "texture": "#2"},
				"west": {"uv": [15.87656, 15.75156, 15.99844, 15.99844], "texture": "#2"}
			}
		},
		{
			"name": "hexadecagon",
			"from": [6.40326, 19, 7.5],
			"to": [7.59674, 20, 8.5],
			"rotation": {"angle": -45, "axis": "z", "origin": [7, 22, 8]},
			"faces": {
				"north": {"uv": [15.87656, 15.75156, 15.99844, 15.99844], "texture": "#2"},
				"south": {"uv": [15.87656, 15.75156, 15.99844, 15.99844], "texture": "#2"},
				"up": {"uv": [15.87656, 15.75156, 15.99844, 15.99844], "texture": "#2"},
				"down": {"uv": [15.87656, 15.75156, 15.99844, 15.99844], "texture": "#2"}
			}
		},
		{
			"name": "hexadecagon",
			"from": [6.40326, 19, 7.5],
			"to": [7.59674, 20, 8.5],
			"rotation": {"angle": -22.5, "axis": "z", "origin": [7, 22, 8]},
			"faces": {
				"north": {"uv": [15.87656, 15.75156, 15.99844, 15.99844], "texture": "#2"},
				"south": {"uv": [15.87656, 15.75156, 15.99844, 15.99844], "texture": "#2"},
				"up": {"uv": [15.87656, 15.75156, 15.99844, 15.99844], "texture": "#2"},
				"down": {"uv": [15.87656, 15.75156, 15.99844, 15.99844], "texture": "#2"}
			}
		},
		{
			"name": "hexadecagon",
			"from": [8.40326, 19, 7.5],
			"to": [9.59674, 20, 8.5],
			"rotation": {"angle": 22.5, "axis": "z", "origin": [9, 22, 8]},
			"faces": {
				"north": {"uv": [15.87656, 15.75156, 15.99844, 15.99844], "texture": "#2"},
				"south": {"uv": [15.87656, 15.75156, 15.99844, 15.99844], "texture": "#2"},
				"up": {"uv": [15.87656, 15.75156, 15.99844, 15.99844], "texture": "#2"},
				"down": {"uv": [15.87656, 15.75156, 15.99844, 15.99844], "texture": "#2"}
			}
		},
		{
			"name": "hexadecagon",
			"from": [8.40326, 19, 7.5],
			"to": [9.59674, 20, 8.5],
			"rotation": {"angle": 45, "axis": "z", "origin": [9, 22, 8]},
			"faces": {
				"north": {"uv": [15.87656, 15.75156, 15.99844, 15.99844], "texture": "#2"},
				"south": {"uv": [15.87656, 15.75156, 15.99844, 15.99844], "texture": "#2"},
				"up": {"uv": [15.87656, 15.75156, 15.99844, 15.99844], "texture": "#2"},
				"down": {"uv": [15.87656, 15.75156, 15.99844, 15.99844], "texture": "#2"}
			}
		},
		{
			"name": "hexadecagon",
			"from": [8.40326, 24, 7.5],
			"to": [9.59674, 25, 8.5],
			"rotation": {"angle": -45, "axis": "z", "origin": [9, 22, 8]},
			"faces": {
				"north": {"uv": [15.87656, 15.75156, 15.99844, 15.99844], "texture": "#2"},
				"south": {"uv": [15.87656, 15.75156, 15.99844, 15.99844], "texture": "#2"},
				"up": {"uv": [15.87656, 15.75156, 15.99844, 15.99844], "texture": "#2"},
				"down": {"uv": [15.87656, 15.75156, 15.99844, 15.99844], "texture": "#2"}
			}
		},
		{
			"name": "hexadecagon",
			"from": [8.40326, 24, 7.5],
			"to": [9.59674, 25, 8.5],
			"rotation": {"angle": -22.5, "axis": "z", "origin": [9, 22, 8]},
			"faces": {
				"north": {"uv": [15.87656, 15.75156, 15.99844, 15.99844], "texture": "#2"},
				"south": {"uv": [15.87656, 15.75156, 15.99844, 15.99844], "texture": "#2"},
				"up": {"uv": [15.87656, 15.75156, 15.99844, 15.99844], "texture": "#2"},
				"down": {"uv": [15.87656, 15.75156, 15.99844, 15.99844], "texture": "#2"}
			}
		},
		{
			"name": "hexadecagon",
			"from": [6.40326, 24, 7.5],
			"to": [9.59674, 25, 8.5],
			"rotation": {"angle": 0, "axis": "z", "origin": [8, 22, 8]},
			"faces": {
				"north": {"uv": [15.87656, 15.75156, 15.99844, 15.99844], "texture": "#2"},
				"south": {"uv": [15.87656, 15.75156, 15.99844, 15.99844], "texture": "#2"},
				"up": {"uv": [15.87656, 15.75156, 15.99844, 15.99844], "texture": "#2"},
				"down": {"uv": [15.87656, 15.75156, 15.99844, 15.99844], "texture": "#2"}
			}
		},
		{
			"name": "hexadecagon",
			"from": [6.40326, 24, 7.5],
			"to": [7.59674, 25, 8.5],
			"rotation": {"angle": 22.5, "axis": "z", "origin": [7, 22, 8]},
			"faces": {
				"north": {"uv": [15.87656, 15.75156, 15.99844, 15.99844], "texture": "#2"},
				"south": {"uv": [15.87656, 15.75156, 15.99844, 15.99844], "texture": "#2"},
				"up": {"uv": [15.87656, 15.75156, 15.99844, 15.99844], "texture": "#2"},
				"down": {"uv": [15.87656, 15.75156, 15.99844, 15.99844], "texture": "#2"}
			}
		},
		{
			"name": "hexadecagon",
			"from": [6.40326, 24, 7.5],
			"to": [7.59674, 25, 8.5],
			"rotation": {"angle": 45, "axis": "z", "origin": [7, 22, 8]},
			"faces": {
				"north": {"uv": [15.87656, 15.75156, 15.99844, 15.99844], "texture": "#2"},
				"south": {"uv": [15.87656, 15.75156, 15.99844, 15.99844], "texture": "#2"},
				"up": {"uv": [15.87656, 15.75156, 15.99844, 15.99844], "texture": "#2"},
				"down": {"uv": [15.87656, 15.75156, 15.99844, 15.99844], "texture": "#2"}
			}
		},
		{
			"name": "hexadecagon",
			"from": [4, 21.40326, 7.5],
			"to": [5, 22.59674, 8.5],
			"rotation": {"angle": -22.5, "axis": "z", "origin": [7, 22, 8]},
			"faces": {
				"north": {"uv": [15.87656, 15.75156, 15.99844, 15.99844], "texture": "#2"},
				"east": {"uv": [15.87656, 15.75156, 15.99844, 15.99844], "texture": "#2"},
				"south": {"uv": [15.87656, 15.75156, 15.99844, 15.99844], "texture": "#2"},
				"west": {"uv": [15.87656, 15.75156, 15.99844, 15.99844], "texture": "#2"}
			}
		},
		{
			"name": "hexadecagon",
			"from": [4, 21.40326, 7.5],
			"to": [5, 22.59674, 8.5],
			"rotation": {"angle": 0, "axis": "z", "origin": [7, 22, 8]},
			"faces": {
				"north": {"uv": [15.87656, 15.75156, 15.99844, 15.99844], "texture": "#2"},
				"east": {"uv": [15.87656, 15.75156, 15.99844, 15.99844], "texture": "#2"},
				"south": {"uv": [15.87656, 15.75156, 15.99844, 15.99844], "texture": "#2"},
				"west": {"uv": [15.87656, 15.75156, 15.99844, 15.99844], "texture": "#2"}
			}
		},
		{
			"name": "hexadecagon",
			"from": [4, 21.40326, 7.5],
			"to": [5, 22.59674, 8.5],
			"rotation": {"angle": 22.5, "axis": "z", "origin": [7, 22, 8]},
			"faces": {
				"north": {"uv": [15.87656, 15.75156, 15.99844, 15.99844], "texture": "#2"},
				"east": {"uv": [15.87656, 15.75156, 15.99844, 15.99844], "texture": "#2"},
				"south": {"uv": [15.87656, 15.75156, 15.99844, 15.99844], "texture": "#2"},
				"west": {"uv": [15.87656, 15.75156, 15.99844, 15.99844], "texture": "#2"}
			}
		},
		{
			"name": "hexadecagon",
			"from": [11, 21.40326, 7.5],
			"to": [12, 22.59674, 8.5],
			"rotation": {"angle": -22.5, "axis": "z", "origin": [9, 22, 8]},
			"faces": {
				"north": {"uv": [15.87656, 15.75156, 15.99844, 15.99844], "texture": "#2"},
				"east": {"uv": [15.87656, 15.75156, 15.99844, 15.99844], "texture": "#2"},
				"south": {"uv": [15.87656, 15.75156, 15.99844, 15.99844], "texture": "#2"},
				"west": {"uv": [15.87656, 15.75156, 15.99844, 15.99844], "texture": "#2"}
			}
		},
		{
			"name": "hexadecagon",
			"from": [11, 21.40326, 7.5],
			"to": [12, 22.59674, 8.5],
			"rotation": {"angle": 0, "axis": "z", "origin": [9, 22, 8]},
			"faces": {
				"north": {"uv": [15.87656, 15.75156, 15.99844, 15.99844], "texture": "#2"},
				"east": {"uv": [15.87656, 15.75156, 15.99844, 15.99844], "texture": "#2"},
				"south": {"uv": [15.87656, 15.75156, 15.99844, 15.99844], "texture": "#2"},
				"west": {"uv": [15.87656, 15.75156, 15.99844, 15.99844], "texture": "#2"}
			}
		},
		{
			"name": "hexadecagon",
			"from": [11, 21.40326, 7.5],
			"to": [12, 22.59674, 8.5],
			"rotation": {"angle": 22.5, "axis": "z", "origin": [9, 22, 8]},
			"faces": {
				"north": {"uv": [15.87656, 15.75156, 15.99844, 15.99844], "texture": "#2"},
				"east": {"uv": [15.87656, 15.75156, 15.99844, 15.99844], "texture": "#2"},
				"south": {"uv": [15.87656, 15.75156, 15.99844, 15.99844], "texture": "#2"},
				"west": {"uv": [15.87656, 15.75156, 15.99844, 15.99844], "texture": "#2"}
			}
		},
		{
			"name": "hexadecagon",
			"from": [6.60761, 1, 6],
			"to": [9.39239, 15, 10],
			"rotation": {"angle": -45, "axis": "z", "origin": [8, 8, 8]},
			"faces": {
				"north": {"uv": [0.00156, 7.62656, 0.12344, 7.74844], "texture": "#2"},
				"south": {"uv": [15.87656, 15.75156, 15.99844, 15.99844], "texture": "#2"},
				"up": {"uv": [15.50156, 7.62656, 15.74846, 7.74846], "rotation": 90, "texture": "#2"},
				"down": {"uv": [15.50156, 7.62656, 15.74846, 7.74846], "rotation": 270, "texture": "#2"}
			}
		},
		{
			"name": "hexadecagon",
			"from": [6.60761, 1, 6],
			"to": [9.39239, 15, 10],
			"rotation": {"angle": -22.5, "axis": "z", "origin": [8, 8, 8]},
			"faces": {
				"north": {"uv": [0.00156, 7.62656, 0.12344, 7.74844], "texture": "#2"},
				"south": {"uv": [15.87656, 15.75156, 15.99844, 15.99844], "texture": "#2"},
				"up": {"uv": [15.50156, 7.62656, 15.74846, 7.74846], "rotation": 90, "texture": "#2"},
				"down": {"uv": [15.50156, 7.62656, 15.74846, 7.74846], "rotation": 270, "texture": "#2"}
			}
		},
		{
			"name": "hexadecagon",
			"from": [6.60761, 1, 6],
			"to": [9.39239, 15, 10],
			"faces": {
				"north": {"uv": [0.00156, 7.62656, 0.12344, 7.74844], "texture": "#2"},
				"south": {"uv": [15.87656, 15.75156, 15.99844, 15.99844], "texture": "#2"},
				"up": {"uv": [15.50156, 7.62656, 15.74846, 7.74846], "rotation": 90, "texture": "#2"},
				"down": {"uv": [15.50156, 7.62656, 15.74846, 7.74846], "rotation": 270, "texture": "#2"}
			}
		},
		{
			"name": "hexadecagon",
			"from": [6.60761, 1, 6],
			"to": [9.39239, 15, 10],
			"rotation": {"angle": 22.5, "axis": "z", "origin": [8, 8, 8]},
			"faces": {
				"north": {"uv": [0.00156, 7.62656, 0.12344, 7.74844], "texture": "#2"},
				"south": {"uv": [15.87656, 15.75156, 15.99844, 15.99844], "texture": "#2"},
				"up": {"uv": [15.50156, 7.62656, 15.74846, 7.74846], "rotation": 90, "texture": "#2"},
				"down": {"uv": [15.50156, 7.62656, 15.74846, 7.74846], "rotation": 270, "texture": "#2"}
			}
		},
		{
			"name": "hexadecagon",
			"from": [6.60761, 1, 6],
			"to": [9.39239, 15, 10],
			"rotation": {"angle": 45, "axis": "z", "origin": [8, 8, 8]},
			"faces": {
				"north": {"uv": [0.00156, 7.62656, 0.12344, 7.74844], "texture": "#2"},
				"south": {"uv": [15.87656, 15.75156, 15.99844, 15.99844], "texture": "#2"},
				"up": {"uv": [15.50156, 7.62656, 15.74846, 7.74846], "rotation": 90, "texture": "#2"},
				"down": {"uv": [15.50156, 7.62656, 15.74846, 7.74846], "rotation": 270, "texture": "#2"}
			}
		},
		{
			"name": "hexadecagon",
			"from": [1, 6.60761, 6],
			"to": [15, 9.39239, 10],
			"rotation": {"angle": -22.5, "axis": "z", "origin": [8, 8, 8]},
			"faces": {
				"north": {"uv": [0.00156, 7.62656, 0.12344, 7.74844], "texture": "#2"},
				"east": {"uv": [15.50156, 7.62656, 15.74846, 7.74846], "rotation": 180, "texture": "#2"},
				"south": {"uv": [15.87656, 15.75156, 15.99844, 15.99844], "texture": "#2"},
				"west": {"uv": [15.50156, 7.62656, 15.74846, 7.74846], "texture": "#2"}
			}
		},
		{
			"name": "hexadecagon",
			"from": [1, 6.60761, 6],
			"to": [15, 9.39239, 10],
			"faces": {
				"north": {"uv": [0.00156, 7.62656, 0.12344, 7.74844], "texture": "#2"},
				"east": {"uv": [15.50156, 7.62656, 15.74846, 7.74846], "rotation": 180, "texture": "#2"},
				"south": {"uv": [15.87656, 15.75156, 15.99844, 15.99844], "texture": "#2"},
				"west": {"uv": [15.50156, 7.62656, 15.74846, 7.74846], "texture": "#2"}
			}
		},
		{
			"name": "hexadecagon",
			"from": [1, 6.60761, 6],
			"to": [15, 9.39239, 10],
			"rotation": {"angle": 22.5, "axis": "z", "origin": [8, 8, 8]},
			"faces": {
				"north": {"uv": [0.00156, 7.62656, 0.12344, 7.74844], "texture": "#2"},
				"east": {"uv": [15.50156, 7.62656, 15.74846, 7.74846], "rotation": 180, "texture": "#2"},
				"south": {"uv": [15.87656, 15.75156, 15.99844, 15.99844], "texture": "#2"},
				"west": {"uv": [15.50156, 7.62656, 15.74846, 7.74846], "texture": "#2"}
			}
		},
		{
			"name": "watch",
			"from": [1, 1, 5.99],
			"to": [15, 15, 5.99],
			"faces": {
				"north": {"uv": [0, 0, 15.75, 15.625], "texture": "#2"}
			}
		}
	],
	"display": {
		"thirdperson_righthand": {
			"rotation": [75, 45, 0],
			"translation": [0, -0.25, 0.25],
			"scale": [0.28, 0.28, 0.28]
		},
		"thirdperson_lefthand": {
			"rotation": [75, 45, 0],
			"translation": [0, -0.25, 0.25],
			"scale": [0.28, 0.28, 0.28]
		},
		"firstperson_righthand": {
			"rotation": [-49, 102, 56],
			"scale": [0.4, 0.4, 0.4]
		},
		"firstperson_lefthand": {
			"rotation": [-49, 102, 56],
			"scale": [0.4, 0.4, 0.4]
		},
		"ground": {
			"translation": [0, -1.5, 0],
			"scale": [0.25, 0.25, 0.25]
		},
		"gui": {
			"rotation": [18, 135, 0],
			"translation": [0, -2.5, 0],
			"scale": [0.625, 0.625, 0.625]
		},
		"head": {
			"translation": [3, -0.75, -6.75],
			"scale": [0.5, 0.5, 0.5]
		},
		"fixed": {
			"translation": [0, -3.5, 0],
			"scale": [0.78, 0.78, 0.78]
		}
	},
	"groups": [
		{
			"name": "hexadecagon",
			"origin": [8, 8, 8],
			"children": [0, 1, 2, 3, 4, 5, 6,
				{
					"name": "group",
					"origin": [8, 8.07, 8.26],
					"children": []
				}, 7]
		}, 8, 9, 10, 11, 12, 13, 14,
		{
			"name": "hexadecagon",
			"origin": [8, 8, 8],
			"children": [15, 16, 17, 18,
				{
					"name": "group",
					"origin": [9, 22, 8],
					"children": []
				}, 19, 20, 21, 22, 23,
				{
					"name": "group",
					"origin": [7, 22, 8],
					"children": []
				}, 24, 25, 26, 27, 28, 29]
		},
		{
			"name": "hexadecagon",
			"origin": [8, 8, 8],
			"children": [30, 31, 32, 33, 34, 35, 36, 37]
		},
		{
			"name": "group",
			"origin": [8, 7.31, 8],
			"children": []
		}, 38]
}