{
	"credit": "Made with Blockbench",
	"textures": {
		"0": "hat/misc/rubber_duck"
	},
	"elements": [
		{
			"from": [6.5, 3, 4.75],
			"to": [9.5, 6, 7.75],
			"faces": {
				"north": {"uv": [3, 3, 6, 6], "texture": "#0"},
				"east": {"uv": [0, 3, 3, 6], "texture": "#0"},
				"south": {"uv": [9, 3, 12, 6], "texture": "#0"},
				"west": {"uv": [6, 3, 9, 6], "texture": "#0"},
				"up": {"uv": [3, 0, 6, 3], "texture": "#0"},
				"down": {"uv": [6, 0, 9, 3], "texture": "#0"}
			}
		},
		{
			"from": [6.5, 3, 2.75],
			"to": [9.5, 4, 4.75],
			"faces": {
				"north": {"uv": [0, 0, 3, 1], "texture": "#0"},
				"east": {"uv": [1, 0, 2, 2], "rotation": 90, "texture": "#0"},
				"west": {"uv": [0, 0, 3, 1], "texture": "#0"},
				"up": {"uv": [0, 0, 3, 2], "texture": "#0"},
				"down": {"uv": [0, 0, 3, 2], "texture": "#0"}
			}
		},
		{
			"from": [5.5, 2, 5],
			"to": [10.5, 3, 12],
			"faces": {
				"north": {"uv": [1, 7, 6, 8], "texture": "#0"},
				"east": {"uv": [0, 8, 1, 15], "rotation": 90, "texture": "#0"},
				"south": {"uv": [1, 15, 6, 16], "texture": "#0"},
				"west": {"uv": [6, 8, 7, 15], "rotation": 90, "texture": "#0"},
				"up": {"uv": [1, 8, 6, 15], "texture": "#0"},
				"down": {"uv": [1, 8, 6, 15], "texture": "#0"}
			}
		},
		{
			"from": [5.5, 0, 5],
			"to": [10.5, 2, 11],
			"faces": {
				"north": {"uv": [1, 6, 6, 8], "rotation": 180, "texture": "#0"},
				"east": {"uv": [7, 10, 9, 16], "rotation": 90, "texture": "#0"},
				"south": {"uv": [1, 6, 6, 8], "rotation": 180, "texture": "#0"},
				"west": {"uv": [14, 10, 16, 16], "rotation": 90, "texture": "#0"},
				"up": {"uv": [1, 8, 6, 15], "texture": "#0"},
				"down": {"uv": [9, 10, 14, 16], "rotation": 90, "texture": "#0"}
			}
		}
	],
	"display": {
		"thirdperson_righthand": {
			"rotation": [56, 0, 0],
			"translation": [0, 4.5, 6.75],
			"scale": [1.3, 1.3, 1.3]
		},
		"thirdperson_lefthand": {
			"rotation": [56, 0, 0],
			"translation": [0, 4.5, 6.75],
			"scale": [1.3, 1.3, 1.3]
		},
		"firstperson_righthand": {
			"translation": [3, 8, 0],
			"scale": [2, 2, 2]
		},
		"firstperson_lefthand": {
			"translation": [3, 8, 0],
			"scale": [2, 2, 2]
		},
		"ground": {
			"translation": [0, 7, 0],
			"scale": [1.2, 1.2, 1.2]
		},
		"gui": {
			"rotation": [30, 135, 0],
			"translation": [0, 7, 0],
			"scale": [1.5, 1.5, 1.5]
		},
		"head": {
			"translation": [0, 18.5, 0],
			"scale": [1.5, 1.5, 1.5]
		},
		"fixed": {
			"rotation": [-90, 0, 0],
			"translation": [0, 0, -16],
			"scale": [2, 2, 2]
		}
	}
}