{
	"credit": "Made with Blockbench",
	"textures": {
		"0": "hat/misc/tiny_hat"
	},
	"elements": [
		{
			"from": [5.5, 0, 5.5],
			"to": [10.5, 1, 10.5],
			"faces": {
				"north": {"uv": [0, 0, 5, 1], "texture": "#0"},
				"east": {"uv": [4, 0, 5, 5], "rotation": 90, "texture": "#0"},
				"south": {"uv": [0, 4, 5, 5], "texture": "#0"},
				"west": {"uv": [0, 0, 1, 5], "rotation": 90, "texture": "#0"},
				"up": {"uv": [0, 0, 5, 5], "texture": "#0"},
				"down": {"uv": [0, 0, 5, 5], "texture": "#0"}
			}
		},
		{
			"from": [6.5, 1, 6.5],
			"to": [9.5, 3, 9.5],
			"faces": {
				"north": {"uv": [1, 3, 4, 5], "texture": "#0"},
				"east": {"uv": [5, 2, 8, 4], "texture": "#0"},
				"south": {"uv": [5, 2, 8, 4], "texture": "#0"},
				"west": {"uv": [5, 2, 8, 4], "texture": "#0"},
				"up": {"uv": [5, 1, 8, 4], "texture": "#0"},
				"down": {"uv": [5, 1, 8, 4], "texture": "#0"}
			}
		},
		{
			"from": [3.5, 1, 9],
			"to": [7.5, 6, 9],
			"rotation": {"angle": 45, "axis": "y", "origin": [5.5, 4, 8]},
			"faces": {
				"north": {"uv": [0, 8, 7, 16], "texture": "#0"}
			}
		}
	],
	"display": {
		"thirdperson_righthand": {
			"rotation": [90, 0, 0],
			"translation": [0, 0, 5],
			"scale": [0.8, 0.8, 0.8]
		},
		"thirdperson_lefthand": {
			"rotation": [90, 0, 0],
			"translation": [0, 0, 5],
			"scale": [0.8, 0.8, 0.8]
		},
		"firstperson_righthand": {
			"translation": [0, 6, 0]
		},
		"firstperson_lefthand": {
			"translation": [0, 6, 0]
		},
		"ground": {
			"translation": [0, 5.75, 0]
		},
		"gui": {
			"rotation": [30, 135, 0],
			"translation": [0, 4, 0]
		},
		"head": {
			"translation": [0, 20, 0],
			"scale": [1.7, 1.7, 1.7]
		},
		"fixed": {
			"rotation": [-90, 0, 0],
			"translation": [0, 0, -31],
			"scale": [4, 4, 4]
		}
	}
}