{
	"credit": "Made with Blockbench",
	"ambientocclusion": false,
	"textures": {
		"0": "hat/misc/hebtex/brush",
		"particle": "hat/misc/hebtex/brush"
	},
	"elements": [
		{
			"name": "test",
			"from": [7.2, 8, 9],
			"to": [8.8, 12, 10],
			"faces": {
				"north": {"uv": [0.032, 0.032, 3.85, 6.75], "texture": "#0"},
				"east": {"uv": [0.032, 0.032, 0.968, 3.968], "texture": "#0"},
				"south": {"uv": [0.032, 5.5, 3.85, 9.5], "texture": "#0"},
				"west": {"uv": [0.032, 0.032, 0.968, 3.968], "texture": "#0"},
				"up": {"uv": [0.032, 0.032, 1.6, 0.968], "texture": "#0"},
				"down": {"uv": [0.032, 0.032, 1.6, 0.968], "texture": "#0"}
			}
		},
		{
			"name": "test",
			"from": [6.1, 12, 9],
			"to": [9.9, 18, 10.4],
			"faces": {
				"north": {"uv": [4.032, 0.032, 8.8, 6.75], "texture": "#0"},
				"east": {"uv": [0.032, 0.032, 0.8, 6.9], "texture": "#0"},
				"south": {"uv": [4.032, 0.032, 8.8, 6.75], "texture": "#0"},
				"west": {"uv": [0.032, 0.032, 0.8, 6.9], "texture": "#0"},
				"up": {"uv": [0.032, 0.032, 0.8, 6.9], "texture": "#0"},
				"down": {"uv": [0.032, 0.032, 3.8, 1.4], "texture": "#0"}
			}
		},
		{
			"name": "test",
			"from": [7, 1.1, 8.9],
			"to": [9, 8, 10.2],
			"faces": {
				"north": {"uv": [0.032, 0.032, 3.968, 15.968], "texture": "#0"},
				"east": {"uv": [0.032, 0.032, 0.8, 6.9], "texture": "#0"},
				"south": {"uv": [0.032, 0.032, 3.968, 15.968], "texture": "#0"},
				"west": {"uv": [0.032, 0.032, 0.8, 6.9], "texture": "#0"},
				"up": {"uv": [0.032, 0.032, 1.968, 1.3], "texture": "#0"},
				"down": {"uv": [0.032, 0.032, 1.968, 1.3], "texture": "#0"}
			}
		},
		{
			"name": "test",
			"from": [6.8, 12.5, 6.4],
			"to": [9.3, 17.6, 9.1],
			"faces": {
				"north": {"uv": [6.032, 8.032, 9.968, 15.968], "texture": "#0"},
				"east": {"uv": [10.032, 8.032, 14.968, 15.968], "texture": "#0"},
				"south": {"uv": [0.032, 0.032, 2.5, 4.968], "texture": "#0"},
				"west": {"uv": [10.032, 8.032, 14.968, 15.968], "texture": "#0"},
				"up": {"uv": [10.032, 8.032, 14.968, 12.968], "rotation": 90, "texture": "#0"},
				"down": {"uv": [10.032, 12.032, 14.968, 15.968], "rotation": 90, "texture": "#0"}
			}
		},
		{
			"name": "test",
			"from": [7.6, 0.3, 9],
			"to": [9, 1.7, 10.1],
			"rotation": {"angle": 45, "axis": "z", "origin": [8, 0.7, 9.55]},
			"faces": {
				"north": {"uv": [0.032, 0.032, 1.4, 1.4], "texture": "#0"},
				"east": {"uv": [0.032, 0.032, 0.968, 1.4], "texture": "#0"},
				"south": {"uv": [0.032, 0.032, 1.4, 1.4], "texture": "#0"},
				"west": {"uv": [0.032, 0.032, 0.968, 1.4], "texture": "#0"},
				"up": {"uv": [0.032, 0.032, 1.4, 0.968], "texture": "#0"},
				"down": {"uv": [0.032, 0.032, 1.4, 0.968], "texture": "#0"}
			}
		},
		{
			"name": "test",
			"from": [7.6, 10.3, 9.1],
			"to": [10.3, 13, 10.1],
			"rotation": {"angle": 45, "axis": "z", "origin": [8, 10.7, 9.55]},
			"faces": {
				"north": {"uv": [0.032, 0.032, 0.8, 6.9], "texture": "#0"},
				"east": {"uv": [0.032, 0.032, 0.968, 2.7], "texture": "#0"},
				"south": {"uv": [0.032, 0.032, 0.8, 6.9], "texture": "#0"},
				"west": {"uv": [0.032, 0.032, 0.968, 2.7], "texture": "#0"},
				"up": {"uv": [0.032, 0.032, 2.7, 0.968], "texture": "#0"},
				"down": {"uv": [0.032, 0.032, 2.7, 0.968], "texture": "#0"}
			}
		}
	],
	"display": {
		"thirdperson_righthand": {
			"rotation": [-35, 161, -45],
			"translation": [-0.75, 0, 0],
			"scale": [0.5, 0.5, 0.5]
		},
		"thirdperson_lefthand": {
			"rotation": [-35, 161, -45],
			"translation": [-0.75, 0, 0],
			"scale": [0.5, 0.5, 0.5]
		},
		"firstperson_righthand": {
			"rotation": [-19, 88, -16],
			"translation": [0.5, 1, 0],
			"scale": [0.45, 0.45, 0.45]
		},
		"firstperson_lefthand": {
			"rotation": [-19, 88, -16],
			"translation": [0.5, 1, 0],
			"scale": [0.45, 0.45, 0.45]
		},
		"ground": {
			"rotation": [90, -30, 0],
			"translation": [0, -1.5, 0],
			"scale": [0.45, 0.45, 0.45]
		},
		"gui": {
			"rotation": [30, 135, -90],
			"translation": [0.25, -0.5, 0],
			"scale": [0.9, 0.9, 0.9]
		},
		"head": {
			"rotation": [-91, -180, 20],
			"translation": [0.75, -3.75, -8.75],
			"scale": [0.75, 0.75, 0.75]
		},
		"fixed": {
			"translation": [0, -1, -2.25]
		}
	}
}