{
	"credit": "Made with Blockbench",
	"textures": {
		"0": "hat/misc/villager_mad_hatter",
		"particle": "hat/misc/villager_mad_hatter"
	},
	"elements": [
		{
			"from": [3.35, -11.5, -2],
			"to": [12.65, 10.5, 5.2],
			"rotation": {"angle": 0, "axis": "y", "origin": [4, 6, -2]},
			"faces": {
				"north": {"uv": [5, 1.5, 7, 6.5], "texture": "#0"},
				"east": {"uv": [3.5, 1.5, 5, 6.5], "texture": "#0"},
				"south": {"uv": [1.5, 1.5, 3.5, 6.5], "texture": "#0"},
				"west": {"uv": [0, 1.5, 1.5, 6.5], "texture": "#0"},
				"up": {"uv": [1.5, 0, 3.5, 1.5], "texture": "#0"},
				"down": {"uv": [7, 4, 11, 7], "texture": "#0"}
			}
		},
		{
			"from": [4.35, 7, 5.45],
			"to": [11.65, 10.5, 5.45],
			"rotation": {"angle": 0, "axis": "y", "origin": [4, 6, -1.75]},
			"faces": {
				"south": {"uv": [7, 2, 9, 3], "texture": "#0"}
			}
		},
		{
			"from": [-0.05, 3.4, -0.2],
			"to": [16.05, 7.75, 8.05],
			"rotation": {"angle": 45, "axis": "x", "origin": [8, 5.5, 3.8]},
			"faces": {
				"north": {"uv": [9, 0, 13, 1], "texture": "#0"},
				"east": {"uv": [7, 1, 9, 2], "texture": "#0"},
				"south": {"uv": [9, 1, 13, 2], "texture": "#0"},
				"west": {"uv": [7, 1, 9, 2], "texture": "#0"},
				"up": {"uv": [9, 0, 13, 2], "texture": "#0"},
				"down": {"uv": [9, 0, 13, 2], "rotation": 180, "texture": "#0"}
			}
		}
	],
	"display": {
		"thirdperson_righthand": {
			"rotation": [69, 0, 0],
			"translation": [0, -1.75, 2.75],
			"scale": [0.5, 0.5, 0.5]
		},
		"thirdperson_lefthand": {
			"rotation": [69, 0, 0],
			"translation": [0, -1.75, 2.75],
			"scale": [0.5, 0.5, 0.5]
		},
		"firstperson_righthand": {
			"scale": [0.8, 0.8, 0.8]
		},
		"firstperson_lefthand": {
			"scale": [0.8, 0.8, 0.8]
		},
		"ground": {
			"translation": [0, 4.5, 0]
		},
		"gui": {
			"rotation": [30, 45, 0],
			"translation": [2, 1.75, 0],
			"scale": [0.6, 0.6, 0.6]
		},
		"head": {
			"rotation": [0, -180, 0],
			"translation": [0, 22.75, -6.25]
		},
		"fixed": {
			"rotation": [-89, 0, 0],
			"translation": [0, 12.75, -31.75],
			"scale": [2, 2, 2]
		}
	},
	"groups": [0, 1, 2,
		{
			"name": "pizza_cheese2",
			"origin": [8, 8, 8],
			"children": []
		}
	]
}