{
	"credit": "Made with Blockbench",
	"textures": {
		"0": "hat/misc/villager_weapon_smith",
		"5": "hat/misc/chef/hammer_smithing",
		"6": "hat/misc/chef/hammer_anvil",
		"particle": "tool/omniwrench"
	},
	"elements": [
		{
			"from": [3.35, -15.5, -2],
			"to": [12.65, 10.5, 5.2],
			"rotation": {"angle": 0, "axis": "y", "origin": [4, 6, -2]},
			"faces": {
				"north": {"uv": [5, 1.5, 7, 7.5], "texture": "#0"},
				"east": {"uv": [3.5, 1.5, 5, 7.5], "texture": "#0"},
				"south": {"uv": [1.5, 1.5, 3.5, 7.5], "texture": "#0"},
				"west": {"uv": [0, 1.5, 1.5, 7.5], "texture": "#0"},
				"up": {"uv": [1.5, 0, 3.5, 1.5], "texture": "#0"},
				"down": {"uv": [7, 4, 11, 7], "texture": "#0"}
			}
		},
		{
			"from": [-0.05, 3.4, -0.2],
			"to": [16.05, 7.75, 8.05],
			"rotation": {"angle": 45, "axis": "x", "origin": [8, 5.5, 3.8]},
			"faces": {
				"north": {"uv": [9, 0, 13, 1], "texture": "#0"},
				"east": {"uv": [7, 1, 9, 2], "texture": "#0"},
				"south": {"uv": [9, 1, 13, 2], "texture": "#0"},
				"west": {"uv": [7, 1, 9, 2], "texture": "#0"},
				"up": {"uv": [9, 0, 13, 2], "texture": "#0"},
				"down": {"uv": [9, 0, 13, 2], "rotation": 180, "texture": "#0"}
			}
		},
		{
			"name": "smithing_hammer_0",
			"from": [-4, 12, -3],
			"to": [5, 13, -2],
			"rotation": {"angle": 0, "axis": "y", "origin": [3, 13, -10]},
			"faces": {
				"north": {"uv": [7, 10, 8, 1], "rotation": 270, "texture": "#5"},
				"east": {"uv": [7, 10, 8, 9], "rotation": 270, "texture": "#5"},
				"south": {"uv": [7, 1, 8, 10], "rotation": 270, "texture": "#5"},
				"west": {"uv": [8, 2, 7, 1], "rotation": 90, "texture": "#5"},
				"up": {"uv": [7, 10, 8, 1], "rotation": 90, "texture": "#5"},
				"down": {"uv": [7, 10, 8, 1], "rotation": 90, "texture": "#5"}
			}
		},
		{
			"name": "smithing_hammer_1",
			"from": [-3, 11, -3],
			"to": [2, 12, -2],
			"rotation": {"angle": 0, "axis": "y", "origin": [3, 13, -10]},
			"faces": {
				"north": {"uv": [6, 7, 7, 2], "rotation": 270, "texture": "#5"},
				"east": {"uv": [6, 7, 7, 6], "rotation": 270, "texture": "#5"},
				"south": {"uv": [6, 2, 7, 7], "rotation": 270, "texture": "#5"},
				"west": {"uv": [7, 3, 6, 2], "rotation": 90, "texture": "#5"},
				"up": {"uv": [6, 7, 7, 2], "rotation": 90, "texture": "#5"},
				"down": {"uv": [6, 7, 7, 2], "rotation": 90, "texture": "#5"}
			}
		},
		{
			"name": "smithing_hammer_2",
			"from": [-3, 13, -3],
			"to": [4, 14, -2],
			"rotation": {"angle": 0, "axis": "y", "origin": [3, 13, -10]},
			"faces": {
				"north": {"uv": [8, 9, 9, 2], "rotation": 270, "texture": "#5"},
				"east": {"uv": [8, 9, 9, 8], "rotation": 270, "texture": "#5"},
				"south": {"uv": [8, 2, 9, 9], "rotation": 270, "texture": "#5"},
				"west": {"uv": [9, 3, 8, 2], "rotation": 90, "texture": "#5"},
				"up": {"uv": [8, 9, 9, 2], "rotation": 90, "texture": "#5"},
				"down": {"uv": [8, 9, 9, 2], "rotation": 90, "texture": "#5"}
			}
		},
		{
			"name": "smithing_hammer_3",
			"from": [-2, 10, -3],
			"to": [1, 11, -2],
			"rotation": {"angle": 0, "axis": "y", "origin": [3, 13, -10]},
			"faces": {
				"north": {"uv": [5, 6, 6, 3], "rotation": 270, "texture": "#5"},
				"east": {"uv": [5, 6, 6, 5], "rotation": 270, "texture": "#5"},
				"south": {"uv": [5, 3, 6, 6], "rotation": 270, "texture": "#5"},
				"west": {"uv": [6, 4, 5, 3], "rotation": 90, "texture": "#5"},
				"up": {"uv": [5, 6, 6, 3], "rotation": 90, "texture": "#5"},
				"down": {"uv": [5, 6, 6, 3], "rotation": 90, "texture": "#5"}
			}
		},
		{
			"name": "smithing_hammer_4",
			"from": [-2, 14, -3],
			"to": [5, 15, -2],
			"rotation": {"angle": 0, "axis": "y", "origin": [3, 13, -10]},
			"faces": {
				"north": {"uv": [9, 10, 10, 3], "rotation": 270, "texture": "#5"},
				"east": {"uv": [9, 10, 10, 9], "rotation": 270, "texture": "#5"},
				"south": {"uv": [9, 3, 10, 10], "rotation": 270, "texture": "#5"},
				"west": {"uv": [10, 4, 9, 3], "rotation": 90, "texture": "#5"},
				"up": {"uv": [9, 10, 10, 3], "rotation": 90, "texture": "#5"},
				"down": {"uv": [9, 10, 10, 3], "rotation": 90, "texture": "#5"}
			}
		},
		{
			"name": "smithing_hammer_5",
			"from": [-2, 16, -3],
			"to": [0, 18, -2],
			"rotation": {"angle": 0, "axis": "y", "origin": [3, 13, -10]},
			"faces": {
				"north": {"uv": [11, 5, 13, 3], "rotation": 270, "texture": "#5"},
				"east": {"uv": [11, 5, 13, 4], "rotation": 270, "texture": "#5"},
				"south": {"uv": [11, 3, 13, 5], "rotation": 270, "texture": "#5"},
				"west": {"uv": [13, 4, 11, 3], "rotation": 90, "texture": "#5"},
				"up": {"uv": [12, 5, 13, 3], "rotation": 90, "texture": "#5"},
				"down": {"uv": [11, 5, 12, 3], "rotation": 90, "texture": "#5"}
			}
		},
		{
			"name": "smithing_hammer_6",
			"from": [-1, 9, -3],
			"to": [0, 10, -2],
			"rotation": {"angle": 0, "axis": "y", "origin": [3, 13, -10]},
			"faces": {
				"north": {"uv": [4, 5, 5, 4], "rotation": 270, "texture": "#5"},
				"east": {"uv": [4, 5, 5, 4], "rotation": 270, "texture": "#5"},
				"south": {"uv": [4, 4, 5, 5], "rotation": 270, "texture": "#5"},
				"west": {"uv": [5, 5, 4, 4], "rotation": 90, "texture": "#5"},
				"up": {"uv": [4, 5, 5, 4], "rotation": 90, "texture": "#5"},
				"down": {"uv": [4, 5, 5, 4], "rotation": 90, "texture": "#5"}
			}
		},
		{
			"name": "smithing_hammer_7",
			"from": [-1, 15, -3],
			"to": [6, 16, -2],
			"rotation": {"angle": 0, "axis": "y", "origin": [3, 13, -10]},
			"faces": {
				"north": {"uv": [10, 11, 11, 4], "rotation": 270, "texture": "#5"},
				"east": {"uv": [10, 11, 11, 10], "rotation": 270, "texture": "#5"},
				"south": {"uv": [10, 4, 11, 11], "rotation": 270, "texture": "#5"},
				"west": {"uv": [11, 5, 10, 4], "rotation": 90, "texture": "#5"},
				"up": {"uv": [10, 11, 11, 4], "rotation": 90, "texture": "#5"},
				"down": {"uv": [10, 11, 11, 4], "rotation": 90, "texture": "#5"}
			}
		},
		{
			"name": "smithing_hammer_8",
			"from": [0, 16, -3],
			"to": [7, 17, -2],
			"rotation": {"angle": 0, "axis": "y", "origin": [3, 13, -10]},
			"faces": {
				"north": {"uv": [11, 12, 12, 5], "rotation": 270, "texture": "#5"},
				"east": {"uv": [11, 12, 12, 11], "rotation": 270, "texture": "#5"},
				"south": {"uv": [11, 5, 12, 12], "rotation": 270, "texture": "#5"},
				"west": {"uv": [12, 6, 11, 5], "rotation": 90, "texture": "#5"},
				"up": {"uv": [11, 12, 12, 5], "rotation": 90, "texture": "#5"},
				"down": {"uv": [11, 12, 12, 5], "rotation": 90, "texture": "#5"}
			}
		},
		{
			"name": "smithing_hammer_9",
			"from": [1, 17, -3],
			"to": [6, 18, -2],
			"rotation": {"angle": 0, "axis": "y", "origin": [3, 13, -10]},
			"faces": {
				"north": {"uv": [12, 11, 13, 6], "rotation": 270, "texture": "#5"},
				"east": {"uv": [12, 11, 13, 10], "rotation": 270, "texture": "#5"},
				"south": {"uv": [12, 6, 13, 11], "rotation": 270, "texture": "#5"},
				"west": {"uv": [13, 7, 12, 6], "rotation": 90, "texture": "#5"},
				"up": {"uv": [12, 11, 13, 6], "rotation": 90, "texture": "#5"},
				"down": {"uv": [12, 11, 13, 6], "rotation": 90, "texture": "#5"}
			}
		},
		{
			"name": "smithing_hammer_10",
			"from": [2, 18, -3],
			"to": [5, 19, -2],
			"rotation": {"angle": 0, "axis": "y", "origin": [3, 13, -10]},
			"faces": {
				"north": {"uv": [13, 10, 14, 7], "rotation": 270, "texture": "#5"},
				"east": {"uv": [13, 10, 14, 9], "rotation": 270, "texture": "#5"},
				"south": {"uv": [13, 7, 14, 10], "rotation": 270, "texture": "#5"},
				"west": {"uv": [14, 8, 13, 7], "rotation": 90, "texture": "#5"},
				"up": {"uv": [13, 10, 14, 7], "rotation": 90, "texture": "#5"},
				"down": {"uv": [13, 10, 14, 7], "rotation": 90, "texture": "#5"}
			}
		},
		{
			"name": "smithing_hammer_11",
			"from": [3, 11, -3],
			"to": [6, 12, -2],
			"rotation": {"angle": 0, "axis": "y", "origin": [3, 13, -10]},
			"faces": {
				"north": {"uv": [6, 11, 7, 8], "rotation": 270, "texture": "#5"},
				"east": {"uv": [6, 11, 7, 10], "rotation": 270, "texture": "#5"},
				"south": {"uv": [6, 8, 7, 11], "rotation": 270, "texture": "#5"},
				"west": {"uv": [7, 9, 6, 8], "rotation": 90, "texture": "#5"},
				"up": {"uv": [6, 11, 7, 8], "rotation": 90, "texture": "#5"},
				"down": {"uv": [6, 11, 7, 8], "rotation": 90, "texture": "#5"}
			}
		},
		{
			"name": "smithing_hammer_12",
			"from": [3, 19, -3],
			"to": [4, 20, -2],
			"rotation": {"angle": 0, "axis": "y", "origin": [3, 13, -10]},
			"faces": {
				"north": {"uv": [14, 9, 15, 8], "rotation": 270, "texture": "#5"},
				"east": {"uv": [14, 9, 15, 8], "rotation": 270, "texture": "#5"},
				"south": {"uv": [14, 8, 15, 9], "rotation": 270, "texture": "#5"},
				"west": {"uv": [15, 9, 14, 8], "rotation": 90, "texture": "#5"},
				"up": {"uv": [14, 9, 15, 8], "rotation": 90, "texture": "#5"},
				"down": {"uv": [14, 9, 15, 8], "rotation": 90, "texture": "#5"}
			}
		},
		{
			"name": "smithing_hammer_13",
			"from": [4, 10, -3],
			"to": [7, 11, -2],
			"rotation": {"angle": 0, "axis": "y", "origin": [3, 13, -10]},
			"faces": {
				"north": {"uv": [5, 12, 6, 9], "rotation": 270, "texture": "#5"},
				"east": {"uv": [5, 12, 6, 11], "rotation": 270, "texture": "#5"},
				"south": {"uv": [5, 9, 6, 12], "rotation": 270, "texture": "#5"},
				"west": {"uv": [6, 10, 5, 9], "rotation": 90, "texture": "#5"},
				"up": {"uv": [5, 12, 6, 9], "rotation": 90, "texture": "#5"},
				"down": {"uv": [5, 12, 6, 9], "rotation": 90, "texture": "#5"}
			}
		},
		{
			"name": "smithing_hammer_14",
			"from": [5, 9, -3],
			"to": [8, 10, -2],
			"rotation": {"angle": 0, "axis": "y", "origin": [3, 13, -10]},
			"faces": {
				"north": {"uv": [4, 13, 5, 10], "rotation": 270, "texture": "#5"},
				"east": {"uv": [4, 13, 5, 12], "rotation": 270, "texture": "#5"},
				"south": {"uv": [4, 10, 5, 13], "rotation": 270, "texture": "#5"},
				"west": {"uv": [5, 11, 4, 10], "rotation": 90, "texture": "#5"},
				"up": {"uv": [4, 13, 5, 10], "rotation": 90, "texture": "#5"},
				"down": {"uv": [4, 13, 5, 10], "rotation": 90, "texture": "#5"}
			}
		},
		{
			"name": "smithing_hammer_15",
			"from": [6, 8, -3],
			"to": [9, 9, -2],
			"rotation": {"angle": 0, "axis": "y", "origin": [3, 13, -10]},
			"faces": {
				"north": {"uv": [3, 14, 4, 11], "rotation": 270, "texture": "#5"},
				"east": {"uv": [3, 14, 4, 13], "rotation": 270, "texture": "#5"},
				"south": {"uv": [3, 11, 4, 14], "rotation": 270, "texture": "#5"},
				"west": {"uv": [4, 12, 3, 11], "rotation": 90, "texture": "#5"},
				"up": {"uv": [3, 14, 4, 11], "rotation": 90, "texture": "#5"},
				"down": {"uv": [3, 14, 4, 11], "rotation": 90, "texture": "#5"}
			}
		},
		{
			"name": "smithing_hammer_16",
			"from": [7, 7, -3],
			"to": [10, 8, -2],
			"rotation": {"angle": 0, "axis": "y", "origin": [3, 13, -10]},
			"faces": {
				"north": {"uv": [2, 15, 3, 12], "rotation": 270, "texture": "#5"},
				"east": {"uv": [2, 15, 3, 14], "rotation": 270, "texture": "#5"},
				"south": {"uv": [2, 12, 3, 15], "rotation": 270, "texture": "#5"},
				"west": {"uv": [3, 13, 2, 12], "rotation": 90, "texture": "#5"},
				"up": {"uv": [2, 15, 3, 12], "rotation": 90, "texture": "#5"},
				"down": {"uv": [2, 15, 3, 12], "rotation": 90, "texture": "#5"}
			}
		},
		{
			"name": "smithing_hammer_17",
			"from": [8, 6, -3],
			"to": [11, 7, -2],
			"rotation": {"angle": 0, "axis": "y", "origin": [3, 13, -10]},
			"faces": {
				"north": {"uv": [1, 16, 2, 13], "rotation": 270, "texture": "#5"},
				"east": {"uv": [1, 16, 2, 15], "rotation": 270, "texture": "#5"},
				"south": {"uv": [1, 13, 2, 16], "rotation": 270, "texture": "#5"},
				"west": {"uv": [2, 14, 1, 13], "rotation": 90, "texture": "#5"},
				"up": {"uv": [1, 16, 2, 13], "rotation": 90, "texture": "#5"},
				"down": {"uv": [1, 16, 2, 13], "rotation": 90, "texture": "#5"}
			}
		},
		{
			"name": "smithing_hammer_18",
			"from": [9, 5, -3],
			"to": [11, 6, -2],
			"rotation": {"angle": 0, "axis": "y", "origin": [3, 13, -10]},
			"faces": {
				"north": {"uv": [0, 16, 1, 14], "rotation": 270, "texture": "#5"},
				"east": {"uv": [0, 16, 1, 15], "rotation": 270, "texture": "#5"},
				"south": {"uv": [0, 14, 1, 16], "rotation": 270, "texture": "#5"},
				"west": {"uv": [1, 15, 0, 14], "rotation": 90, "texture": "#5"},
				"up": {"uv": [0, 16, 1, 14], "rotation": 90, "texture": "#5"},
				"down": {"uv": [0, 16, 1, 14], "rotation": 90, "texture": "#5"}
			}
		},
		{
			"name": "hammer_anvil_0",
			"from": [12, 10, -4],
			"to": [21, 11, -3],
			"rotation": {"angle": 0, "axis": "y", "origin": [14, 11, 4]},
			"faces": {
				"north": {"uv": [7, 1, 8, 10], "rotation": 270, "texture": "#6"},
				"east": {"uv": [8, 2, 7, 1], "rotation": 90, "texture": "#6"},
				"south": {"uv": [7, 10, 8, 1], "rotation": 270, "texture": "#6"},
				"west": {"uv": [7, 10, 8, 9], "rotation": 270, "texture": "#6"},
				"up": {"uv": [7, 10, 8, 1], "rotation": 270, "texture": "#6"},
				"down": {"uv": [7, 10, 8, 1], "rotation": 270, "texture": "#6"}
			}
		},
		{
			"name": "hammer_anvil_1",
			"from": [15, 9, -4],
			"to": [20, 10, -3],
			"rotation": {"angle": 0, "axis": "y", "origin": [14, 11, 4]},
			"faces": {
				"north": {"uv": [6, 2, 7, 7], "rotation": 270, "texture": "#6"},
				"east": {"uv": [7, 3, 6, 2], "rotation": 90, "texture": "#6"},
				"south": {"uv": [6, 7, 7, 2], "rotation": 270, "texture": "#6"},
				"west": {"uv": [6, 7, 7, 6], "rotation": 270, "texture": "#6"},
				"up": {"uv": [6, 7, 7, 2], "rotation": 270, "texture": "#6"},
				"down": {"uv": [6, 7, 7, 2], "rotation": 270, "texture": "#6"}
			}
		},
		{
			"name": "hammer_anvil_2",
			"from": [13, 11, -4],
			"to": [20, 12, -3],
			"rotation": {"angle": 0, "axis": "y", "origin": [14, 11, 4]},
			"faces": {
				"north": {"uv": [8, 2, 9, 9], "rotation": 270, "texture": "#6"},
				"east": {"uv": [9, 3, 8, 2], "rotation": 90, "texture": "#6"},
				"south": {"uv": [8, 9, 9, 2], "rotation": 270, "texture": "#6"},
				"west": {"uv": [8, 9, 9, 8], "rotation": 270, "texture": "#6"},
				"up": {"uv": [8, 9, 9, 2], "rotation": 270, "texture": "#6"},
				"down": {"uv": [8, 9, 9, 2], "rotation": 270, "texture": "#6"}
			}
		},
		{
			"name": "hammer_anvil_3",
			"from": [16, 8, -4],
			"to": [19, 9, -3],
			"rotation": {"angle": 0, "axis": "y", "origin": [14, 11, 4]},
			"faces": {
				"north": {"uv": [5, 3, 6, 6], "rotation": 270, "texture": "#6"},
				"east": {"uv": [6, 4, 5, 3], "rotation": 90, "texture": "#6"},
				"south": {"uv": [5, 6, 6, 3], "rotation": 270, "texture": "#6"},
				"west": {"uv": [5, 6, 6, 5], "rotation": 270, "texture": "#6"},
				"up": {"uv": [5, 6, 6, 3], "rotation": 270, "texture": "#6"},
				"down": {"uv": [5, 6, 6, 3], "rotation": 270, "texture": "#6"}
			}
		},
		{
			"name": "hammer_anvil_4",
			"from": [12, 12, -4],
			"to": [19, 14, -3],
			"rotation": {"angle": 0, "axis": "y", "origin": [14, 11, 4]},
			"faces": {
				"north": {"uv": [9, 3, 11, 10], "rotation": 270, "texture": "#6"},
				"east": {"uv": [11, 4, 9, 3], "rotation": 90, "texture": "#6"},
				"south": {"uv": [9, 10, 11, 3], "rotation": 270, "texture": "#6"},
				"west": {"uv": [9, 10, 11, 9], "rotation": 270, "texture": "#6"},
				"up": {"uv": [10, 10, 11, 3], "rotation": 270, "texture": "#6"},
				"down": {"uv": [9, 10, 10, 3], "rotation": 270, "texture": "#6"}
			}
		},
		{
			"name": "hammer_anvil_5",
			"from": [17, 7, -4],
			"to": [18, 8, -3],
			"rotation": {"angle": 0, "axis": "y", "origin": [14, 11, 4]},
			"faces": {
				"north": {"uv": [4, 4, 5, 5], "rotation": 270, "texture": "#6"},
				"east": {"uv": [5, 5, 4, 4], "rotation": 90, "texture": "#6"},
				"south": {"uv": [4, 5, 5, 4], "rotation": 270, "texture": "#6"},
				"west": {"uv": [4, 5, 5, 4], "rotation": 270, "texture": "#6"},
				"up": {"uv": [4, 5, 5, 4], "rotation": 270, "texture": "#6"},
				"down": {"uv": [4, 5, 5, 4], "rotation": 270, "texture": "#6"}
			}
		},
		{
			"name": "hammer_anvil_6",
			"from": [10, 14, -4],
			"to": [18, 15, -3],
			"rotation": {"angle": 0, "axis": "y", "origin": [14, 11, 4]},
			"faces": {
				"north": {"uv": [11, 4, 12, 12], "rotation": 270, "texture": "#6"},
				"east": {"uv": [12, 5, 11, 4], "rotation": 90, "texture": "#6"},
				"south": {"uv": [11, 12, 12, 4], "rotation": 270, "texture": "#6"},
				"west": {"uv": [11, 12, 12, 11], "rotation": 270, "texture": "#6"},
				"up": {"uv": [11, 12, 12, 4], "rotation": 270, "texture": "#6"},
				"down": {"uv": [11, 12, 12, 4], "rotation": 270, "texture": "#6"}
			}
		},
		{
			"name": "hammer_anvil_7",
			"from": [11, 15, -4],
			"to": [17, 16, -3],
			"rotation": {"angle": 0, "axis": "y", "origin": [14, 11, 4]},
			"faces": {
				"north": {"uv": [12, 5, 13, 11], "rotation": 270, "texture": "#6"},
				"east": {"uv": [13, 6, 12, 5], "rotation": 90, "texture": "#6"},
				"south": {"uv": [12, 11, 13, 5], "rotation": 270, "texture": "#6"},
				"west": {"uv": [12, 11, 13, 10], "rotation": 270, "texture": "#6"},
				"up": {"uv": [12, 11, 13, 5], "rotation": 270, "texture": "#6"},
				"down": {"uv": [12, 11, 13, 5], "rotation": 270, "texture": "#6"}
			}
		},
		{
			"name": "hammer_anvil_8",
			"from": [12, 16, -4],
			"to": [15, 17, -3],
			"rotation": {"angle": 0, "axis": "y", "origin": [14, 11, 4]},
			"faces": {
				"north": {"uv": [13, 7, 14, 10], "rotation": 270, "texture": "#6"},
				"east": {"uv": [14, 8, 13, 7], "rotation": 90, "texture": "#6"},
				"south": {"uv": [13, 10, 14, 7], "rotation": 270, "texture": "#6"},
				"west": {"uv": [13, 10, 14, 9], "rotation": 270, "texture": "#6"},
				"up": {"uv": [13, 10, 14, 7], "rotation": 270, "texture": "#6"},
				"down": {"uv": [13, 10, 14, 7], "rotation": 270, "texture": "#6"}
			}
		},
		{
			"name": "hammer_anvil_9",
			"from": [11, 9, -4],
			"to": [14, 10, -3],
			"rotation": {"angle": 0, "axis": "y", "origin": [14, 11, 4]},
			"faces": {
				"north": {"uv": [6, 8, 7, 11], "rotation": 270, "texture": "#6"},
				"east": {"uv": [7, 9, 6, 8], "rotation": 90, "texture": "#6"},
				"south": {"uv": [6, 11, 7, 8], "rotation": 270, "texture": "#6"},
				"west": {"uv": [6, 11, 7, 10], "rotation": 270, "texture": "#6"},
				"up": {"uv": [6, 11, 7, 8], "rotation": 270, "texture": "#6"},
				"down": {"uv": [6, 11, 7, 8], "rotation": 270, "texture": "#6"}
			}
		},
		{
			"name": "hammer_anvil_10",
			"from": [13, 17, -4],
			"to": [14, 18, -3],
			"rotation": {"angle": 0, "axis": "y", "origin": [14, 11, 4]},
			"faces": {
				"north": {"uv": [14, 8, 15, 9], "rotation": 270, "texture": "#6"},
				"east": {"uv": [15, 9, 14, 8], "rotation": 90, "texture": "#6"},
				"south": {"uv": [14, 9, 15, 8], "rotation": 270, "texture": "#6"},
				"west": {"uv": [14, 9, 15, 8], "rotation": 270, "texture": "#6"},
				"up": {"uv": [14, 9, 15, 8], "rotation": 270, "texture": "#6"},
				"down": {"uv": [14, 9, 15, 8], "rotation": 270, "texture": "#6"}
			}
		},
		{
			"name": "hammer_anvil_11",
			"from": [10, 8, -4],
			"to": [13, 9, -3],
			"rotation": {"angle": 0, "axis": "y", "origin": [14, 11, 4]},
			"faces": {
				"north": {"uv": [5, 9, 6, 12], "rotation": 270, "texture": "#6"},
				"east": {"uv": [6, 10, 5, 9], "rotation": 90, "texture": "#6"},
				"south": {"uv": [5, 12, 6, 9], "rotation": 270, "texture": "#6"},
				"west": {"uv": [5, 12, 6, 11], "rotation": 270, "texture": "#6"},
				"up": {"uv": [5, 12, 6, 9], "rotation": 270, "texture": "#6"},
				"down": {"uv": [5, 12, 6, 9], "rotation": 270, "texture": "#6"}
			}
		},
		{
			"name": "hammer_anvil_12",
			"from": [9, 7, -4],
			"to": [12, 8, -3],
			"rotation": {"angle": 0, "axis": "y", "origin": [14, 11, 4]},
			"faces": {
				"north": {"uv": [4, 10, 5, 13], "rotation": 270, "texture": "#6"},
				"east": {"uv": [5, 11, 4, 10], "rotation": 90, "texture": "#6"},
				"south": {"uv": [4, 13, 5, 10], "rotation": 270, "texture": "#6"},
				"west": {"uv": [4, 13, 5, 12], "rotation": 270, "texture": "#6"},
				"up": {"uv": [4, 13, 5, 10], "rotation": 270, "texture": "#6"},
				"down": {"uv": [4, 13, 5, 10], "rotation": 270, "texture": "#6"}
			}
		},
		{
			"name": "hammer_anvil_13",
			"from": [11, 13, -4],
			"to": [12, 14, -3],
			"rotation": {"angle": 0, "axis": "y", "origin": [14, 11, 4]},
			"faces": {
				"north": {"uv": [10, 10, 11, 11], "rotation": 270, "texture": "#6"},
				"east": {"uv": [11, 11, 10, 10], "rotation": 90, "texture": "#6"},
				"south": {"uv": [10, 11, 11, 10], "rotation": 270, "texture": "#6"},
				"west": {"uv": [10, 11, 11, 10], "rotation": 270, "texture": "#6"},
				"up": {"uv": [10, 11, 11, 10], "rotation": 270, "texture": "#6"},
				"down": {"uv": [10, 11, 11, 10], "rotation": 270, "texture": "#6"}
			}
		},
		{
			"name": "hammer_anvil_14",
			"from": [8, 6, -4],
			"to": [11, 7, -3],
			"rotation": {"angle": 0, "axis": "y", "origin": [14, 11, 4]},
			"faces": {
				"north": {"uv": [3, 11, 4, 14], "rotation": 270, "texture": "#6"},
				"east": {"uv": [4, 12, 3, 11], "rotation": 90, "texture": "#6"},
				"south": {"uv": [3, 14, 4, 11], "rotation": 270, "texture": "#6"},
				"west": {"uv": [3, 14, 4, 13], "rotation": 270, "texture": "#6"},
				"up": {"uv": [3, 14, 4, 11], "rotation": 270, "texture": "#6"},
				"down": {"uv": [3, 14, 4, 11], "rotation": 270, "texture": "#6"}
			}
		},
		{
			"name": "hammer_anvil_15",
			"from": [7, 5, -4],
			"to": [10, 6, -3],
			"rotation": {"angle": 0, "axis": "y", "origin": [14, 11, 4]},
			"faces": {
				"north": {"uv": [2, 12, 3, 15], "rotation": 270, "texture": "#6"},
				"east": {"uv": [3, 13, 2, 12], "rotation": 90, "texture": "#6"},
				"south": {"uv": [2, 15, 3, 12], "rotation": 270, "texture": "#6"},
				"west": {"uv": [2, 15, 3, 14], "rotation": 270, "texture": "#6"},
				"up": {"uv": [2, 15, 3, 12], "rotation": 270, "texture": "#6"},
				"down": {"uv": [2, 15, 3, 12], "rotation": 270, "texture": "#6"}
			}
		},
		{
			"name": "hammer_anvil_16",
			"from": [6, 4, -4],
			"to": [9, 5, -3],
			"rotation": {"angle": 0, "axis": "y", "origin": [14, 11, 4]},
			"faces": {
				"north": {"uv": [1, 13, 2, 16], "rotation": 270, "texture": "#6"},
				"east": {"uv": [2, 14, 1, 13], "rotation": 90, "texture": "#6"},
				"south": {"uv": [1, 16, 2, 13], "rotation": 270, "texture": "#6"},
				"west": {"uv": [1, 16, 2, 15], "rotation": 270, "texture": "#6"},
				"up": {"uv": [1, 16, 2, 13], "rotation": 270, "texture": "#6"},
				"down": {"uv": [1, 16, 2, 13], "rotation": 270, "texture": "#6"}
			}
		},
		{
			"name": "hammer_anvil_17",
			"from": [6, 3, -4],
			"to": [8, 4, -3],
			"rotation": {"angle": 0, "axis": "y", "origin": [14, 11, 4]},
			"faces": {
				"north": {"uv": [0, 14, 1, 16], "rotation": 270, "texture": "#6"},
				"east": {"uv": [1, 15, 0, 14], "rotation": 90, "texture": "#6"},
				"south": {"uv": [0, 16, 1, 14], "rotation": 270, "texture": "#6"},
				"west": {"uv": [0, 16, 1, 15], "rotation": 270, "texture": "#6"},
				"up": {"uv": [0, 16, 1, 14], "rotation": 270, "texture": "#6"},
				"down": {"uv": [0, 16, 1, 14], "rotation": 270, "texture": "#6"}
			}
		}
	],
	"display": {
		"thirdperson_righthand": {
			"rotation": [69, 0, 0],
			"translation": [0, -1.75, 2.75],
			"scale": [0.5, 0.5, 0.5]
		},
		"thirdperson_lefthand": {
			"rotation": [69, 0, 0],
			"translation": [0, -1.75, 2.75],
			"scale": [0.5, 0.5, 0.5]
		},
		"firstperson_righthand": {
			"scale": [0.8, 0.8, 0.8]
		},
		"firstperson_lefthand": {
			"scale": [0.8, 0.8, 0.8]
		},
		"ground": {
			"translation": [0, 4.5, 0]
		},
		"gui": {
			"rotation": [30, 45, 0],
			"translation": [-0.25, 0.4, 0],
			"scale": [0.45, 0.45, 0.45]
		},
		"head": {
			"rotation": [0, -180, 0],
			"translation": [0, 25.75, -6.25]
		},
		"fixed": {
			"rotation": [-90, 0, 0],
			"translation": [0, 12.75, -31.75],
			"scale": [2, 2, 2]
		}
	},
	"groups": [0, 1,
		{
			"name": "smithing_hammer",
			"origin": [8, 8, 8],
			"children": [2, 3, 4, 5, 6, 7, 8, 9, 10, 11, 12, 13, 14, 15, 16, 17, 18, 19, 20]
		},
		{
			"name": "hammer_anvil",
			"origin": [8, 8, 8],
			"children": [21, 22, 23, 24, 25, 26, 27, 28, 29, 30, 31, 32, 33, 34, 35, 36, 37, 38]
		}
	]
}