{
	"credit": "Made with Blockbench",
	"textures": {
		"0": "hat/misc/yoda"
	},
	"elements": [
		{
			"from": [-1, 2, 8],
			"to": [4, 7, 9],
			"faces": {
				"north": {"uv": [8.5, 0, 11, 2.5], "texture": "#0"}
			}
		},
		{
			"from": [4, 0.1, 4.5],
			"to": [12, 7.85, 11.5],
			"faces": {
				"north": {"uv": [4, 12, 8, 16], "texture": "#0"},
				"east": {"uv": [0.5, 12, 4, 16], "texture": "#0"},
				"south": {"uv": [4, 12, 8, 16], "texture": "#0"},
				"west": {"uv": [8, 12, 11.5, 16], "texture": "#0"},
				"up": {"uv": [4, 12, 8, 16], "texture": "#0"},
				"down": {"uv": [8, 8, 12, 12], "texture": "#0"}
			}
		},
		{
			"from": [3, 1, 3.75],
			"to": [13, 8, 12.25],
			"faces": {
				"north": {"uv": [3.5, 4, 8.5, 7.5], "texture": "#0"},
				"east": {"uv": [0, 4, 4, 7.5], "texture": "#0"},
				"south": {"uv": [11, 4, 16, 7.5], "texture": "#0"},
				"west": {"uv": [8, 4, 12, 7.5], "texture": "#0"},
				"up": {"uv": [11, 4, 16, 7.5], "texture": "#0"},
				"down": {"uv": [11, 4, 16, 7.5], "texture": "#0"}
			}
		},
		{
			"from": [12, 2, 8],
			"to": [17, 7, 9],
			"faces": {
				"north": {"uv": [1, 0, 3.5, 2.5], "texture": "#0"}
			}
		},
		{
			"from": [6, 0, 3.75],
			"to": [10, 1, 4.75],
			"faces": {
				"north": {"uv": [5, 7.5, 7, 8], "texture": "#0"},
				"east": {"uv": [5, 7.5, 5.5, 8], "texture": "#0"},
				"south": {"uv": [5, 7.5, 7, 8], "texture": "#0"},
				"west": {"uv": [6.5, 7.5, 7, 8], "texture": "#0"},
				"up": {"uv": [5, 7.5, 7, 8], "texture": "#0"},
				"down": {"uv": [5, 7.5, 7, 8], "texture": "#0"}
			}
		}
	],
	"display": {
		"thirdperson_righthand": {
			"rotation": [90, 0, 0],
			"translation": [0, 0, 5],
			"scale": [0.8, 0.8, 0.8]
		},
		"thirdperson_lefthand": {
			"rotation": [90, 0, 0],
			"translation": [0, 0, 5],
			"scale": [0.8, 0.8, 0.8]
		},
		"firstperson_righthand": {
			"translation": [0, 4.5, 0]
		},
		"firstperson_lefthand": {
			"translation": [0, 4.5, 0]
		},
		"ground": {
			"translation": [0, 5.5, 0]
		},
		"gui": {
			"rotation": [30, 135, 0],
			"translation": [0, 2.5, 0],
			"scale": [0.8, 0.8, 0.8]
		},
		"head": {
			"translation": [0, 6.75, 0],
			"scale": [1.7, 1.7, 1.83]
		},
		"fixed": {
			"rotation": [-90, 0, 0],
			"translation": [0, 0, -3],
			"scale": [3.99, 4, 4]
		}
	}
}