{
	"credit": "Made with Blockbench",
	"parent": "magic:base/lit",
	"texture_size": [32, 32],
	"textures": {
		"0": "magic:other/bow2",
		"1": "minecraft:block/white_wool",
		"particle": "magic:other/bow2"
	},
	"elements": [
		{
			"from": [7.4988, 0.50983, 8.5292],
			"to": [8.5088, 3.50983, 11.5292],
			"rotation": {"angle": -22.5, "axis": "x", "origin": [8.00005, 2.00983, 10.0292]},
			"faces": {
				"north": {"uv": [1.25, 0.75, 1.75, 2.25], "texture": "#0"},
				"east": {"uv": [5, 2, 3, 0], "texture": "#0"},
				"south": {"uv": [2.25, 0.25, 2.75, 1.75], "texture": "#0"},
				"west": {"uv": [3, 2, 5, 0], "texture": "#0"},
				"up": {"uv": [1.75, 2.5, 1.25, 1], "texture": "#0"},
				"down": {"uv": [1.75, 7, 1.25, 8.5], "texture": "#0"}
			}
		},
		{
			"from": [7.4981, 24.27214, 7.84099],
			"to": [8.5081, 27.27214, 10.84099],
			"rotation": {"angle": 22.5, "axis": "x", "origin": [7.4981, 24.27214, 10.84099]},
			"faces": {
				"north": {"uv": [1.25, 0.75, 1.75, 2.25], "texture": "#0"},
				"east": {"uv": [5, 0, 3, 2], "texture": "#0"},
				"south": {"uv": [2.25, 0.25, 2.75, 1.75], "texture": "#0"},
				"west": {"uv": [3, 0, 5, 2], "texture": "#0"},
				"up": {"uv": [1.75, 7, 1.25, 8.5], "texture": "#0"},
				"down": {"uv": [1.75, 2.5, 1.25, 1], "texture": "#0"}
			}
		},
		{
			"from": [7.5, 1.7526, 7.78661],
			"to": [8.5, 7.7526, 9.28661],
			"rotation": {"angle": -45, "axis": "x", "origin": [7.99952, 3.03033, 8.09467]},
			"faces": {
				"north": {"uv": [1.25, 0, 1.75, 3], "texture": "#0"},
				"east": {"uv": [1, 0, 0, 3], "texture": "#0"},
				"south": {"uv": [2.25, 0, 2.75, 3], "texture": "#0"},
				"west": {"uv": [0, 0, 1, 3], "texture": "#0"},
				"up": {"uv": [5, 8, 4.5, 7], "texture": "#0"},
				"down": {"uv": [7.5, 7, 7, 8], "texture": "#0"}
			}
		},
		{
			"from": [7.4988, 20.34636, 6.29774],
			"to": [8.4998, 26.34636, 7.79774],
			"rotation": {"angle": 45, "axis": "x", "origin": [7.99873, 23.34283, 7.52266]},
			"faces": {
				"north": {"uv": [1.25, 0, 1.75, 3], "texture": "#0"},
				"east": {"uv": [1, 0, 0, 3], "texture": "#0"},
				"south": {"uv": [2.25, 0, 2.75, 3], "texture": "#0"},
				"west": {"uv": [0, 0, 1, 3], "texture": "#0"},
				"up": {"uv": [7.5, 5, 7, 4], "texture": "#0"},
				"down": {"uv": [7.5, 5, 7, 6], "texture": "#0"}
			}
		},
		{
			"from": [7.499, 4.914, 4.28553],
			"to": [8.4991, 10.914, 5.78553],
			"rotation": {"angle": 22.5, "axis": "x", "origin": [7.99937, 4.89898, 7.52266]},
			"faces": {
				"north": {"uv": [1.25, 0, 1.75, 3], "texture": "#0"},
				"east": {"uv": [1, 0, 0, 3], "texture": "#0"},
				"south": {"uv": [2.25, 0, 2.75, 3], "texture": "#0"},
				"west": {"uv": [0, 0, 1, 3], "texture": "#0"},
				"up": {"uv": [7.5, 3, 7, 2], "texture": "#0"},
				"down": {"uv": [7.5, 3, 7, 4], "texture": "#0"}
			}
		},
		{
			"from": [7.25, 12.1209, 6.75],
			"to": [8.75, 16.1209, 8.25],
			"rotation": {"angle": 0, "axis": "x", "origin": [7.74937, 10.10588, 9.98713]},
			"faces": {
				"north": {"uv": [6, 6.5, 7, 8.5], "texture": "#0"},
				"east": {"uv": [6, 6.5, 7, 8.5], "texture": "#0"},
				"south": {"uv": [6, 6.5, 7, 8.5], "texture": "#0"},
				"west": {"uv": [6, 6.5, 7, 8.5], "texture": "#0"},
				"up": {"uv": [7, 7.5, 6, 6.5], "texture": "#0"},
				"down": {"uv": [7, 7.5, 6, 6.5], "texture": "#0"}
			}
		},
		{
			"from": [7.95, 1.9209, 10.71961],
			"to": [8.05, 26.9209, 10.81961],
			"rotation": {"angle": 0, "axis": "x", "origin": [8.2, 13.4209, 10.96961]},
			"faces": {
				"north": {"uv": [0, 0, 0.5, 12.5], "texture": "#1"},
				"east": {"uv": [0.5, 0.5, 1, 13], "texture": "#1"},
				"south": {"uv": [1, 1, 1.5, 13.5], "texture": "#1"},
				"west": {"uv": [1.5, 1.5, 2, 14], "texture": "#1"},
				"up": {"uv": [1, 0.5, 0.5, 0], "texture": "#1"},
				"down": {"uv": [1.5, 0, 1, 0.5], "texture": "#1"}
			}
		},
		{
			"from": [7, 11.1209, 6.5],
			"to": [9, 12.1209, 8.5],
			"rotation": {"angle": 0, "axis": "x", "origin": [7.49937, 6.10588, 9.73713]},
			"faces": {
				"north": {"uv": [7.5, 2.5, 8.5, 3], "texture": "#0"},
				"east": {"uv": [7.5, 3.25, 8.5, 3.75], "texture": "#0"},
				"south": {"uv": [7.5, 3.5, 8.5, 4], "texture": "#0"},
				"west": {"uv": [7.5, 2.75, 8.5, 3.25], "texture": "#0"},
				"up": {"uv": [8.5, 3.5, 7.5, 2.5], "texture": "#0"},
				"down": {"uv": [8.5, 1.5, 7.5, 2.5], "texture": "#0"}
			}
		},
		{
			"from": [7, 16.1209, 6.5],
			"to": [9, 17.1209, 8.5],
			"rotation": {"angle": 0, "axis": "x", "origin": [7.49937, 11.10588, 9.73713]},
			"faces": {
				"north": {"uv": [7.5, 2.5, 8.5, 3], "texture": "#0"},
				"east": {"uv": [7.5, 3.25, 8.5, 3.75], "texture": "#0"},
				"south": {"uv": [7.5, 3.5, 8.5, 4], "texture": "#0"},
				"west": {"uv": [7.5, 2.75, 8.5, 3.25], "texture": "#0"},
				"up": {"uv": [8.5, 3.5, 7.5, 2.5], "texture": "#0"},
				"down": {"uv": [8.5, 1.5, 7.5, 2.5], "texture": "#0"}
			}
		},
		{
			"from": [7.499, 17.32781, 4.28553],
			"to": [8.4991, 23.32781, 5.78553],
			"rotation": {"angle": -22.5, "axis": "x", "origin": [7.99873, 23.34283, 7.52266]},
			"faces": {
				"north": {"uv": [1.25, 0, 1.75, 3], "texture": "#0"},
				"east": {"uv": [1, 0, 0, 3], "texture": "#0"},
				"south": {"uv": [2.25, 0, 2.75, 3], "texture": "#0"},
				"west": {"uv": [0, 0, 1, 3], "texture": "#0"},
				"up": {"uv": [7.5, 7, 7, 6], "texture": "#0"},
				"down": {"uv": [8, 7.5, 7.5, 8.5], "texture": "#0"}
			}
		}
	],
	"overrides": [
		{
			"predicate": {
				"pulling": 1
			},
			"model": "item/bow_pulling_0"
		},
		{
			"predicate": {
				"pulling": 1,
				"pull": 0.65
			},
			"model": "item/bow_pulling_1"
		},
		{
			"predicate": {
				"pulling": 1,
				"pull": 0.9
			},
			"model": "item/bow_pulling_2"
		}
	],
	"display": {
		"thirdperson_righthand": {
			"translation": [0, -5.25, 2.5]
		},
		"thirdperson_lefthand": {
			"translation": [0, -5.25, 2.25]
		},
		"firstperson_righthand": {
			"rotation": [6, 0, -16],
			"translation": [4.5, 0, -4.5]
		},
		"firstperson_lefthand": {
			"rotation": [6, 0, -16],
			"translation": [4.5, 0, -4.5]
		},
		"ground": {
			"rotation": [0, 0, 90],
			"translation": [3, 2, 0],
			"scale": [0.5, 0.5, 0.5]
		},
		"gui": {
			"rotation": [-90, 135, 90],
			"translation": [-4.25, -2.25, -0.5],
			"scale": [0.75, 0.75, 0.75]
		},
		"head": {
			"scale": [2, 2, 2]
		},
		"fixed": {
			"rotation": [-90, -135, 90],
			"translation": [-2.5, 4, -0.5],
			"scale": [0.75, 0.75, 0.75]
		}
	}
}