{
	"credit": "Made with Blockbench",
	"parent": "magic:base/lit",
	"texture_size": [32, 32],
	"textures": {
		"0": "magic:other/bow2",
		"1": "minecraft:block/white_wool",
		"particle": "magic:other/bow2"
	},
	"elements": [
		{
			"from": [7.493, 2.40983, 13.5292],
			"to": [8.513, 5.40983, 16.5292],
			"rotation": {"angle": -22.5, "axis": "x", "origin": [8.00005, 3.90983, 15.0292]},
			"faces": {
				"north": {"uv": [1.25, 0.75, 1.75, 2.25], "texture": "#0"},
				"east": {"uv": [5, 2, 3, 0], "texture": "#0"},
				"south": {"uv": [2.25, 0.25, 2.75, 1.75], "texture": "#0"},
				"west": {"uv": [3, 2, 5, 0], "texture": "#0"},
				"up": {"uv": [1.75, 2.5, 1.25, 1], "texture": "#0"},
				"down": {"uv": [1.75, 7, 1.25, 8.5], "texture": "#0"}
			}
		},
		{
			"from": [7.493, 23.01135, 12.31018],
			"to": [8.513, 26.01135, 15.31018],
			"rotation": {"angle": 22.5, "axis": "x", "origin": [8.00114, 21.33654, 13.86371]},
			"faces": {
				"north": {"uv": [1.25, 2.25, 1.75, 0.75], "texture": "#0"},
				"east": {"uv": [5, 0, 3, 2], "texture": "#0"},
				"south": {"uv": [2.25, 1.75, 2.75, 0.25], "texture": "#0"},
				"west": {"uv": [3, 0, 5, 2], "texture": "#0"},
				"up": {"uv": [1.75, 8.5, 1.25, 7], "texture": "#0"},
				"down": {"uv": [1.75, 1, 1.25, 2.5], "texture": "#0"}
			}
		},
		{
			"from": [7.495, 5.58052, 9.06254],
			"to": [8.51, 7.08052, 15.06254],
			"rotation": {"angle": 22.5, "axis": "x", "origin": [7.499, 5.58052, 9.06254]},
			"faces": {
				"north": {"uv": [5, 8, 4.5, 7], "rotation": 180, "texture": "#0"},
				"east": {"uv": [1, 0, 0, 3], "rotation": 90, "texture": "#0"},
				"south": {"uv": [7.5, 7, 7, 8], "texture": "#0"},
				"west": {"uv": [0, 0, 1, 3], "rotation": 270, "texture": "#0"},
				"up": {"uv": [2.25, 0, 2.75, 3], "texture": "#0"},
				"down": {"uv": [1.25, 0, 1.75, 3], "rotation": 180, "texture": "#0"}
			}
		},
		{
			"from": [7.495, 22.85915, 9.91897],
			"to": [8.51, 24.35915, 15.91897],
			"rotation": {"angle": -22.5, "axis": "x", "origin": [8.00114, 21.33654, 13.86371]},
			"faces": {
				"north": {"uv": [5, 7, 4.5, 8], "rotation": 180, "texture": "#0"},
				"east": {"uv": [0, 0, 1, 3], "rotation": 90, "texture": "#0"},
				"south": {"uv": [7.5, 8, 7, 7], "texture": "#0"},
				"west": {"uv": [1, 0, 0, 3], "rotation": 270, "texture": "#0"},
				"up": {"uv": [1.25, 3, 1.75, 0], "rotation": 180, "texture": "#0"},
				"down": {"uv": [2.25, 3, 2.75, 0], "texture": "#0"}
			}
		},
		{
			"from": [7.499, 5.014, 6.78553],
			"to": [8.4991, 11.014, 8.28553],
			"rotation": {"angle": -22.5, "axis": "x", "origin": [7, 11.0209, 6.5]},
			"faces": {
				"north": {"uv": [1.25, 0, 1.75, 3], "texture": "#0"},
				"east": {"uv": [1, 0, 0, 3], "texture": "#0"},
				"south": {"uv": [2.25, 0, 2.75, 3], "texture": "#0"},
				"west": {"uv": [0, 0, 1, 3], "texture": "#0"},
				"up": {"uv": [7.5, 3, 7, 2], "texture": "#0"},
				"down": {"uv": [7.5, 3, 7, 4], "texture": "#0"}
			}
		},
		{
			"from": [7.499, 14.6845, 8.93704],
			"to": [8.4991, 20.6845, 10.43704],
			"rotation": {"angle": 22.5, "axis": "x", "origin": [8.00114, 21.33654, 13.86371]},
			"faces": {
				"north": {"uv": [1.25, 3, 1.75, 0], "texture": "#0"},
				"east": {"uv": [1, 3, 0, 0], "texture": "#0"},
				"south": {"uv": [2.25, 3, 2.75, 0], "texture": "#0"},
				"west": {"uv": [0, 3, 1, 0], "texture": "#0"},
				"up": {"uv": [7.5, 4, 7, 3], "texture": "#0"},
				"down": {"uv": [7.5, 2, 7, 3], "texture": "#0"}
			}
		},
		{
			"from": [7.25, 12.1209, 6.75],
			"to": [8.75, 16.1209, 8.25],
			"rotation": {"angle": 0, "axis": "x", "origin": [7.74937, 10.10588, 9.98713]},
			"faces": {
				"north": {"uv": [6, 6.5, 7, 8.5], "texture": "#0"},
				"east": {"uv": [6, 6.5, 7, 8.5], "texture": "#0"},
				"south": {"uv": [6, 6.5, 7, 8.5], "texture": "#0"},
				"west": {"uv": [6, 6.5, 7, 8.5], "texture": "#0"},
				"up": {"uv": [7, 7.5, 6, 6.5], "texture": "#0"},
				"down": {"uv": [7, 7.5, 6, 6.5], "texture": "#0"}
			}
		},
		{
			"from": [7.95, 4.68848, 18.05605],
			"to": [8.05, 16.58848, 18.15605],
			"rotation": {"angle": 45, "axis": "x", "origin": [8, 8.18848, 18.10605]},
			"faces": {
				"north": {"uv": [2, 2, 2.5, 8.5], "texture": "#1"},
				"east": {"uv": [2.5, 2.5, 3, 9], "texture": "#1"},
				"south": {"uv": [3, 3, 3.5, 9.5], "texture": "#1"},
				"west": {"uv": [3.5, 3.5, 4, 10], "texture": "#1"},
				"up": {"uv": [1.5, 1, 1, 0.5], "texture": "#1"},
				"down": {"uv": [2, 0, 1.5, 0.5], "texture": "#1"}
			}
		},
		{
			"from": [7.95, 8.99982, 15.87657],
			"to": [8.05, 20.89982, 15.97657],
			"rotation": {"angle": -45, "axis": "x", "origin": [8.00114, 21.33654, 13.86371]},
			"faces": {
				"north": {"uv": [2, 8.5, 2.5, 2], "texture": "#1"},
				"east": {"uv": [2.5, 9, 3, 2.5], "texture": "#1"},
				"south": {"uv": [3, 9.5, 3.5, 3], "texture": "#1"},
				"west": {"uv": [3.5, 10, 4, 3.5], "texture": "#1"},
				"up": {"uv": [2, 0.5, 1.5, 0], "texture": "#1"},
				"down": {"uv": [1.5, 0.5, 1, 1], "texture": "#1"}
			}
		},
		{
			"from": [7, 11.1209, 6.5],
			"to": [9, 12.1209, 8.5],
			"rotation": {"angle": 0, "axis": "x", "origin": [7.49937, 6.10588, 9.73713]},
			"faces": {
				"north": {"uv": [7.5, 2.5, 8.5, 3], "texture": "#0"},
				"east": {"uv": [7.5, 3.25, 8.5, 3.75], "texture": "#0"},
				"south": {"uv": [7.5, 3.5, 8.5, 4], "texture": "#0"},
				"west": {"uv": [7.5, 2.75, 8.5, 3.25], "texture": "#0"},
				"up": {"uv": [8.5, 3.5, 7.5, 2.5], "texture": "#0"},
				"down": {"uv": [8.5, 1.5, 7.5, 2.5], "texture": "#0"}
			}
		},
		{
			"from": [7, 16.1209, 6.5],
			"to": [9, 17.1209, 8.5],
			"rotation": {"angle": 0, "axis": "x", "origin": [7.49937, 11.10588, 9.73713]},
			"faces": {
				"north": {"uv": [7.5, 2.5, 8.5, 3], "texture": "#0"},
				"east": {"uv": [7.5, 3.25, 8.5, 3.75], "texture": "#0"},
				"south": {"uv": [7.5, 3.5, 8.5, 4], "texture": "#0"},
				"west": {"uv": [7.5, 2.75, 8.5, 3.25], "texture": "#0"},
				"up": {"uv": [8.5, 3.5, 7.5, 2.5], "texture": "#0"},
				"down": {"uv": [8.5, 1.5, 7.5, 2.5], "texture": "#0"}
			}
		},
		{
			"from": [7.875, 14, 5.9],
			"to": [8.125, 14.25, 23.9],
			"rotation": {"angle": 0, "axis": "y", "origin": [7.875, 0, 0]},
			"faces": {
				"north": {"uv": [0, 0, 0.125, 0.125], "texture": "#0"},
				"east": {"uv": [0, 0, 0.25, 9], "rotation": 90, "texture": "#0"},
				"south": {"uv": [0, 0, 0.125, 0.125], "texture": "#0"},
				"west": {"uv": [0, 0, 0.25, 9], "rotation": 90, "texture": "#0"},
				"up": {"uv": [0, 0, 0.25, 9], "texture": "#0"},
				"down": {"uv": [0, 0, 0.25, 9], "texture": "#0"}
			}
		},
		{
			"from": [7, 14.1, 22],
			"to": [9, 14.1, 24],
			"rotation": {"angle": 45, "axis": "z", "origin": [8, 14.1, 23]},
			"faces": {
				"north": {"uv": [0, 0, 1, 0], "texture": "#1"},
				"east": {"uv": [0, 0, 1, 0], "texture": "#1"},
				"south": {"uv": [0, 0, 1, 0], "texture": "#1"},
				"west": {"uv": [0, 0, 1, 0], "texture": "#1"},
				"up": {"uv": [0, 0, 1, 1], "texture": "#1"},
				"down": {"uv": [0, 0, 1, 1], "texture": "#1"}
			}
		},
		{
			"from": [8, 13.1, 22],
			"to": [8, 15.1, 24],
			"rotation": {"angle": 45, "axis": "z", "origin": [8, 14.1, 23]},
			"faces": {
				"north": {"uv": [0, 0, 1, 0], "rotation": 270, "texture": "#1"},
				"east": {"uv": [0, 0, 1, 1], "rotation": 90, "texture": "#1"},
				"south": {"uv": [0, 0, 1, 0], "rotation": 90, "texture": "#1"},
				"west": {"uv": [0, 0, 1, 1], "rotation": 90, "texture": "#1"},
				"up": {"uv": [0, 0, 1, 0], "rotation": 90, "texture": "#1"},
				"down": {"uv": [0, 0, 1, 0], "rotation": 90, "texture": "#1"}
			}
		},
		{
			"from": [8, 13.6, 5.2],
			"to": [8, 14.6, 6.2],
			"rotation": {"angle": 45, "axis": "x", "origin": [8, 14.1, 5.7]},
			"faces": {
				"north": {"uv": [0, 0, 0, 0.5], "rotation": 180, "texture": "#0"},
				"east": {"uv": [7.5, 4, 8, 4.5], "rotation": 90, "texture": "#0"},
				"south": {"uv": [0, 0, 0, 0.5], "texture": "#0"},
				"west": {"uv": [7.5, 4, 8, 4.5], "rotation": 90, "texture": "#0"},
				"up": {"uv": [0, 0, 0, 0.5], "texture": "#0"},
				"down": {"uv": [0, 0, 0, 0.5], "rotation": 180, "texture": "#0"}
			}
		}
	],
	"overrides": [
		{
			"predicate": {
				"pulling": 1
			},
			"model": "item/bow_pulling_0"
		},
		{
			"predicate": {
				"pulling": 1,
				"pull": 0.65
			},
			"model": "item/bow_pulling_1"
		},
		{
			"predicate": {
				"pulling": 1,
				"pull": 0.9
			},
			"model": "item/bow_pulling_2"
		}
	],
	"display": {
		"thirdperson_righthand": {
			"translation": [0, -5.25, 2.5]
		},
		"thirdperson_lefthand": {
			"translation": [0, -5.25, 2.25]
		},
		"firstperson_righthand": {
			"rotation": [6, 0, -16],
			"translation": [4.5, 0, -4.5]
		},
		"firstperson_lefthand": {
			"rotation": [6, 0, -16],
			"translation": [4.5, 0, -4.5]
		},
		"ground": {
			"rotation": [0, 0, 90],
			"translation": [3, 2, 0],
			"scale": [0.5, 0.5, 0.5]
		},
		"gui": {
			"rotation": [-90, 135, 90],
			"translation": [-4.25, -2.25, -0.5],
			"scale": [0.75, 0.75, 0.75]
		},
		"head": {
			"scale": [2, 2, 2]
		},
		"fixed": {
			"rotation": [-90, -135, 90],
			"translation": [-2.5, 4, -0.5],
			"scale": [0.75, 0.75, 0.75]
		}
	}
}