{
	"credit": "Made with Blockbench",
	"textures": {
		"0": "hat/misc/pet_parrot_red_blue"
	},
	"elements": [
		{
			"from": [7.5, 6.75, 0.5],
			"to": [8.5, 8.75, 1.5],
			"rotation": {"angle": -22.5, "axis": "x", "origin": [14.5, 3.5, 4]},
			"faces": {
				"north": {"uv": [8.5, 4, 9, 5], "texture": "#0"},
				"east": {"uv": [8, 4, 8.5, 5], "texture": "#0"},
				"south": {"uv": [9.5, 4, 10, 5], "texture": "#0"},
				"west": {"uv": [9, 4, 9.5, 5], "texture": "#0"},
				"down": {"uv": [9, 3.5, 9.5, 4], "rotation": 90, "texture": "#0"}
			}
		},
		{
			"from": [6.75, 0, 3.5],
			"to": [7.75, 2, 3.5],
			"faces": {
				"north": {"uv": [6.5, 4, 7, 4.5], "rotation": 90, "texture": "#0"},
				"down": {"uv": [6.5, 4, 7, 4.5], "rotation": 90, "texture": "#0"}
			}
		},
		{
			"from": [8.25, 0, 3.5],
			"to": [9.25, 2, 3.5],
			"faces": {
				"north": {"uv": [6.5, 4, 7, 4.5], "rotation": 90, "texture": "#0"},
				"down": {"uv": [6.5, 4, 7, 4.5], "rotation": 90, "texture": "#0"}
			}
		},
		{
			"from": [8, 8, -0.25],
			"to": [8, 13, 2.75],
			"faces": {
				"east": {"uv": [1, 11, 3, 13.5], "texture": "#0"},
				"west": {"uv": [3, 11, 1, 13.5], "texture": "#0"}
			}
		},
		{
			"from": [7, 8.75, 0.5],
			"to": [9, 9.75, 4.5],
			"rotation": {"angle": -22.5, "axis": "x", "origin": [14.5, 3.5, 4]},
			"faces": {
				"north": {"uv": [7, 2, 8, 2.5], "texture": "#0"},
				"east": {"uv": [5, 2, 7, 2.5], "texture": "#0"},
				"south": {"uv": [10, 2, 11, 2.5], "texture": "#0"},
				"west": {"uv": [8, 2, 10, 2.5], "texture": "#0"},
				"up": {"uv": [7, 0, 8, 2], "rotation": 180, "texture": "#0"},
				"down": {"uv": [8, 0, 9, 2], "rotation": 180, "texture": "#0"}
			}
		},
		{
			"from": [7, 5.75, 2.5],
			"to": [9, 8.75, 4.5],
			"rotation": {"angle": -22.5, "axis": "x", "origin": [14.5, 3.5, 4]},
			"faces": {
				"north": {"uv": [2, 2, 3, 3.5], "texture": "#0"},
				"east": {"uv": [1, 2, 2, 3.5], "texture": "#0"},
				"south": {"uv": [4, 2, 5, 3.5], "texture": "#0"},
				"west": {"uv": [3, 2, 4, 3.5], "texture": "#0"}
			}
		},
		{
			"from": [8.75, 1.5, 2.75],
			"to": [9.75, 6.5, 5.75],
			"rotation": {"angle": -45, "axis": "x", "origin": [14.5, 3.5, 4]},
			"faces": {
				"north": {"uv": [13, 5.5, 13.5, 8], "texture": "#0"},
				"east": {"uv": [11.5, 5.5, 13, 8], "texture": "#0"},
				"south": {"uv": [11, 5.5, 11.5, 8], "texture": "#0"},
				"west": {"uv": [9.5, 5.5, 11, 8], "texture": "#0"},
				"up": {"uv": [11.5, 0.5, 13, 1], "rotation": 270, "texture": "#0"},
				"down": {"uv": [13, 0.5, 14.5, 1], "rotation": 270, "texture": "#0"}
			}
		},
		{
			"from": [6.75, 1.25, 2],
			"to": [9.25, 6.25, 5],
			"rotation": {"angle": -22.5, "axis": "x", "origin": [14.5, 3.5, 4]},
			"faces": {
				"north": {"uv": [2.5, 5.5, 4, 8.5], "texture": "#0"},
				"east": {"uv": [1, 5.5, 2.5, 8.5], "texture": "#0"},
				"south": {"uv": [5.5, 5.5, 7, 8.5], "texture": "#0"},
				"west": {"uv": [4, 5.5, 5.5, 8.5], "texture": "#0"},
				"up": {"uv": [2.5, 4, 4, 5.5], "rotation": 180, "texture": "#0"},
				"down": {"uv": [4, 4, 5.5, 5.5], "texture": "#0"}
			}
		},
		{
			"from": [6.75, -2.25, 4.75],
			"to": [9.25, 1.75, 5.75],
			"faces": {
				"north": {"uv": [11.5, 1, 13, 3], "rotation": 180, "texture": "#0"},
				"east": {"uv": [11, 1, 11.5, 3], "rotation": 180, "texture": "#0"},
				"south": {"uv": [13.5, 1, 15, 3], "rotation": 180, "texture": "#0"},
				"west": {"uv": [13, 1, 13.5, 3], "rotation": 180, "texture": "#0"},
				"up": {"uv": [11.5, 0.5, 13, 1], "texture": "#0"},
				"down": {"uv": [13, 0.5, 14.5, 1], "texture": "#0"}
			}
		},
		{
			"from": [6.25, 1.5, 2.75],
			"to": [7.25, 6.5, 5.75],
			"rotation": {"angle": -45, "axis": "x", "origin": [1.5, 3.5, 4]},
			"faces": {
				"north": {"uv": [13.5, 5.5, 13, 8], "texture": "#0"},
				"east": {"uv": [13, 5.5, 11.5, 8], "texture": "#0"},
				"south": {"uv": [11.5, 5.5, 11, 8], "texture": "#0"},
				"west": {"uv": [13, 5.5, 11.5, 8], "texture": "#0"},
				"up": {"uv": [11.5, 1, 13, 0.5], "rotation": 270, "texture": "#0"},
				"down": {"uv": [13, 1, 14.5, 0.5], "rotation": 270, "texture": "#0"}
			}
		},
		{
			"from": [7.4, 6.75, 1.5],
			"to": [8.6, 8.75, 2.5],
			"rotation": {"angle": -22.5, "axis": "x", "origin": [14.5, 3.5, 4]},
			"faces": {
				"north": {"uv": [6.5, 4, 7, 5], "texture": "#0"},
				"east": {"uv": [5.5, 4, 6, 5], "texture": "#0"},
				"south": {"uv": [7, 4, 7.5, 5], "texture": "#0"},
				"west": {"uv": [6, 4, 6.5, 5], "texture": "#0"},
				"down": {"uv": [6.5, 3.5, 7, 4], "rotation": 90, "texture": "#0"}
			}
		}
	],
	"display": {
		"thirdperson_righthand": {
			"rotation": [0, 90, 0],
			"scale": [0.6, 0.6, 0.6]
		},
		"thirdperson_lefthand": {
			"rotation": [0, 90, 0],
			"scale": [0.6, 0.6, 0.6]
		},
		"ground": {
			"translation": [0, 6, 4.5]
		},
		"gui": {
			"rotation": [30, -135, 0],
			"translation": [-3, 4.25, 0]
		},
		"head": {
			"translation": [0, 21, 12],
			"scale": [1.85, 1.85, 1.85]
		},
		"fixed": {
			"rotation": [0, -180, 0],
			"translation": [0, 39, -8.5],
			"scale": [3, 3, 3]
		}
	},
	"groups": [
		{
			"name": "group",
			"origin": [8, 8, 8],
			"children": [
				{
					"name": "bird",
					"origin": [8, 8, 8],
					"children": [0, 1, 2, 3, 4, 5, 6, 7, 8, 9, 10]
				}
			]
		}
	]
}