{
	"credit": "Made with Blockbench",
	"textures": {
		"0": "hat/painting/birch_arrow"
	},
	"elements": [
		{
			"from": [7, 7, 0],
			"to": [8, 8, 1],
			"faces": {
				"north": {"uv": [4, 0, 5, 1], "texture": "#0"},
				"east": {"uv": [4, 0, 5, 1], "texture": "#0"},
				"south": {"uv": [4, 0, 5, 1], "texture": "#0"},
				"west": {"uv": [4, 0, 5, 1], "texture": "#0"},
				"up": {"uv": [4, 0, 5, 1], "texture": "#0"}
			}
		},
		{
			"from": [6, 6, 0],
			"to": [8, 7, 1],
			"faces": {
				"north": {"uv": [4, 1, 6, 2], "texture": "#0"},
				"east": {"uv": [4, 1, 6, 2], "texture": "#0"},
				"south": {"uv": [4, 1, 6, 2], "texture": "#0"},
				"west": {"uv": [4, 1, 6, 2], "texture": "#0"},
				"up": {"uv": [4, 1, 6, 2], "texture": "#0"}
			}
		},
		{
			"from": [7, 0, 0],
			"to": [8, 1, 1],
			"faces": {
				"north": {"uv": [4, 7, 5, 8], "texture": "#0"},
				"east": {"uv": [4, 7, 5, 8], "texture": "#0"},
				"south": {"uv": [4, 7, 5, 8], "texture": "#0"},
				"west": {"uv": [4, 7, 5, 8], "texture": "#0"},
				"down": {"uv": [4, 7, 5, 8], "texture": "#0"}
			}
		},
		{
			"from": [6, 1, 0],
			"to": [8, 2, 1],
			"faces": {
				"north": {"uv": [4, 6, 6, 7], "texture": "#0"},
				"east": {"uv": [4, 6, 6, 7], "texture": "#0"},
				"south": {"uv": [4, 6, 6, 7], "texture": "#0"},
				"west": {"uv": [4, 6, 6, 7], "texture": "#0"},
				"down": {"uv": [4, 6, 6, 7], "texture": "#0"}
			}
		},
		{
			"from": [5, 2, 0],
			"to": [8, 3, 1],
			"faces": {
				"north": {"uv": [4, 5, 7, 6], "texture": "#0"},
				"east": {"uv": [4, 5, 7, 6], "texture": "#0"},
				"south": {"uv": [4, 5, 7, 6], "texture": "#0"},
				"west": {"uv": [4, 5, 7, 6], "texture": "#0"},
				"down": {"uv": [4, 5, 7, 6], "texture": "#0"}
			}
		},
		{
			"from": [5, 5, 0],
			"to": [8, 6, 1],
			"faces": {
				"north": {"uv": [4, 2, 7, 3], "texture": "#0"},
				"east": {"uv": [4, 2, 7, 3], "texture": "#0"},
				"south": {"uv": [4, 2, 7, 3], "texture": "#0"},
				"west": {"uv": [4, 2, 7, 3], "texture": "#0"},
				"up": {"uv": [4, 2, 7, 3], "texture": "#0"}
			}
		},
		{
			"from": [4, 3, 0],
			"to": [12, 5, 1],
			"faces": {
				"north": {"uv": [0, 3, 8, 5], "texture": "#0"},
				"east": {"uv": [0, 3, 1, 5], "texture": "#0"},
				"south": {"uv": [0, 3, 8, 5], "texture": "#0"},
				"west": {"uv": [7, 3, 8, 5], "texture": "#0"},
				"up": {"uv": [0, 3, 8, 4], "texture": "#0"},
				"down": {"uv": [0, 4, 8, 5], "texture": "#0"}
			}
		}
	],
	"display": {
		"head": {
			"scale": [1.7, 1.7, 1.7],
			"translation": [0, 11.5, 5.5]
		},
		"fixed": {
			"rotation": [0, 0, 0],
			"scale": [2, 2, 2],
			"translation": [0, 8, 15.5]
		},
		"gui": {
			"rotation": [30, 135, 0],
			"translation": [6.5, 7.5, 0],
			"scale": [1.2, 1.2, 1.2]
		},
		"thirdperson_righthand": {
			"scale": [0.8, 0.8, 0.8],
			"rotation": [0, 0, 0],
			"translation": [0, 0, 6]
		},
		"thirdperson_lefthand": {
			"scale": [0.8, 0.8, 0.8],
			"translation": [0, 0, 6]
		},
		"firstperson_righthand": {
			"translation": [0, 0, 0]
		},
		"firstperson_lefthand": {
			"translation": [0, 0, 0]
		},
		"ground": {
			"translation": [0, 4.5, 0]
		}
	}
}