{
	"credit": "Made with Blockbench",
	"textures": {
		"0": "hat/misc/alaskan_wanderer"
	},
	"elements": [
		{
			"from": [3.5, 0, 2.5],
			"to": [12.5, 2, 3.5],
			"faces": {
				"north": {"uv": [2.5, 5, 7, 6], "texture": "#0"},
				"east": {"uv": [3.5, 0.5, 4, 1.5], "texture": "#0"},
				"west": {"uv": [3.5, 0.5, 4, 1.5], "texture": "#0"},
				"up": {"uv": [2.5, 3.5, 7, 4], "texture": "#0"},
				"down": {"uv": [2.5, 3.5, 7, 4], "texture": "#0"}
			}
		},
		{
			"from": [3.75, -4.15, 8],
			"to": [12.5, -0.15, 9],
			"rotation": {"angle": -22.5, "axis": "x", "origin": [8, 8.35, 8]},
			"faces": {
				"north": {"uv": [7, 4.5, 11.5, 6.5], "texture": "#0"},
				"east": {"uv": [7, 4.5, 7.5, 6.5], "texture": "#0"},
				"south": {"uv": [7, 4.5, 11.5, 6.5], "texture": "#0"},
				"west": {"uv": [2.5, 4.5, 3, 6.5], "texture": "#0"},
				"down": {"uv": [2.5, 6, 7, 6.5], "rotation": 180, "texture": "#0"}
			}
		},
		{
			"from": [8, -4.15, 3.5],
			"to": [9, -0.15, 12.25],
			"rotation": {"angle": 22.5, "axis": "z", "origin": [8, 8.35, 8]},
			"faces": {
				"north": {"uv": [7, 4.5, 7.5, 6.5], "texture": "#0"},
				"east": {"uv": [7, 4.5, 11.5, 6.5], "texture": "#0"},
				"south": {"uv": [2.5, 4.5, 3, 6.5], "texture": "#0"},
				"west": {"uv": [7, 4.5, 11.5, 6.5], "texture": "#0"},
				"down": {"uv": [2.5, 6, 7, 6.5], "rotation": 270, "texture": "#0"}
			}
		},
		{
			"from": [7, -4.15, 3.5],
			"to": [8, -0.15, 12.25],
			"rotation": {"angle": -22.5, "axis": "z", "origin": [8, 8.35, 8]},
			"faces": {
				"north": {"uv": [7, 4.5, 7.5, 6.5], "texture": "#0"},
				"east": {"uv": [7, 4.5, 11.5, 6.5], "texture": "#0"},
				"south": {"uv": [5, 4.5, 5.5, 6.5], "texture": "#0"},
				"west": {"uv": [7, 4.5, 11.5, 6.5], "texture": "#0"},
				"down": {"uv": [2.5, 6, 7, 6.5], "rotation": 270, "texture": "#0"}
			}
		},
		{
			"from": [3.5, 0, 3.5],
			"to": [12.5, 4, 12.5],
			"faces": {
				"north": {"uv": [2.5, 4.5, 7, 6.5], "texture": "#0"},
				"east": {"uv": [5.5, 0, 10, 2], "texture": "#0"},
				"south": {"uv": [2.5, 3.5, 7, 5.5], "texture": "#0"},
				"west": {"uv": [7, 2.5, 11.5, 4.5], "texture": "#0"},
				"up": {"uv": [2.5, 0, 7, 4.5], "texture": "#0"},
				"down": {"uv": [6, 0, 10.5, 4.5], "rotation": 180, "texture": "#0"}
			}
		}
	],
	"display": {
		"head": {
			"scale": [1.7, 1.7, 1.7],
			"translation": [0, 14, 0]
		},
		"fixed": {
			"rotation": [-90, 0, 0],
			"scale": [4, 4, 4],
			"translation": [0, 0, -18]
		},
		"gui": {
			"rotation": [30, 135, 0],
			"translation": [0, 4.5, 0],
			"scale": [0.8, 0.8, 0.8]
		},
		"thirdperson_righthand": {
			"scale": [0.8, 0.8, 0.8],
			"rotation": [90, 0, 0],
			"translation": [0, 0, 5]
		},
		"thirdperson_lefthand": {
			"scale": [0.8, 0.8, 0.8],
			"rotation": [90, 0, 0],
			"translation": [0, 0, 5]
		},
		"firstperson_righthand": {
			"translation": [0, 4.5, 0]
		},
		"firstperson_lefthand": {
			"translation": [0, 4.5, 0]
		}
	}
}