{
	"credit": "Made with Blockbench",
	"textures": {
		"0": "hat/misc/astronaut"
	},
	"elements": [
		{
			"from": [4.65, -1.5, 10.25],
			"to": [11.35, -0.5, 12.5],
			"shade": false,
			"faces": {
				"north": {"uv": [0.5, 2.5, 3.5, 3], "texture": "#0", "tintindex": 0},
				"east": {"uv": [0.5, 2.5, 1, 3.5], "rotation": 90, "texture": "#0", "tintindex": 0},
				"south": {"uv": [12.5, 15, 15.5, 15.5], "texture": "#0", "tintindex": 0},
				"west": {"uv": [0.5, 2.5, 1, 3.5], "rotation": 90, "texture": "#0", "tintindex": 0},
				"up": {"uv": [0.5, 2.5, 3.5, 3], "rotation": 180, "texture": "#0", "tintindex": 0},
				"down": {"uv": [0.5, 3, 3.5, 4], "texture": "#0", "tintindex": 0}
			}
		},
		{
			"from": [3.5, -0.5, 3.5],
			"to": [12.5, 8.5, 12.5],
			"shade": false,
			"faces": {
				"north": {"uv": [4, 12, 8, 16], "texture": "#0", "tintindex": 0},
				"east": {"uv": [0, 12, 4, 16], "texture": "#0", "tintindex": 0},
				"south": {"uv": [12, 12, 16, 16], "texture": "#0", "tintindex": 0},
				"west": {"uv": [8, 12, 12, 16], "texture": "#0", "tintindex": 0},
				"up": {"uv": [4, 8, 8, 12], "rotation": 180, "texture": "#0", "tintindex": 0},
				"down": {"uv": [8, 8, 12, 12], "texture": "#0", "tintindex": 0}
			}
		},
		{
			"from": [3.99, -0.01, 3.99],
			"to": [12.01, 8.01, 12.01],
			"shade": false,
			"faces": {
				"north": {"uv": [4, 4, 8, 8], "texture": "#0", "tintindex": 0},
				"east": {"uv": [12, 0, 16, 4], "texture": "#0", "tintindex": 0},
				"south": {"uv": [12, 4, 16, 8], "texture": "#0", "tintindex": 0},
				"west": {"uv": [8, 4, 12, 8], "texture": "#0", "tintindex": 0},
				"up": {"uv": [4, 0, 8, 4], "rotation": 180, "texture": "#0", "tintindex": 0},
				"down": {"uv": [8, 0, 12, 4], "texture": "#0", "tintindex": 0}
			}
		}
	],
	"display": {
		"head": {
			"scale": [1.9, 1.9, 1.9],
			"translation": [0, 7.5, 0]
		},
		"thirdperson_righthand": {
			"scale": [0.8, 0.8, 0.8],
			"rotation": [32, 0, 0]
		},
		"thirdperson_lefthand": {
			"scale": [0.8, 0.8, 0.8],
			"rotation": [32, 0, 0]
		},
		"gui": {
			"rotation": [30, 135, 0],
			"translation": [0, 4, 0],
			"scale": [0.8, 0.8, 0.8]
		},
		"fixed": {
			"scale": [4, 4, 4],
			"translation": [0, 0, 1.5],
			"rotation": [-90, 0, 0]
		},
		"ground": {
			"translation": [0, 7, 0]
		}
	}
}