{
	"credit": "Made with Blockbench",
	"textures": {
		"0": "hat/misc/axolotl",
		"particle": "hat/misc/axolotl"
	},
	"elements": [
		{
			"name": "Head",
			"from": [6.125, 4.875, 6.5],
			"to": [9.875, 7.125, 9.5],
			"faces": {
				"north": {"uv": [1, 1, 2.25, 1.75], "texture": "#0"},
				"east": {"uv": [0, 1, 1, 1.75], "texture": "#0"},
				"west": {"uv": [2.25, 1, 3.25, 1.75], "texture": "#0"},
				"up": {"uv": [1, 0, 2.25, 1], "texture": "#0"},
				"down": {"uv": [2.25, 0, 3.5, 1], "texture": "#0"}
			}
		},
		{
			"name": "Fan",
			"from": [4.25, 6, 8],
			"to": [6.5, 6.375, 9.5],
			"rotation": {"angle": -22.5, "axis": "z", "origin": [5, 6.1875, 8.75]},
			"faces": {
				"down": {"uv": [5.5, 0, 6.25, 0.5], "texture": "#0"}
			}
		},
		{
			"name": "Fan",
			"from": [4.0625, 6.5625, 8],
			"to": [6.3125, 6.9375, 9.5],
			"rotation": {"angle": -45, "axis": "z", "origin": [5, 6.1875, 8.75]},
			"faces": {
				"down": {"uv": [5.5, 0, 6.25, 0.5], "texture": "#0"}
			}
		},
		{
			"name": "Fan",
			"from": [9.5, 6, 8],
			"to": [11.75, 6.375, 9.5],
			"rotation": {"angle": 22.5, "axis": "z", "origin": [11, 6.1875, 8.75]},
			"faces": {
				"down": {"uv": [6.25, 0, 7, 0.5], "texture": "#0"}
			}
		},
		{
			"name": "Fan",
			"from": [9.6875, 6.5625, 8],
			"to": [11.9375, 6.9375, 9.5],
			"rotation": {"angle": 45, "axis": "z", "origin": [11, 6.1875, 8.75]},
			"faces": {
				"down": {"uv": [6.25, 0, 7, 0.5], "texture": "#0"}
			}
		},
		{
			"name": "Hair",
			"from": [4.8125, 5.625, 7.25],
			"to": [6.3125, 6, 7.625],
			"rotation": {"angle": 22.5, "axis": "y", "origin": [5.5625, 5.4375, 7.0625]},
			"faces": {
				"north": {"uv": [0.125, 0.125, 0.625, 0.25], "texture": "#0"},
				"south": {"uv": [0.125, 0, 0.625, 0.125], "texture": "#0"},
				"west": {"uv": [0, 0, 0.125, 0.125], "texture": "#0"},
				"up": {"uv": [0.125, 0, 0.625, 0.125], "texture": "#0"},
				"down": {"uv": [0.125, 0, 0.625, 0.125], "texture": "#0"}
			}
		},
		{
			"name": "Hair",
			"from": [9.6875, 5.625, 7.25],
			"to": [11.1875, 6, 7.625],
			"rotation": {"angle": -22.5, "axis": "y", "origin": [10.4375, 5.4375, 7.0625]},
			"faces": {
				"north": {"uv": [0.125, 0, 0.625, 0.125], "texture": "#0"},
				"east": {"uv": [0, 0, 0.125, 0.125], "texture": "#0"},
				"south": {"uv": [0.125, 0.125, 0.625, 0.25], "texture": "#0"},
				"up": {"uv": [0.125, 0.125, 0.625, 0.25], "texture": "#0"},
				"down": {"uv": [0.125, 0.125, 0.625, 0.25], "texture": "#0"}
			}
		},
		{
			"name": "Body",
			"from": [5.9375, 4.6875, 9.5],
			"to": [10.0625, 7.3125, 14.75],
			"faces": {
				"north": {"uv": [1.75, 3.5, 3.125, 4.375], "texture": "#0"},
				"east": {"uv": [0, 3.5, 1.75, 4.375], "texture": "#0"},
				"south": {"uv": [4.875, 3.5, 6.25, 4.375], "texture": "#0"},
				"west": {"uv": [3.125, 3.5, 4.875, 4.375], "texture": "#0"},
				"up": {"uv": [1.75, 1.75, 3.125, 3.5], "texture": "#0"},
				"down": {"uv": [3.125, 1.75, 4.5, 3.5], "texture": "#0"}
			}
		},
		{
			"name": "Front Leg",
			"from": [5.5625, 3, 9.875],
			"to": [6.3125, 5.25, 10.625],
			"faces": {
				"north": {"uv": [3.75, 0.25, 4, 1], "texture": "#0"},
				"east": {"uv": [3.5, 0.25, 3.75, 1], "texture": "#0"},
				"south": {"uv": [4.25, 0.25, 4.5, 1], "texture": "#0"},
				"west": {"uv": [4, 0.25, 4.25, 1], "texture": "#0"},
				"up": {"uv": [3.75, 0, 4, 0.25], "texture": "#0"},
				"down": {"uv": [4, 0, 4.25, 0.25], "texture": "#0"}
			}
		},
		{
			"name": "Front Leg",
			"from": [9.6875, 3, 9.875],
			"to": [10.4375, 5.25, 10.625],
			"faces": {
				"north": {"uv": [3.75, 0.25, 4, 1], "texture": "#0"},
				"east": {"uv": [3.5, 0.25, 3.75, 1], "texture": "#0"},
				"south": {"uv": [4.25, 0.25, 4.5, 1], "texture": "#0"},
				"west": {"uv": [4, 0.25, 4.25, 1], "texture": "#0"},
				"up": {"uv": [3.75, 0, 4, 0.25], "texture": "#0"},
				"down": {"uv": [4, 0, 4.25, 0.25], "texture": "#0"}
			}
		},
		{
			"name": "Body",
			"from": [6.125, 4.875, 11.75],
			"to": [9.875, 7.125, 16.25],
			"faces": {
				"east": {"uv": [0, 5.875, 1.5, 6.625], "texture": "#0"},
				"south": {"uv": [4.25, 5.875, 5.5, 6.625], "texture": "#0"},
				"west": {"uv": [2.75, 5.875, 4.25, 6.625], "texture": "#0"},
				"up": {"uv": [1.5, 4.375, 2.75, 5.875], "texture": "#0"},
				"down": {"uv": [2.75, 4.375, 4, 5.875], "texture": "#0"}
			}
		},
		{
			"name": "Hind Leg",
			"from": [6.5, 3, 14.375],
			"to": [7.25, 5.25, 15.125],
			"faces": {
				"north": {"uv": [4.75, 0.25, 5, 1], "texture": "#0"},
				"east": {"uv": [4.5, 0.25, 4.75, 1], "texture": "#0"},
				"south": {"uv": [5.25, 0.25, 5.5, 1], "texture": "#0"},
				"west": {"uv": [5, 0.25, 5.25, 1], "texture": "#0"},
				"down": {"uv": [5, 0, 5.25, 0.25], "texture": "#0"}
			}
		},
		{
			"name": "Hind Leg",
			"from": [8.75, 3, 14.375],
			"to": [9.5, 5.25, 15.125],
			"faces": {
				"north": {"uv": [4.75, 0.25, 5, 1], "texture": "#0"},
				"east": {"uv": [4.5, 0.25, 4.75, 1], "texture": "#0"},
				"south": {"uv": [5.25, 0.25, 5.5, 1], "texture": "#0"},
				"west": {"uv": [5, 0.25, 5.25, 1], "texture": "#0"},
				"down": {"uv": [5, 0, 5.25, 0.25], "texture": "#0"}
			}
		},
		{
			"name": "Tail",
			"from": [7.25, 5.25, 14.25],
			"to": [8.75, 6.75, 18.75],
			"faces": {
				"east": {"uv": [6.25, 3.875, 7.75, 4.375], "texture": "#0"},
				"south": {"uv": [9.75, 3.875, 10.25, 4.375], "texture": "#0"},
				"west": {"uv": [8.25, 3.875, 9.75, 4.375], "texture": "#0"},
				"up": {"uv": [7.75, 2.375, 8.25, 3.875], "texture": "#0"},
				"down": {"uv": [8.25, 2.375, 8.75, 3.875], "texture": "#0"}
			}
		},
		{
			"name": "Fan",
			"from": [7.25, 6.75, 15],
			"to": [8, 8.25, 18.75],
			"faces": {
				"east": {"uv": [0, 1.75, 1.25, 2.25], "texture": "#0"}
			}
		},
		{
			"name": "Tail",
			"from": [7.25, 5.625, 18.75],
			"to": [8.75, 6.75, 23.425],
			"faces": {
				"east": {"uv": [5.5, 6.25, 7, 6.625], "texture": "#0"},
				"south": {"uv": [9, 6.25, 9.5, 6.625], "texture": "#0"},
				"west": {"uv": [7.5, 6.25, 9, 6.625], "texture": "#0"},
				"up": {"uv": [7, 4.75, 7.5, 6.25], "texture": "#0"},
				"down": {"uv": [7.5, 4.75, 8, 6.25], "texture": "#0"}
			}
		},
		{
			"name": "Fan",
			"from": [7, 4.5, 18.75],
			"to": [8, 8.25, 24.875],
			"faces": {
				"east": {"uv": [4.5, 1, 6.5, 2.25], "texture": "#0"}
			}
		}
	],
	"display": {
		"thirdperson_righthand": {
			"scale": [1.1, 1.1, 1.1]
		},
		"thirdperson_lefthand": {
			"scale": [1.1, 1.1, 1.1]
		},
		"ground": {
			"translation": [0, 1, -5.5]
		},
		"gui": {
			"rotation": [30, 135, 0],
			"translation": [-4.5, 0, 0]
		},
		"head": {
			"translation": [0, 16, -9],
			"scale": [2, 2, 2]
		},
		"fixed": {
			"rotation": [-90, 0, 0],
			"translation": [0, -18, -20],
			"scale": [4, 4, 4]
		}
	}
}