{
	"credit": "Made with Blockbench",
	"textures": {
		"0": "hat/misc/hebtex/blockbench_logo",
		"3": "hat/misc/hebtex/headphones",
		"particle": "hat/misc/hebtex/headphones"
	},
	"elements": [
		{
			"name": "hexadecagon",
			"from": [11.82683, 3.89865, 7],
			"to": [12.775, 4.29647, 9],
			"rotation": {"angle": 22.5, "axis": "x", "origin": [12.15, 4.09756, 8]},
			"faces": {
				"north": {"uv": [0, 0.2, 15, 1.8], "texture": "#3"},
				"east": {"uv": [0, 0.2, 1, 15.8], "rotation": 90, "texture": "#3"},
				"south": {"uv": [0, 0.2, 15, 1.8], "rotation": 180, "texture": "#3"},
				"west": {"uv": [15.5, 3, 14.5, 4], "texture": "#3"}
			}
		},
		{
			"name": "hexadecagon",
			"from": [11.82927, 3.09756, 7.80109],
			"to": [12.77744, 5.09756, 8.19891],
			"rotation": {"angle": 0, "axis": "x", "origin": [12.15244, 4.09756, 8]},
			"faces": {
				"north": {"uv": [0, 0, 15, 16], "texture": "#3"},
				"east": {"uv": [0, 0, 1, 16], "texture": "#3"},
				"south": {"uv": [0, 0, 15, 16], "rotation": 180, "texture": "#3"},
				"west": {"uv": [15.5, 3, 14.5, 4], "texture": "#3"},
				"up": {"uv": [0, 0, 14.5, 1], "rotation": 180, "texture": "#3"},
				"down": {"uv": [0, 0, 15, 1], "rotation": 180, "texture": "#3"}
			}
		},
		{
			"name": "hexadecagon",
			"from": [11.82927, 3.09756, 7.80109],
			"to": [12.77744, 5.09756, 8.19891],
			"rotation": {"angle": 45, "axis": "x", "origin": [12.15244, 4.09756, 8]},
			"faces": {
				"north": {"uv": [0, 0, 15, 16], "texture": "#3"},
				"east": {"uv": [0, 0, 1, 16], "texture": "#3"},
				"south": {"uv": [0, 0, 15, 16], "rotation": 180, "texture": "#3"},
				"west": {"uv": [15.5, 3, 14.5, 4], "texture": "#3"},
				"up": {"uv": [0, 0, 15, 1], "rotation": 180, "texture": "#3"},
				"down": {"uv": [0, 0, 15, 1], "rotation": 180, "texture": "#3"}
			}
		},
		{
			"name": "hexadecagon",
			"from": [11.82927, 3.89865, 7],
			"to": [12.77744, 4.29647, 9],
			"rotation": {"angle": 0, "axis": "x", "origin": [12.15244, 4.09756, 8]},
			"faces": {
				"north": {"uv": [0, 0, 15, 1], "texture": "#3"},
				"east": {"uv": [0, 0, 1, 16], "rotation": 270, "texture": "#3"},
				"south": {"uv": [0, 0, 15, 1], "rotation": 180, "texture": "#3"},
				"west": {"uv": [15.5, 3, 14.5, 4], "texture": "#3"},
				"up": {"uv": [0, 0, 15, 16], "rotation": 180, "texture": "#3"},
				"down": {"uv": [0, 0, 15, 16], "rotation": 180, "texture": "#3"}
			}
		},
		{
			"name": "hexadecagon",
			"from": [11.82927, 3.89865, 7],
			"to": [12.77744, 4.29647, 9],
			"rotation": {"angle": 45, "axis": "x", "origin": [12.15244, 4.09756, 8]},
			"faces": {
				"north": {"uv": [0, 0, 15, 1], "texture": "#3"},
				"east": {"uv": [0, 0, 1, 16], "rotation": 270, "texture": "#3"},
				"south": {"uv": [0, 0, 15, 1], "rotation": 180, "texture": "#3"},
				"west": {"uv": [15.5, 3, 14.5, 4], "texture": "#3"},
				"up": {"uv": [0, 0, 15, 16], "rotation": 180, "texture": "#3"},
				"down": {"uv": [0, 0, 15, 16], "rotation": 180, "texture": "#3"}
			}
		},
		{
			"name": "hexadecagon",
			"from": [11.82683, 3.89865, 7],
			"to": [12.775, 4.29647, 9],
			"rotation": {"angle": -22.5, "axis": "x", "origin": [12.15, 4.09756, 8]},
			"faces": {
				"north": {"uv": [0, 0.2, 15, 1.8], "texture": "#3"},
				"east": {"uv": [0, 0.2, 1, 15.8], "rotation": 90, "texture": "#3"},
				"south": {"uv": [0, 0.2, 15, 1.8], "rotation": 180, "texture": "#3"},
				"west": {"uv": [15.5, 3, 14.5, 4], "texture": "#3"}
			}
		},
		{
			"name": "hexadecagon",
			"from": [11.82683, 3.09756, 7.80109],
			"to": [12.775, 5.09756, 8.19891],
			"rotation": {"angle": 22.5, "axis": "x", "origin": [12.15, 4.09756, 8]},
			"faces": {
				"east": {"uv": [0, 0.2, 1, 15.8], "rotation": 180, "texture": "#3"},
				"west": {"uv": [15.5, 3, 14.5, 4], "texture": "#3"},
				"up": {"uv": [0, 0.2, 15, 1.8], "rotation": 180, "texture": "#3"},
				"down": {"uv": [0, 0.2, 15, 1.8], "rotation": 180, "texture": "#3"}
			}
		},
		{
			"name": "hexadecagon",
			"from": [11.82683, 3.09756, 7.80109],
			"to": [12.775, 5.09756, 8.19891],
			"rotation": {"angle": -22.5, "axis": "x", "origin": [12.15, 4.09756, 8]},
			"faces": {
				"east": {"uv": [0, 0.2, 1, 15.8], "rotation": 180, "texture": "#3"},
				"west": {"uv": [15.5, 3, 14.5, 4], "texture": "#3"},
				"up": {"uv": [0, 0.2, 15, 1.8], "rotation": 180, "texture": "#3"},
				"down": {"uv": [0, 0.2, 15, 1.8], "rotation": 180, "texture": "#3"}
			}
		},
		{
			"name": "hexadecagon",
			"from": [11.25, 3.79919, 6.5],
			"to": [11.90244, 4.39593, 7],
			"rotation": {"angle": -45, "axis": "x", "origin": [11.40244, 4.09756, 8]},
			"faces": {
				"north": {"uv": [5, 6, 5.5, 6.5], "rotation": 90, "texture": "#3"},
				"east": {"uv": [5, 6, 5.5, 6.5], "texture": "#3"},
				"south": {"uv": [5, 6, 5.5, 6.5], "texture": "#3"},
				"west": {"uv": [5, 6, 5.5, 6.5], "texture": "#3"}
			}
		},
		{
			"name": "hexadecagon",
			"from": [11.25, 3.79919, 6.5],
			"to": [11.90244, 4.39593, 7],
			"rotation": {"angle": -22.5, "axis": "x", "origin": [11.40244, 4.09756, 8]},
			"faces": {
				"north": {"uv": [5, 6, 5.5, 6.5], "rotation": 90, "texture": "#3"},
				"east": {"uv": [5, 6, 5.5, 6.5], "texture": "#3"},
				"south": {"uv": [5, 6, 5.5, 6.5], "texture": "#3"},
				"west": {"uv": [5, 6, 5.5, 6.5], "texture": "#3"}
			}
		},
		{
			"name": "hexadecagon",
			"from": [11.25, 3.79919, 6.5],
			"to": [11.90244, 4.39593, 7],
			"rotation": {"angle": 0, "axis": "x", "origin": [11.40244, 4.09756, 8]},
			"faces": {
				"north": {"uv": [5, 6, 5.5, 6.5], "rotation": 90, "texture": "#3"},
				"east": {"uv": [5, 6, 5.5, 6.5], "texture": "#3"},
				"south": {"uv": [5, 6, 5.5, 6.5], "texture": "#3"},
				"west": {"uv": [5, 6, 5.5, 6.5], "texture": "#3"}
			}
		},
		{
			"name": "hexadecagon",
			"from": [11.25, 3.79919, 6.5],
			"to": [11.90244, 4.39593, 7],
			"rotation": {"angle": 22.5, "axis": "x", "origin": [11.40244, 4.09756, 8]},
			"faces": {
				"north": {"uv": [5, 6, 5.5, 6.5], "rotation": 90, "texture": "#3"},
				"east": {"uv": [5, 6, 5.5, 6.5], "texture": "#3"},
				"south": {"uv": [5, 6, 5.5, 6.5], "texture": "#3"},
				"west": {"uv": [5, 6, 5.5, 6.5], "texture": "#3"}
			}
		},
		{
			"name": "hexadecagon",
			"from": [11.25, 3.79919, 6.5],
			"to": [11.90244, 4.39593, 7],
			"rotation": {"angle": 45, "axis": "x", "origin": [11.40244, 4.09756, 8]},
			"faces": {
				"north": {"uv": [5, 6, 5.5, 6.5], "rotation": 90, "texture": "#3"},
				"east": {"uv": [5, 6, 5.5, 6.5], "texture": "#3"},
				"south": {"uv": [5, 6, 5.5, 6.5], "texture": "#3"},
				"west": {"uv": [5, 6, 5.5, 6.5], "texture": "#3"}
			}
		},
		{
			"name": "hexadecagon",
			"from": [11.25, 3.79919, 9],
			"to": [11.90244, 4.39593, 9.5],
			"rotation": {"angle": -45, "axis": "x", "origin": [11.40244, 4.09756, 8]},
			"faces": {
				"north": {"uv": [5, 6, 5.5, 6.5], "rotation": 90, "texture": "#3"},
				"east": {"uv": [5, 6, 5.5, 6.5], "texture": "#3"},
				"south": {"uv": [5, 6, 5.5, 6.5], "texture": "#3"},
				"west": {"uv": [5, 6, 5.5, 6.5], "texture": "#3"}
			}
		},
		{
			"name": "hexadecagon",
			"from": [11.25, 3.79919, 9],
			"to": [11.90244, 4.39593, 9.5],
			"rotation": {"angle": -22.5, "axis": "x", "origin": [11.40244, 4.09756, 8]},
			"faces": {
				"north": {"uv": [5, 6, 5.5, 6.5], "rotation": 90, "texture": "#3"},
				"east": {"uv": [5, 6, 5.5, 6.5], "texture": "#3"},
				"south": {"uv": [5, 6, 5.5, 6.5], "texture": "#3"},
				"west": {"uv": [5, 6, 5.5, 6.5], "texture": "#3"}
			}
		},
		{
			"name": "hexadecagon",
			"from": [11.25, 3.79919, 9],
			"to": [11.90244, 4.39593, 9.5],
			"rotation": {"angle": 0, "axis": "x", "origin": [11.40244, 4.09756, 8]},
			"faces": {
				"north": {"uv": [5, 6, 5.5, 6.5], "rotation": 90, "texture": "#3"},
				"east": {"uv": [5, 6, 5.5, 6.5], "texture": "#3"},
				"south": {"uv": [5, 6, 5.5, 6.5], "texture": "#3"},
				"west": {"uv": [5, 6, 5.5, 6.5], "texture": "#3"}
			}
		},
		{
			"name": "hexadecagon",
			"from": [11.25, 3.79919, 9],
			"to": [11.90244, 4.39593, 9.5],
			"rotation": {"angle": 22.5, "axis": "x", "origin": [11.40244, 4.09756, 8]},
			"faces": {
				"north": {"uv": [5, 6, 5.5, 6.5], "rotation": 90, "texture": "#3"},
				"east": {"uv": [5, 6, 5.5, 6.5], "texture": "#3"},
				"south": {"uv": [5, 6, 5.5, 6.5], "texture": "#3"},
				"west": {"uv": [5, 6, 5.5, 6.5], "texture": "#3"}
			}
		},
		{
			"name": "hexadecagon",
			"from": [11.25, 3.79919, 9],
			"to": [11.90244, 4.39593, 9.5],
			"rotation": {"angle": 45, "axis": "x", "origin": [11.40244, 4.09756, 8]},
			"faces": {
				"north": {"uv": [5, 6, 5.5, 6.5], "rotation": 90, "texture": "#3"},
				"east": {"uv": [5, 6, 5.5, 6.5], "texture": "#3"},
				"south": {"uv": [5, 6, 5.5, 6.5], "texture": "#3"},
				"west": {"uv": [5, 6, 5.5, 6.5], "texture": "#3"}
			}
		},
		{
			"name": "hexadecagon",
			"from": [11.25, 2.59756, 7.70163],
			"to": [11.90244, 3.09756, 8.29837],
			"rotation": {"angle": -22.5, "axis": "x", "origin": [11.40244, 4.09756, 8]},
			"faces": {
				"east": {"uv": [5, 6, 5.5, 6.5], "texture": "#3"},
				"west": {"uv": [5, 6, 5.5, 6.5], "texture": "#3"},
				"up": {"uv": [5, 6, 5.5, 6.5], "texture": "#3"},
				"down": {"uv": [5, 6, 5.5, 6.5], "texture": "#3"}
			}
		},
		{
			"name": "hexadecagon",
			"from": [11.25, 2.59756, 7.70163],
			"to": [11.90244, 3.09756, 8.29837],
			"rotation": {"angle": 0, "axis": "x", "origin": [11.40244, 4.09756, 8]},
			"faces": {
				"east": {"uv": [5, 6, 5.5, 6.5], "texture": "#3"},
				"west": {"uv": [5, 6, 5.5, 6.5], "texture": "#3"},
				"up": {"uv": [5, 6, 5.5, 6.5], "texture": "#3"},
				"down": {"uv": [5, 6, 5.5, 6.5], "texture": "#3"}
			}
		},
		{
			"name": "hexadecagon",
			"from": [11.25, 2.59756, 7.70163],
			"to": [11.90244, 3.09756, 8.29837],
			"rotation": {"angle": 22.5, "axis": "x", "origin": [11.40244, 4.09756, 8]},
			"faces": {
				"east": {"uv": [5, 6, 5.5, 6.5], "texture": "#3"},
				"west": {"uv": [5, 6, 5.5, 6.5], "texture": "#3"},
				"up": {"uv": [5, 6, 5.5, 6.5], "texture": "#3"},
				"down": {"uv": [5, 6, 5.5, 6.5], "texture": "#3"}
			}
		},
		{
			"name": "hexadecagon",
			"from": [11.25, 5.09756, 7.70163],
			"to": [11.90244, 5.59756, 8.29837],
			"rotation": {"angle": -22.5, "axis": "x", "origin": [11.40244, 4.09756, 8]},
			"faces": {
				"east": {"uv": [5, 6, 5.5, 6.5], "texture": "#3"},
				"west": {"uv": [5, 6, 5.5, 6.5], "texture": "#3"},
				"up": {"uv": [5, 6, 5.5, 6.5], "texture": "#3"},
				"down": {"uv": [5, 6, 5.5, 6.5], "texture": "#3"}
			}
		},
		{
			"name": "hexadecagon",
			"from": [11.25, 5.09756, 7.70163],
			"to": [11.90244, 5.59756, 8.29837],
			"rotation": {"angle": 0, "axis": "x", "origin": [11.40244, 4.09756, 8]},
			"faces": {
				"east": {"uv": [5, 6, 5.5, 6.5], "texture": "#3"},
				"west": {"uv": [5, 6, 5.5, 6.5], "texture": "#3"},
				"up": {"uv": [5, 6, 5.5, 6.5], "texture": "#3"},
				"down": {"uv": [5, 6, 5.5, 6.5], "texture": "#3"}
			}
		},
		{
			"name": "hexadecagon",
			"from": [11.25, 5.09756, 7.70163],
			"to": [11.90244, 5.59756, 8.29837],
			"rotation": {"angle": 22.5, "axis": "x", "origin": [11.40244, 4.09756, 8]},
			"faces": {
				"east": {"uv": [5, 6, 5.5, 6.5], "texture": "#3"},
				"west": {"uv": [5, 6, 5.5, 6.5], "texture": "#3"},
				"up": {"uv": [5, 6, 5.5, 6.5], "texture": "#3"},
				"down": {"uv": [5, 6, 5.5, 6.5], "texture": "#3"}
			}
		},
		{
			"name": "hexadecagon",
			"from": [12.15244, 3.79919, 6.5],
			"to": [12.65244, 4.39593, 9.5],
			"rotation": {"angle": -45, "axis": "x", "origin": [12.40244, 4.09756, 8]},
			"faces": {
				"north": {"uv": [5, 6, 5.5, 6.5], "rotation": 90, "texture": "#3"},
				"east": {"uv": [5, 6, 5.5, 6.5], "rotation": 90, "texture": "#3"},
				"south": {"uv": [5, 6, 5.5, 6.5], "rotation": 90, "texture": "#3"},
				"west": {"uv": [5, 6, 5.5, 6.5], "rotation": 90, "texture": "#3"}
			}
		},
		{
			"name": "hexadecagon",
			"from": [12.15244, 3.79919, 6.5],
			"to": [12.65244, 4.39593, 9.5],
			"rotation": {"angle": -22.5, "axis": "x", "origin": [12.40244, 4.09756, 8]},
			"faces": {
				"north": {"uv": [5, 6, 5.5, 6.5], "rotation": 90, "texture": "#3"},
				"east": {"uv": [5, 6, 5.5, 6.5], "rotation": 90, "texture": "#3"},
				"south": {"uv": [5, 6, 5.5, 6.5], "rotation": 90, "texture": "#3"},
				"west": {"uv": [5, 6, 5.5, 6.5], "rotation": 90, "texture": "#3"}
			}
		},
		{
			"name": "hexadecagon",
			"from": [12.15244, 3.79919, 6.5],
			"to": [12.65244, 4.39593, 9.5],
			"rotation": {"angle": 0, "axis": "x", "origin": [12.40244, 4.09756, 8]},
			"faces": {
				"north": {"uv": [5, 6, 5.5, 6.5], "rotation": 90, "texture": "#3"},
				"east": {"uv": [5, 6, 5.5, 6.5], "rotation": 90, "texture": "#3"},
				"south": {"uv": [5, 6, 5.5, 6.5], "rotation": 90, "texture": "#3"},
				"west": {"uv": [5, 6, 5.5, 6.5], "rotation": 90, "texture": "#3"}
			}
		},
		{
			"name": "hexadecagon",
			"from": [12.15244, 3.79919, 6.5],
			"to": [12.65244, 4.39593, 9.5],
			"rotation": {"angle": 22.5, "axis": "x", "origin": [12.40244, 4.09756, 8]},
			"faces": {
				"north": {"uv": [5, 6, 5.5, 6.5], "rotation": 90, "texture": "#3"},
				"east": {"uv": [5, 6, 5.5, 6.5], "rotation": 90, "texture": "#3"},
				"south": {"uv": [5, 6, 5.5, 6.5], "rotation": 90, "texture": "#3"},
				"west": {"uv": [5, 6, 5.5, 6.5], "rotation": 90, "texture": "#3"}
			}
		},
		{
			"name": "hexadecagon",
			"from": [12.15244, 4.42163, 7.02025],
			"to": [12.65244, 4.94215, 7.52025],
			"rotation": {"angle": 45, "axis": "x", "origin": [12.40244, 4.51878, 8.42269]},
			"faces": {
				"north": {"uv": [5, 6, 5.5, 6.5], "rotation": 90, "texture": "#3"},
				"east": {"uv": [5, 6, 5.5, 6.5], "rotation": 90, "texture": "#3"},
				"west": {"uv": [5, 6, 5.5, 6.5], "rotation": 90, "texture": "#3"}
			}
		},
		{
			"name": "hexadecagon",
			"from": [12.15244, 2.59756, 7.70163],
			"to": [12.65244, 5.59756, 8.29837],
			"rotation": {"angle": -22.5, "axis": "x", "origin": [12.40244, 4.09756, 8]},
			"faces": {
				"east": {"uv": [5, 6, 5.5, 6.5], "rotation": 90, "texture": "#3"},
				"west": {"uv": [5, 6, 5.5, 6.5], "rotation": 90, "texture": "#3"},
				"up": {"uv": [5, 6, 5.5, 6.5], "rotation": 90, "texture": "#3"},
				"down": {"uv": [5, 6, 5.5, 6.5], "rotation": 90, "texture": "#3"}
			}
		},
		{
			"name": "hexadecagon",
			"from": [12.15244, 2.59756, 7.70163],
			"to": [12.65244, 6.34756, 8.29837],
			"rotation": {"angle": 0, "axis": "x", "origin": [12.40244, 4.09756, 8]},
			"faces": {
				"north": {"uv": [5, 6, 5.5, 6.5], "rotation": 90, "texture": "#3"},
				"east": {"uv": [5, 6, 5.5, 6.5], "rotation": 90, "texture": "#3"},
				"south": {"uv": [5, 6, 5.5, 6.5], "rotation": 90, "texture": "#3"},
				"west": {"uv": [5, 6, 5.5, 6.5], "rotation": 90, "texture": "#3"},
				"up": {"uv": [5, 6, 5.5, 6.5], "rotation": 90, "texture": "#3"},
				"down": {"uv": [5, 6, 5.5, 6.5], "rotation": 90, "texture": "#3"}
			}
		},
		{
			"name": "hexadecagon",
			"from": [12.15244, 2.59756, 7.70163],
			"to": [12.65244, 5.59756, 8.29837],
			"rotation": {"angle": 22.5, "axis": "x", "origin": [12.40244, 4.09756, 8]},
			"faces": {
				"east": {"uv": [5, 6, 5.5, 6.5], "rotation": 90, "texture": "#3"},
				"west": {"uv": [5, 6, 5.5, 6.5], "rotation": 90, "texture": "#3"},
				"up": {"uv": [5, 6, 5.5, 6.5], "rotation": 90, "texture": "#3"},
				"down": {"uv": [5, 6, 5.5, 6.5], "rotation": 90, "texture": "#3"}
			}
		},
		{
			"name": "hexadecagon",
			"from": [12.15182, 5.11731, 6.76921],
			"to": [12.65182, 5.58905, 7.26921],
			"rotation": {"angle": 22.5, "axis": "x", "origin": [12.40182, 3.41568, 8.17165]},
			"faces": {
				"north": {"uv": [5, 6, 5.5, 6.5], "rotation": 90, "texture": "#3"},
				"east": {"uv": [5, 6, 5.5, 6.5], "rotation": 90, "texture": "#3"},
				"west": {"uv": [5, 6, 5.5, 6.5], "rotation": 90, "texture": "#3"}
			}
		},
		{
			"name": "hexadecagon",
			"from": [12.15182, 5.11731, 8.73079],
			"to": [12.65182, 5.71405, 9.23079],
			"rotation": {"angle": -22.5, "axis": "x", "origin": [12.40182, 3.41568, 7.82835]},
			"faces": {
				"north": {"uv": [5, 6, 5.5, 6.5], "rotation": 90, "texture": "#3"},
				"east": {"uv": [5, 6, 5.5, 6.5], "rotation": 90, "texture": "#3"},
				"south": {"uv": [5, 6, 5.5, 6.5], "rotation": 90, "texture": "#3"},
				"west": {"uv": [5, 6, 5.5, 6.5], "rotation": 90, "texture": "#3"},
				"up": {"uv": [5, 6, 5.5, 6.5], "rotation": 90, "texture": "#3"},
				"down": {"uv": [5, 6, 5.5, 6.5], "rotation": 90, "texture": "#3"}
			}
		},
		{
			"name": "hexadecagon",
			"from": [12.15244, 3.79919, 6.5],
			"to": [12.65244, 4.39593, 9.5],
			"rotation": {"angle": 45, "axis": "x", "origin": [12.40244, 4.09756, 8]},
			"faces": {
				"north": {"uv": [5, 6, 5.5, 6.5], "rotation": 90, "texture": "#3"},
				"east": {"uv": [5, 6, 5.5, 6.5], "rotation": 90, "texture": "#3"},
				"south": {"uv": [5, 6, 5.5, 6.5], "rotation": 90, "texture": "#3"},
				"west": {"uv": [5, 6, 5.5, 6.5], "rotation": 90, "texture": "#3"}
			}
		},
		{
			"name": "hexadecagon",
			"from": [12.15244, 4.44297, 8.47975],
			"to": [12.65244, 4.99093, 8.97975],
			"rotation": {"angle": -45, "axis": "x", "origin": [12.40244, 4.51878, 7.57731]},
			"faces": {
				"east": {"uv": [5, 6, 5.5, 6.5], "rotation": 90, "texture": "#3"},
				"south": {"uv": [5, 6, 5.5, 6.5], "rotation": 90, "texture": "#3"},
				"west": {"uv": [5, 6, 5.5, 6.5], "rotation": 90, "texture": "#3"}
			}
		},
		{
			"name": "hexadecagon",
			"from": [7.70435, 9.94512, 7.70122],
			"to": [9.54565, 10.45122, 8.29878],
			"rotation": {"angle": -45, "axis": "z", "origin": [8.5, 6.5, 8]},
			"faces": {
				"north": {"uv": [5, 6, 5.5, 6.5], "texture": "#3"},
				"south": {"uv": [5, 6, 5.5, 6.5], "texture": "#3"},
				"up": {"uv": [5, 6, 5.5, 6.5], "texture": "#3"},
				"down": {"uv": [5, 6, 5.5, 6.5], "texture": "#3"}
			}
		},
		{
			"name": "hexadecagon",
			"from": [7.70435, 9.94512, 7.70122],
			"to": [9.29565, 10.45122, 8.29878],
			"rotation": {"angle": -22.5, "axis": "z", "origin": [8.5, 6.5, 8]},
			"faces": {
				"north": {"uv": [5, 6, 5.5, 6.5], "texture": "#3"},
				"south": {"uv": [5, 6, 5.5, 6.5], "texture": "#3"},
				"up": {"uv": [5, 6, 5.5, 6.5], "texture": "#3"},
				"down": {"uv": [5, 6, 5.5, 6.5], "texture": "#3"}
			}
		},
		{
			"name": "hexadecagon",
			"from": [6.70435, 9.94512, 7.70122],
			"to": [9.29565, 10.45122, 8.29878],
			"rotation": {"angle": 0, "axis": "z", "origin": [8.5, 6.5, 8]},
			"faces": {
				"north": {"uv": [5, 6, 5.5, 6.5], "texture": "#3"},
				"south": {"uv": [5, 6, 5.5, 6.5], "texture": "#3"},
				"up": {"uv": [5, 6, 5.5, 6.5], "texture": "#3"},
				"down": {"uv": [5, 6, 5.5, 6.5], "texture": "#3"}
			}
		},
		{
			"name": "hexadecagon",
			"from": [6.70435, 9.94512, 7.70122],
			"to": [8.29565, 10.45122, 8.29878],
			"rotation": {"angle": 22.5, "axis": "z", "origin": [7.5, 6.5, 8]},
			"faces": {
				"north": {"uv": [5, 6, 5.5, 6.5], "texture": "#3"},
				"south": {"uv": [5, 6, 5.5, 6.5], "texture": "#3"},
				"up": {"uv": [5, 6, 5.5, 6.5], "texture": "#3"},
				"down": {"uv": [5, 6, 5.5, 6.5], "texture": "#3"}
			}
		},
		{
			"name": "hexadecagon",
			"from": [6.45435, 9.94512, 7.70122],
			"to": [8.29565, 10.45122, 8.29878],
			"rotation": {"angle": 45, "axis": "z", "origin": [7.5, 6.5, 8]},
			"faces": {
				"north": {"uv": [5, 6, 5.5, 6.5], "texture": "#3"},
				"south": {"uv": [5, 6, 5.5, 6.5], "texture": "#3"},
				"up": {"uv": [5, 6, 5.5, 6.5], "texture": "#3"},
				"down": {"uv": [5, 6, 5.5, 6.5], "texture": "#3"}
			}
		},
		{
			"name": "hexadecagon",
			"from": [3.54878, 5.55191, 7.79878],
			"to": [3.70122, 7.14321, 8.20122],
			"rotation": {"angle": -22.5, "axis": "z", "origin": [7.54878, 6.34756, 8]},
			"faces": {
				"north": {"uv": [4, 2, 4.5, 2.5], "texture": "#3"},
				"east": {"uv": [4, 2, 4.5, 2.5], "texture": "#3"},
				"south": {"uv": [4, 2, 4.5, 2.5], "texture": "#3"},
				"west": {"uv": [4, 2, 4.5, 2.5], "texture": "#3"}
			}
		},
		{
			"name": "hexadecagon",
			"from": [3.54878, 5.55191, 7.79878],
			"to": [3.70122, 7.14321, 8.20122],
			"rotation": {"angle": 0, "axis": "z", "origin": [7.54878, 6.34756, 8]},
			"faces": {
				"north": {"uv": [4, 2, 4.5, 2.5], "texture": "#3"},
				"east": {"uv": [4, 2, 4.5, 2.5], "texture": "#3"},
				"south": {"uv": [4, 2, 4.5, 2.5], "texture": "#3"},
				"west": {"uv": [4, 2, 4.5, 2.5], "texture": "#3"}
			}
		},
		{
			"name": "hexadecagon",
			"from": [12.29878, 5.50313, 7.79878],
			"to": [12.45122, 7.09443, 8.20122],
			"rotation": {"angle": 0, "axis": "z", "origin": [8.45122, 6.29878, 8]},
			"faces": {
				"north": {"uv": [4, 2, 4.5, 2.5], "texture": "#3"},
				"east": {"uv": [4, 2, 4.5, 2.5], "texture": "#3"},
				"south": {"uv": [4, 2, 4.5, 2.5], "texture": "#3"},
				"west": {"uv": [4, 2, 4.5, 2.5], "texture": "#3"}
			}
		},
		{
			"name": "hexadecagon",
			"from": [12.29878, 5.50313, 7.79878],
			"to": [12.45122, 7.09443, 8.20122],
			"rotation": {"angle": 22.5, "axis": "z", "origin": [8.45122, 6.29878, 8]},
			"faces": {
				"north": {"uv": [4, 2, 4.5, 2.5], "texture": "#3"},
				"east": {"uv": [4, 2, 4.5, 2.5], "texture": "#3"},
				"south": {"uv": [4, 2, 4.5, 2.5], "texture": "#3"},
				"west": {"uv": [4, 2, 4.5, 2.5], "texture": "#3"}
			}
		},
		{
			"name": "hexadecagon",
			"from": [3.35301, 6.12712, 7.70109],
			"to": [3.81033, 7.0233, 8.29865],
			"rotation": {"angle": -22.5, "axis": "z", "origin": [7.55423, 6.22765, 7.99987]},
			"faces": {
				"north": {"uv": [5, 6, 5.5, 6.5], "texture": "#3"},
				"east": {"uv": [5, 6, 5.5, 6.5], "texture": "#3"},
				"south": {"uv": [5, 6, 5.5, 6.5], "texture": "#3"},
				"west": {"uv": [5, 6, 5.5, 6.5], "texture": "#3"},
				"down": {"uv": [5, 6, 5.5, 6.5], "texture": "#3"}
			}
		},
		{
			"name": "hexadecagon",
			"from": [12.14097, 6.12693, 7.70127],
			"to": [12.64707, 7.02311, 8.29884],
			"rotation": {"angle": 22.5, "axis": "z", "origin": [8.44585, 6.22746, 8.00006]},
			"faces": {
				"north": {"uv": [5, 6, 5.5, 6.5], "texture": "#3"},
				"east": {"uv": [5, 6, 5.5, 6.5], "texture": "#3"},
				"south": {"uv": [5, 6, 5.5, 6.5], "texture": "#3"},
				"west": {"uv": [5, 6, 5.5, 6.5], "texture": "#3"},
				"down": {"uv": [5, 6, 5.5, 6.5], "texture": "#3"}
			}
		},
		{
			"name": "mic",
			"from": [3.866, 3.99682, 4.81963],
			"to": [4.08856, 4.24221, 7.31963],
			"rotation": {"angle": 0, "axis": "x", "origin": [3.84756, 4.65305, 8.31963]},
			"faces": {
				"east": {"uv": [5, 6, 5.5, 6.5], "rotation": 90, "texture": "#3"},
				"west": {"uv": [5, 6, 5.5, 6.5], "rotation": 90, "texture": "#3"},
				"up": {"uv": [5, 6, 5.5, 6.5], "rotation": 90, "texture": "#3"},
				"down": {"uv": [5, 6, 5.5, 6.5], "rotation": 90, "texture": "#3"}
			}
		},
		{
			"name": "mic",
			"from": [2.71807, 4.00011, 3.58622],
			"to": [2.94063, 4.24549, 4.58622],
			"rotation": {"angle": -22.5, "axis": "y", "origin": [2.69963, 4.65634, 7.58622]},
			"faces": {
				"east": {"uv": [5, 6, 5.5, 6.5], "rotation": 90, "texture": "#3"},
				"west": {"uv": [5, 6, 5.5, 6.5], "rotation": 90, "texture": "#3"},
				"up": {"uv": [5, 6, 5.5, 6.5], "rotation": 90, "texture": "#3"},
				"down": {"uv": [5, 6, 5.5, 6.5], "rotation": 90, "texture": "#3"}
			}
		},
		{
			"name": "mic",
			"from": [2.12873, 4.00389, 2.00707],
			"to": [2.35129, 4.24928, 3.00707],
			"rotation": {"angle": -45, "axis": "y", "origin": [2.11029, 4.66012, 6.00707]},
			"faces": {
				"east": {"uv": [5, 6, 5.5, 6.5], "rotation": 90, "texture": "#3"},
				"west": {"uv": [5, 6, 5.5, 6.5], "rotation": 90, "texture": "#3"},
				"up": {"uv": [5, 6, 5.5, 6.5], "rotation": 90, "texture": "#3"},
				"down": {"uv": [5, 6, 5.5, 6.5], "rotation": 90, "texture": "#3"}
			}
		},
		{
			"name": "mic",
			"from": [2.03117, 3.90633, 1.75707],
			"to": [2.44885, 4.34684, 2.50707],
			"rotation": {"angle": -45, "axis": "y", "origin": [2.11029, 4.66012, 6.00707]},
			"faces": {
				"north": {"uv": [15.5, 3, 14.5, 4], "rotation": 90, "texture": "#3"},
				"east": {"uv": [15.5, 3, 14.5, 4], "rotation": 90, "texture": "#3"},
				"south": {"uv": [15.5, 3, 14.5, 4], "rotation": 90, "texture": "#3"},
				"west": {"uv": [15.5, 3, 14.5, 4], "texture": "#3"},
				"up": {"uv": [15.5, 3, 14.5, 4], "rotation": 90, "texture": "#3"},
				"down": {"uv": [15.5, 3, 14.5, 4], "rotation": 90, "texture": "#3"}
			}
		},
		{
			"name": "hexadecagon",
			"from": [3.225, 3.89865, 7],
			"to": [4.17317, 4.29647, 9],
			"rotation": {"angle": 22.5, "axis": "x", "origin": [3.85, 4.09756, 8]},
			"faces": {
				"north": {"uv": [15, 0.2, 0, 1.8], "texture": "#3"},
				"east": {"uv": [15.5, 3, 14.5, 4], "texture": "#3"},
				"south": {"uv": [15, 0.2, 0, 1.8], "rotation": 180, "texture": "#3"},
				"west": {"uv": [1, 0.2, 0, 15.8], "rotation": 90, "texture": "#3"}
			}
		},
		{
			"name": "hexadecagon",
			"from": [3.22256, 3.09756, 7.80109],
			"to": [4.17073, 5.09756, 8.19891],
			"rotation": {"angle": 0, "axis": "x", "origin": [3.84756, 4.09756, 8]},
			"faces": {
				"north": {"uv": [15, 0, 0, 16], "texture": "#3"},
				"east": {"uv": [15.5, 3, 14.5, 4], "texture": "#3"},
				"south": {"uv": [15, 0, 0, 16], "rotation": 180, "texture": "#3"},
				"west": {"uv": [1, 0, 0, 16], "texture": "#3"},
				"up": {"uv": [14.5, 0, 0, 1], "rotation": 180, "texture": "#3"},
				"down": {"uv": [15, 0, 0, 1], "rotation": 180, "texture": "#3"}
			}
		},
		{
			"name": "hexadecagon",
			"from": [3.22256, 3.09756, 7.80109],
			"to": [4.17073, 5.09756, 8.19891],
			"rotation": {"angle": 45, "axis": "x", "origin": [3.84756, 4.09756, 8]},
			"faces": {
				"north": {"uv": [15, 0, 0, 16], "texture": "#3"},
				"east": {"uv": [15.5, 3, 14.5, 4], "texture": "#3"},
				"south": {"uv": [15, 0, 0, 16], "rotation": 180, "texture": "#3"},
				"west": {"uv": [1, 0, 0, 16], "texture": "#3"},
				"up": {"uv": [15, 0, 0, 1], "rotation": 180, "texture": "#3"},
				"down": {"uv": [15, 0, 0, 1], "rotation": 180, "texture": "#3"}
			}
		},
		{
			"name": "hexadecagon",
			"from": [3.22256, 3.89865, 7],
			"to": [4.17073, 4.29647, 9],
			"rotation": {"angle": 0, "axis": "x", "origin": [3.84756, 4.09756, 8]},
			"faces": {
				"north": {"uv": [15, 0, 0, 1], "texture": "#3"},
				"east": {"uv": [15.5, 3, 14.5, 4], "texture": "#3"},
				"south": {"uv": [15, 0, 0, 1], "rotation": 180, "texture": "#3"},
				"west": {"uv": [1, 0, 0, 16], "rotation": 270, "texture": "#3"},
				"up": {"uv": [15, 0, 0, 16], "rotation": 180, "texture": "#3"},
				"down": {"uv": [15, 0, 0, 16], "rotation": 180, "texture": "#3"}
			}
		},
		{
			"name": "hexadecagon",
			"from": [3.22256, 3.89865, 7],
			"to": [4.17073, 4.29647, 9],
			"rotation": {"angle": 45, "axis": "x", "origin": [3.84756, 4.09756, 8]},
			"faces": {
				"north": {"uv": [15, 0, 0, 1], "texture": "#3"},
				"east": {"uv": [15.5, 3, 14.5, 4], "texture": "#3"},
				"south": {"uv": [15, 0, 0, 1], "rotation": 180, "texture": "#3"},
				"west": {"uv": [1, 0, 0, 16], "rotation": 270, "texture": "#3"},
				"up": {"uv": [15, 0, 0, 16], "rotation": 180, "texture": "#3"},
				"down": {"uv": [15, 0, 0, 16], "rotation": 180, "texture": "#3"}
			}
		},
		{
			"name": "hexadecagon",
			"from": [3.225, 3.89865, 7],
			"to": [4.17317, 4.29647, 9],
			"rotation": {"angle": -22.5, "axis": "x", "origin": [3.85, 4.09756, 8]},
			"faces": {
				"north": {"uv": [15, 0.2, 0, 1.8], "texture": "#3"},
				"east": {"uv": [15.5, 3, 14.5, 4], "texture": "#3"},
				"south": {"uv": [15, 0.2, 0, 1.8], "rotation": 180, "texture": "#3"},
				"west": {"uv": [1, 0.2, 0, 15.8], "rotation": 90, "texture": "#3"}
			}
		},
		{
			"name": "hexadecagon",
			"from": [3.225, 3.09756, 7.80109],
			"to": [4.17317, 5.09756, 8.19891],
			"rotation": {"angle": 22.5, "axis": "x", "origin": [3.85, 4.09756, 8]},
			"faces": {
				"east": {"uv": [15.5, 3, 14.5, 4], "texture": "#3"},
				"west": {"uv": [1, 0.2, 0, 15.8], "rotation": 180, "texture": "#3"},
				"up": {"uv": [15, 0.2, 0, 1.8], "rotation": 180, "texture": "#3"},
				"down": {"uv": [15, 0.2, 0, 1.8], "rotation": 180, "texture": "#3"}
			}
		},
		{
			"name": "hexadecagon",
			"from": [3.225, 3.09756, 7.80109],
			"to": [4.17317, 5.09756, 8.19891],
			"rotation": {"angle": -22.5, "axis": "x", "origin": [3.85, 4.09756, 8]},
			"faces": {
				"east": {"uv": [15.5, 3, 14.5, 4], "texture": "#3"},
				"west": {"uv": [1, 0.2, 0, 15.8], "rotation": 180, "texture": "#3"},
				"up": {"uv": [15, 0.2, 0, 0.8], "rotation": 180, "texture": "#3"},
				"down": {"uv": [15, 0.2, 0, 1.8], "rotation": 180, "texture": "#3"}
			}
		},
		{
			"name": "hexadecagon",
			"from": [4.09756, 3.79919, 6.5],
			"to": [4.75, 4.39593, 7],
			"rotation": {"angle": -45, "axis": "x", "origin": [4.59756, 4.09756, 8]},
			"faces": {
				"north": {"uv": [5.5, 6, 5, 6.5], "rotation": 90, "texture": "#3"},
				"east": {"uv": [5.5, 6, 5, 6.5], "texture": "#3"},
				"south": {"uv": [5.5, 6, 5, 6.5], "texture": "#3"},
				"west": {"uv": [5.5, 6, 5, 6.5], "texture": "#3"}
			}
		},
		{
			"name": "hexadecagon",
			"from": [4.09756, 3.79919, 6.5],
			"to": [4.75, 4.39593, 7],
			"rotation": {"angle": -22.5, "axis": "x", "origin": [4.59756, 4.09756, 8]},
			"faces": {
				"north": {"uv": [5.5, 6, 5, 6.5], "rotation": 90, "texture": "#3"},
				"east": {"uv": [5.5, 6, 5, 6.5], "texture": "#3"},
				"south": {"uv": [5.5, 6, 5, 6.5], "texture": "#3"},
				"west": {"uv": [5.5, 6, 5, 6.5], "texture": "#3"}
			}
		},
		{
			"name": "hexadecagon",
			"from": [4.09756, 3.79919, 6.5],
			"to": [4.75, 4.39593, 7],
			"rotation": {"angle": 0, "axis": "x", "origin": [4.59756, 4.09756, 8]},
			"faces": {
				"north": {"uv": [5.5, 6, 5, 6.5], "rotation": 90, "texture": "#3"},
				"east": {"uv": [5.5, 6, 5, 6.5], "texture": "#3"},
				"south": {"uv": [5.5, 6, 5, 6.5], "texture": "#3"},
				"west": {"uv": [5.5, 6, 5, 6.5], "texture": "#3"}
			}
		},
		{
			"name": "hexadecagon",
			"from": [4.09756, 3.79919, 6.5],
			"to": [4.75, 4.39593, 7],
			"rotation": {"angle": 22.5, "axis": "x", "origin": [4.59756, 4.09756, 8]},
			"faces": {
				"north": {"uv": [5.5, 6, 5, 6.5], "rotation": 90, "texture": "#3"},
				"east": {"uv": [5.5, 6, 5, 6.5], "texture": "#3"},
				"south": {"uv": [5.5, 6, 5, 6.5], "texture": "#3"},
				"west": {"uv": [5.5, 6, 5, 6.5], "texture": "#3"}
			}
		},
		{
			"name": "hexadecagon",
			"from": [4.09756, 3.79919, 6.5],
			"to": [4.75, 4.39593, 7],
			"rotation": {"angle": 45, "axis": "x", "origin": [4.59756, 4.09756, 8]},
			"faces": {
				"north": {"uv": [5.5, 6, 5, 6.5], "rotation": 90, "texture": "#3"},
				"east": {"uv": [5.5, 6, 5, 6.5], "texture": "#3"},
				"south": {"uv": [5.5, 6, 5, 6.5], "texture": "#3"},
				"west": {"uv": [5.5, 6, 5, 6.5], "texture": "#3"}
			}
		},
		{
			"name": "hexadecagon",
			"from": [4.09756, 3.79919, 9],
			"to": [4.75, 4.39593, 9.5],
			"rotation": {"angle": -45, "axis": "x", "origin": [4.59756, 4.09756, 8]},
			"faces": {
				"north": {"uv": [5.5, 6, 5, 6.5], "rotation": 90, "texture": "#3"},
				"east": {"uv": [5.5, 6, 5, 6.5], "texture": "#3"},
				"south": {"uv": [5.5, 6, 5, 6.5], "texture": "#3"},
				"west": {"uv": [5.5, 6, 5, 6.5], "texture": "#3"}
			}
		},
		{
			"name": "hexadecagon",
			"from": [4.09756, 3.79919, 9],
			"to": [4.75, 4.39593, 9.5],
			"rotation": {"angle": -22.5, "axis": "x", "origin": [4.59756, 4.09756, 8]},
			"faces": {
				"north": {"uv": [5.5, 6, 5, 6.5], "rotation": 90, "texture": "#3"},
				"east": {"uv": [5.5, 6, 5, 6.5], "texture": "#3"},
				"south": {"uv": [5.5, 6, 5, 6.5], "texture": "#3"},
				"west": {"uv": [5.5, 6, 5, 6.5], "texture": "#3"}
			}
		},
		{
			"name": "hexadecagon",
			"from": [4.09756, 3.79919, 9],
			"to": [4.75, 4.39593, 9.5],
			"rotation": {"angle": 0, "axis": "x", "origin": [4.59756, 4.09756, 8]},
			"faces": {
				"north": {"uv": [5.5, 6, 5, 6.5], "rotation": 90, "texture": "#3"},
				"east": {"uv": [5.5, 6, 5, 6.5], "texture": "#3"},
				"south": {"uv": [5.5, 6, 5, 6.5], "texture": "#3"},
				"west": {"uv": [5.5, 6, 5, 6.5], "texture": "#3"}
			}
		},
		{
			"name": "hexadecagon",
			"from": [4.09756, 3.79919, 9],
			"to": [4.75, 4.39593, 9.5],
			"rotation": {"angle": 22.5, "axis": "x", "origin": [4.59756, 4.09756, 8]},
			"faces": {
				"north": {"uv": [5.5, 6, 5, 6.5], "rotation": 90, "texture": "#3"},
				"east": {"uv": [5.5, 6, 5, 6.5], "texture": "#3"},
				"south": {"uv": [5.5, 6, 5, 6.5], "texture": "#3"},
				"west": {"uv": [5.5, 6, 5, 6.5], "texture": "#3"}
			}
		},
		{
			"name": "hexadecagon",
			"from": [4.09756, 3.79919, 9],
			"to": [4.75, 4.39593, 9.5],
			"rotation": {"angle": 45, "axis": "x", "origin": [4.59756, 4.09756, 8]},
			"faces": {
				"north": {"uv": [5.5, 6, 5, 6.5], "rotation": 90, "texture": "#3"},
				"east": {"uv": [5.5, 6, 5, 6.5], "texture": "#3"},
				"south": {"uv": [5.5, 6, 5, 6.5], "texture": "#3"},
				"west": {"uv": [5.5, 6, 5, 6.5], "texture": "#3"}
			}
		},
		{
			"name": "hexadecagon",
			"from": [4.09756, 2.59756, 7.70163],
			"to": [4.75, 3.09756, 8.29837],
			"rotation": {"angle": -22.5, "axis": "x", "origin": [4.59756, 4.09756, 8]},
			"faces": {
				"east": {"uv": [5.5, 6, 5, 6.5], "texture": "#3"},
				"west": {"uv": [5.5, 6, 5, 6.5], "texture": "#3"},
				"up": {"uv": [5.5, 6, 5, 6.5], "texture": "#3"},
				"down": {"uv": [5.5, 6, 5, 6.5], "texture": "#3"}
			}
		},
		{
			"name": "hexadecagon",
			"from": [4.09756, 2.59756, 7.70163],
			"to": [4.75, 3.09756, 8.29837],
			"rotation": {"angle": 0, "axis": "x", "origin": [4.59756, 4.09756, 8]},
			"faces": {
				"east": {"uv": [5.5, 6, 5, 6.5], "texture": "#3"},
				"west": {"uv": [5.5, 6, 5, 6.5], "texture": "#3"},
				"up": {"uv": [5.5, 6, 5, 6.5], "texture": "#3"},
				"down": {"uv": [5.5, 6, 5, 6.5], "texture": "#3"}
			}
		},
		{
			"name": "hexadecagon",
			"from": [4.09756, 2.59756, 7.70163],
			"to": [4.75, 3.09756, 8.29837],
			"rotation": {"angle": 22.5, "axis": "x", "origin": [4.59756, 4.09756, 8]},
			"faces": {
				"east": {"uv": [5.5, 6, 5, 6.5], "texture": "#3"},
				"west": {"uv": [5.5, 6, 5, 6.5], "texture": "#3"},
				"up": {"uv": [5.5, 6, 5, 6.5], "texture": "#3"},
				"down": {"uv": [5.5, 6, 5, 6.5], "texture": "#3"}
			}
		},
		{
			"name": "hexadecagon",
			"from": [4.09756, 5.09756, 7.70163],
			"to": [4.75, 5.59756, 8.29837],
			"rotation": {"angle": -22.5, "axis": "x", "origin": [4.59756, 4.09756, 8]},
			"faces": {
				"east": {"uv": [5.5, 6, 5, 6.5], "texture": "#3"},
				"west": {"uv": [5.5, 6, 5, 6.5], "texture": "#3"},
				"up": {"uv": [5.5, 6, 5, 6.5], "texture": "#3"},
				"down": {"uv": [5.5, 6, 5, 6.5], "texture": "#3"}
			}
		},
		{
			"name": "hexadecagon",
			"from": [4.09756, 5.09756, 7.70163],
			"to": [4.75, 5.59756, 8.29837],
			"rotation": {"angle": 0, "axis": "x", "origin": [4.59756, 4.09756, 8]},
			"faces": {
				"east": {"uv": [5.5, 6, 5, 6.5], "texture": "#3"},
				"west": {"uv": [5.5, 6, 5, 6.5], "texture": "#3"},
				"up": {"uv": [5.5, 6, 5, 6.5], "texture": "#3"},
				"down": {"uv": [5.5, 6, 5, 6.5], "texture": "#3"}
			}
		},
		{
			"name": "hexadecagon",
			"from": [4.09756, 5.09756, 7.70163],
			"to": [4.75, 5.59756, 8.29837],
			"rotation": {"angle": 22.5, "axis": "x", "origin": [4.59756, 4.09756, 8]},
			"faces": {
				"east": {"uv": [5.5, 6, 5, 6.5], "texture": "#3"},
				"west": {"uv": [5.5, 6, 5, 6.5], "texture": "#3"},
				"up": {"uv": [5.5, 6, 5, 6.5], "texture": "#3"},
				"down": {"uv": [5.5, 6, 5, 6.5], "texture": "#3"}
			}
		},
		{
			"name": "hexadecagon",
			"from": [3.34756, 3.79919, 6.5],
			"to": [3.84756, 4.39593, 9.5],
			"rotation": {"angle": -45, "axis": "x", "origin": [3.59756, 4.09756, 8]},
			"faces": {
				"north": {"uv": [5.5, 6, 5, 6.5], "rotation": 90, "texture": "#3"},
				"east": {"uv": [5.5, 6, 5, 6.5], "rotation": 90, "texture": "#3"},
				"south": {"uv": [5.5, 6, 5, 6.5], "rotation": 90, "texture": "#3"},
				"west": {"uv": [5.5, 6, 5, 6.5], "rotation": 90, "texture": "#3"}
			}
		},
		{
			"name": "hexadecagon",
			"from": [3.34756, 3.79919, 6.5],
			"to": [3.84756, 4.39593, 9.5],
			"rotation": {"angle": -22.5, "axis": "x", "origin": [3.59756, 4.09756, 8]},
			"faces": {
				"north": {"uv": [5.5, 6, 5, 6.5], "rotation": 90, "texture": "#3"},
				"east": {"uv": [5.5, 6, 5, 6.5], "rotation": 90, "texture": "#3"},
				"south": {"uv": [5.5, 6, 5, 6.5], "rotation": 90, "texture": "#3"},
				"west": {"uv": [5.5, 6, 5, 6.5], "rotation": 90, "texture": "#3"}
			}
		},
		{
			"name": "hexadecagon",
			"from": [3.34756, 3.79919, 6.5],
			"to": [3.84756, 4.39593, 9.5],
			"rotation": {"angle": 0, "axis": "x", "origin": [3.59756, 4.09756, 8]},
			"faces": {
				"north": {"uv": [5.5, 6, 5, 6.5], "rotation": 90, "texture": "#3"},
				"east": {"uv": [5.5, 6, 5, 6.5], "rotation": 90, "texture": "#3"},
				"south": {"uv": [5.5, 6, 5, 6.5], "rotation": 90, "texture": "#3"},
				"west": {"uv": [5.5, 6, 5, 6.5], "rotation": 90, "texture": "#3"}
			}
		},
		{
			"name": "hexadecagon",
			"from": [3.34756, 3.79919, 6.5],
			"to": [3.84756, 4.39593, 9.5],
			"rotation": {"angle": 22.5, "axis": "x", "origin": [3.59756, 4.09756, 8]},
			"faces": {
				"north": {"uv": [5.5, 6, 5, 6.5], "rotation": 90, "texture": "#3"},
				"east": {"uv": [5.5, 6, 5, 6.5], "rotation": 90, "texture": "#3"},
				"south": {"uv": [5.5, 6, 5, 6.5], "rotation": 90, "texture": "#3"},
				"west": {"uv": [5.5, 6, 5, 6.5], "rotation": 90, "texture": "#3"}
			}
		},
		{
			"name": "hexadecagon",
			"from": [3.34756, 4.42163, 7.02025],
			"to": [3.84756, 4.94215, 7.52025],
			"rotation": {"angle": 45, "axis": "x", "origin": [3.59756, 4.51878, 8.42269]},
			"faces": {
				"north": {"uv": [5.5, 6, 5, 6.5], "rotation": 90, "texture": "#3"},
				"east": {"uv": [5.5, 6, 5, 6.5], "rotation": 90, "texture": "#3"},
				"west": {"uv": [5.5, 6, 5, 6.5], "rotation": 90, "texture": "#3"}
			}
		},
		{
			"name": "hexadecagon",
			"from": [3.34756, 2.59756, 7.70163],
			"to": [3.84756, 5.59756, 8.29837],
			"rotation": {"angle": -22.5, "axis": "x", "origin": [3.59756, 4.09756, 8]},
			"faces": {
				"east": {"uv": [5.5, 6, 5, 6.5], "rotation": 90, "texture": "#3"},
				"west": {"uv": [5.5, 6, 5, 6.5], "rotation": 90, "texture": "#3"},
				"up": {"uv": [5.5, 6, 5, 6.5], "rotation": 90, "texture": "#3"},
				"down": {"uv": [5.5, 6, 5, 6.5], "rotation": 90, "texture": "#3"}
			}
		},
		{
			"name": "hexadecagon",
			"from": [3.34756, 2.59756, 7.70163],
			"to": [3.84756, 6.34756, 8.29837],
			"rotation": {"angle": 0, "axis": "x", "origin": [3.59756, 4.09756, 8]},
			"faces": {
				"north": {"uv": [5.5, 6, 5, 6.5], "rotation": 90, "texture": "#3"},
				"east": {"uv": [5.5, 6, 5, 6.5], "rotation": 90, "texture": "#3"},
				"south": {"uv": [5.5, 6, 5, 6.5], "rotation": 90, "texture": "#3"},
				"west": {"uv": [5.5, 6, 5, 6.5], "rotation": 90, "texture": "#3"},
				"up": {"uv": [5.5, 6, 5, 6.5], "rotation": 90, "texture": "#3"},
				"down": {"uv": [5.5, 6, 5, 6.5], "rotation": 90, "texture": "#3"}
			}
		},
		{
			"name": "hexadecagon",
			"from": [3.34756, 2.59756, 7.70163],
			"to": [3.84756, 5.59756, 8.29837],
			"rotation": {"angle": 22.5, "axis": "x", "origin": [3.59756, 4.09756, 8]},
			"faces": {
				"east": {"uv": [5.5, 6, 5, 6.5], "rotation": 90, "texture": "#3"},
				"west": {"uv": [5.5, 6, 5, 6.5], "rotation": 90, "texture": "#3"},
				"up": {"uv": [5.5, 6, 5, 6.5], "rotation": 90, "texture": "#3"},
				"down": {"uv": [5.5, 6, 5, 6.5], "rotation": 90, "texture": "#3"}
			}
		},
		{
			"name": "hexadecagon",
			"from": [3.34818, 5.11731, 6.76921],
			"to": [3.84818, 5.58905, 7.26921],
			"rotation": {"angle": 22.5, "axis": "x", "origin": [3.59818, 3.41568, 8.17165]},
			"faces": {
				"north": {"uv": [5.5, 6, 5, 6.5], "rotation": 90, "texture": "#3"},
				"east": {"uv": [5.5, 6, 5, 6.5], "rotation": 90, "texture": "#3"},
				"west": {"uv": [5.5, 6, 5, 6.5], "rotation": 90, "texture": "#3"}
			}
		},
		{
			"name": "hexadecagon",
			"from": [3.34818, 5.11731, 8.73079],
			"to": [3.84818, 5.71405, 9.23079],
			"rotation": {"angle": -22.5, "axis": "x", "origin": [3.59818, 3.41568, 7.82835]},
			"faces": {
				"east": {"uv": [5.5, 6, 5, 6.5], "rotation": 90, "texture": "#3"},
				"south": {"uv": [5.5, 6, 5, 6.5], "rotation": 90, "texture": "#3"},
				"west": {"uv": [5.5, 6, 5, 6.5], "rotation": 90, "texture": "#3"}
			}
		},
		{
			"name": "hexadecagon",
			"from": [3.34756, 3.79919, 6.5],
			"to": [3.84756, 4.39593, 9.5],
			"rotation": {"angle": 45, "axis": "x", "origin": [3.59756, 4.09756, 8]},
			"faces": {
				"north": {"uv": [5.5, 6, 5, 6.5], "rotation": 90, "texture": "#3"},
				"east": {"uv": [5.5, 6, 5, 6.5], "rotation": 90, "texture": "#3"},
				"south": {"uv": [5.5, 6, 5, 6.5], "rotation": 90, "texture": "#3"},
				"west": {"uv": [5.5, 6, 5, 6.5], "rotation": 90, "texture": "#3"}
			}
		},
		{
			"name": "hexadecagon",
			"from": [3.34756, 4.44297, 8.47975],
			"to": [3.84756, 4.99093, 8.97975],
			"rotation": {"angle": -45, "axis": "x", "origin": [3.59756, 4.51878, 7.57731]},
			"faces": {
				"east": {"uv": [5.5, 6, 5, 6.5], "rotation": 90, "texture": "#3"},
				"south": {"uv": [5.5, 6, 5, 6.5], "rotation": 90, "texture": "#3"},
				"west": {"uv": [5.5, 6, 5, 6.5], "rotation": 90, "texture": "#3"}
			}
		},
		{
			"from": [3.19512, 3.60366, 7.5],
			"to": [12.80488, 4.60366, 8.5],
			"faces": {
				"east": {"uv": [16, 0, 0, 16], "texture": "#0"},
				"west": {"uv": [0, 0, 16, 16], "texture": "#0"}
			}
		}
	],
	"display": {
		"thirdperson_righthand": {
			"rotation": [67, 0, 0],
			"translation": [0, -2.5, -1],
			"scale": [1, 1.2, 1.2]
		},
		"thirdperson_lefthand": {
			"rotation": [67, 0, 0],
			"translation": [0, -2.5, -1],
			"scale": [1, 1.2, 1.2]
		},
		"firstperson_righthand": {
			"translation": [0, -2, 0],
			"scale": [1, 1.2, 1.2]
		},
		"firstperson_lefthand": {
			"translation": [0, -2, 0],
			"scale": [1, 1.2, 1.2]
		},
		"ground": {
			"translation": [0, 4.75, 0],
			"scale": [1.6, 1.6, 1.6]
		},
		"gui": {
			"rotation": [30, 135, 0],
			"translation": [0, 3.5, -1],
			"scale": [1.6, 1.6, 1.6]
		},
		"head": {
			"translation": [0, 5, 0],
			"scale": [1.9, 1.9, 1.9]
		},
		"fixed": {
			"translation": [0, 3.5, -0.75],
			"scale": [1.7, 1.7, 1.7]
		}
	},
	"groups": [
		{
			"name": "middle right",
			"origin": [8, 8, 8],
			"children": [0, 1, 2, 3, 4, 5, 6, 7]
		},
		{
			"name": "inner right",
			"origin": [8, 8, 8],
			"children": [8, 9, 10, 11, 12, 13, 14, 15, 16, 17, 18, 19, 20, 21, 22, 23]
		},
		{
			"name": "outer right",
			"origin": [8, 8, 8],
			"children": [24, 25, 26, 27, 28, 29, 30, 31, 32, 33, 34, 35]
		},
		{
			"name": "top",
			"origin": [8, 8, 8],
			"children": [36, 37, 38, 39, 40, 41, 42, 43, 44, 45, 46]
		},
		{
			"name": "mic",
			"origin": [8, 8, 8],
			"children": [47, 48, 49, 50]
		},
		{
			"name": "middle left",
			"origin": [8, 8, 8],
			"children": [51, 52, 53, 54, 55, 56, 57, 58]
		},
		{
			"name": "inner left",
			"origin": [8, 8, 8],
			"children": [59, 60, 61, 62, 63, 64, 65, 66, 67, 68, 69, 70, 71, 72, 73, 74]
		},
		{
			"name": "outer left",
			"origin": [8, 8, 8],
			"children": [75, 76, 77, 78, 79, 80, 81, 82, 83, 84, 85, 86]
		}, 87]
}