{
	"credit": "Made with Blockbench",
	"textures": {
		"1": "hat/misc/bird_master"
	},
	"elements": [
		{
			"from": [2, 0, 2],
			"to": [14, 1, 14],
			"faces": {
				"north": {"uv": [0, 15.5, 6, 16], "texture": "#1"},
				"east": {"uv": [0, 15.5, 6, 16], "texture": "#1"},
				"south": {"uv": [0, 15.5, 6, 16], "texture": "#1"},
				"west": {"uv": [0, 15.5, 6, 16], "texture": "#1"},
				"up": {"uv": [0, 10, 6, 16], "texture": "#1"},
				"down": {"uv": [0, 10, 6, 16], "texture": "#1"}
			}
		},
		{
			"from": [4.75, 9, 2],
			"to": [8.75, 10, 5],
			"rotation": {"angle": 22.5, "axis": "z", "origin": [8, 8, 8]},
			"faces": {
				"north": {"uv": [1, 1.5, 3, 2], "rotation": 180, "texture": "#1"},
				"east": {"uv": [0, 0, 1.5, 0.5], "texture": "#1"},
				"west": {"uv": [1, 1.5, 2.5, 2], "texture": "#1"},
				"up": {"uv": [2, 0.5, 4, 2], "rotation": 180, "texture": "#1"},
				"down": {"uv": [2, 0.5, 4, 2], "texture": "#1"}
			}
		},
		{
			"from": [4, 1, 4],
			"to": [12, 11, 12],
			"faces": {
				"north": {"uv": [4, 4, 8, 9], "texture": "#1"},
				"east": {"uv": [0, 4, 4, 9], "texture": "#1"},
				"south": {"uv": [12, 4, 16, 9], "texture": "#1"},
				"west": {"uv": [8, 4, 12, 9], "texture": "#1"},
				"up": {"uv": [4, 0, 8, 4], "texture": "#1"}
			}
		},
		{
			"from": [8.5, 12.25, 0],
			"to": [9.5, 14.25, 1],
			"rotation": {"angle": -22.5, "axis": "z", "origin": [7, 9, 7]},
			"faces": {
				"north": {"uv": [8.5, 9.5, 9, 10.5], "texture": "#1"},
				"east": {"uv": [8.5, 9.5, 9, 10.5], "texture": "#1"},
				"south": {"uv": [8.5, 9.5, 9, 10.5], "texture": "#1"},
				"west": {"uv": [8.5, 9.5, 9, 10.5], "texture": "#1"},
				"down": {"uv": [8.5, 10, 9, 10.5], "texture": "#1"}
			}
		},
		{
			"from": [7.5, 5.75, -0.75],
			"to": [8.5, 7.75, 0.25],
			"faces": {
				"west": {"uv": [7, 12, 7.5, 13], "texture": "#1"},
				"down": {"uv": [8, 10, 8.5, 10.5], "texture": "#1"}
			}
		},
		{
			"from": [7.5, 5.75, 0.75],
			"to": [8.5, 7.75, 1.75],
			"faces": {
				"west": {"uv": [7, 12, 7.5, 13], "texture": "#1"},
				"down": {"uv": [8, 10, 8.5, 10.5], "texture": "#1"}
			}
		},
		{
			"from": [6.75, 11.25, 15.5],
			"to": [9.75, 16.25, 15.5],
			"rotation": {"angle": -22.5, "axis": "z", "origin": [7, 9, 7]},
			"faces": {
				"north": {"uv": [10, 9, 12, 11.5], "texture": "#1"}
			}
		},
		{
			"from": [5.5, 14.25, 0.5],
			"to": [8.5, 19.25, 0.5],
			"rotation": {"angle": -22.5, "axis": "z", "origin": [7, 9, 7]},
			"faces": {
				"north": {"uv": [10, 9, 12, 11.5], "texture": "#1"}
			}
		},
		{
			"from": [6.5, 14.25, -0.5],
			"to": [9.5, 15.25, 1.5],
			"rotation": {"angle": -22.5, "axis": "z", "origin": [7, 9, 7]},
			"faces": {
				"north": {"uv": [11, 12, 12.5, 12.5], "texture": "#1"},
				"east": {"uv": [10, 12, 11, 12.5], "texture": "#1"},
				"south": {"uv": [12.5, 12, 14, 12.5], "texture": "#1"},
				"west": {"uv": [10, 12, 11, 12.5], "texture": "#1"},
				"up": {"uv": [10, 12, 10.5, 12.5], "texture": "#1"},
				"down": {"uv": [10, 12, 10.5, 12.5], "texture": "#1"}
			}
		},
		{
			"from": [6.5, 11.25, -0.5],
			"to": [8.5, 14.25, 1.5],
			"rotation": {"angle": -22.5, "axis": "z", "origin": [7, 9, 7]},
			"faces": {
				"north": {"uv": [8, 12, 9, 13.5], "texture": "#1"},
				"east": {"uv": [7, 12, 8, 13.5], "texture": "#1"},
				"south": {"uv": [6, 12, 7, 13.5], "texture": "#1"},
				"west": {"uv": [9, 12, 10, 13.5], "texture": "#1"}
			}
		},
		{
			"from": [5.25, 7, 1.25],
			"to": [8.25, 12, 2.25],
			"rotation": {"angle": -45, "axis": "z", "origin": [7, 9, 7]},
			"faces": {
				"north": {"uv": [14, 13.5, 15.5, 16], "texture": "#1"},
				"east": {"uv": [13.5, 13.5, 14, 16], "texture": "#1"},
				"south": {"uv": [12, 13.5, 13.5, 16], "texture": "#1"},
				"west": {"uv": [15.5, 13.5, 16, 16], "texture": "#1"},
				"up": {"uv": [11, 14.5, 11.5, 16], "texture": "#1"},
				"down": {"uv": [11.5, 14.5, 12, 16], "rotation": 90, "texture": "#1"}
			}
		},
		{
			"from": [5.25, 7, -1.25],
			"to": [8.25, 12, -0.25],
			"rotation": {"angle": -45, "axis": "z", "origin": [7, 9, 7]},
			"faces": {
				"north": {"uv": [14, 13.5, 15.5, 16], "texture": "#1"},
				"east": {"uv": [13.5, 13.5, 14, 16], "texture": "#1"},
				"south": {"uv": [12, 13.5, 13.5, 16], "texture": "#1"},
				"west": {"uv": [15.5, 13.5, 16, 16], "texture": "#1"},
				"up": {"uv": [11, 14.5, 11.5, 16], "texture": "#1"},
				"down": {"uv": [11.5, 14.5, 12, 16], "rotation": 90, "texture": "#1"}
			}
		},
		{
			"from": [6, 6.75, -0.75],
			"to": [9, 11.75, 1.75],
			"rotation": {"angle": -22.5, "axis": "z", "origin": [7, 9, 7]},
			"faces": {
				"north": {"uv": [12, 11.5, 12.5, 12], "texture": "#1"},
				"east": {"uv": [12, 11.5, 12.5, 12], "texture": "#1"},
				"south": {"uv": [12, 11.5, 12.5, 12], "texture": "#1"},
				"west": {"uv": [12, 11.5, 12.5, 12], "texture": "#1"},
				"up": {"uv": [12, 11.5, 12.5, 12], "texture": "#1"},
				"down": {"uv": [12, 11.5, 12.5, 12], "texture": "#1"}
			}
		},
		{
			"from": [5.25, 3.25, -0.75],
			"to": [6.25, 7.25, 1.75],
			"faces": {
				"north": {"uv": [12, 2, 12.5, 4], "texture": "#1"},
				"east": {"uv": [14.5, 2, 16, 4], "texture": "#1"},
				"south": {"uv": [14, 2, 14.5, 4], "texture": "#1"},
				"west": {"uv": [12.5, 2, 14, 4], "texture": "#1"},
				"up": {"uv": [12, 11.5, 12.5, 12], "rotation": 180, "texture": "#1"},
				"down": {"uv": [14, 1.5, 15.5, 2], "rotation": 270, "texture": "#1"}
			}
		},
		{
			"from": [7.25, 9, 2],
			"to": [11.25, 10, 5],
			"rotation": {"angle": -22.5, "axis": "z", "origin": [8, 8, 8]},
			"faces": {
				"north": {"uv": [1, 1.5, 3, 2], "texture": "#1"},
				"east": {"uv": [1, 1.5, 2.5, 2], "texture": "#1"},
				"west": {"uv": [0, 0, 1.5, 0.5], "texture": "#1"},
				"up": {"uv": [2, 0.5, 4, 2], "rotation": 180, "texture": "#1"},
				"down": {"uv": [2, 0.5, 4, 2], "texture": "#1"}
			}
		},
		{
			"from": [6, 5, 3],
			"to": [10, 9, 4],
			"faces": {
				"north": {"uv": [6, 9, 8, 11], "texture": "#1"},
				"east": {"uv": [6, 9, 6.5, 11], "texture": "#1"},
				"west": {"uv": [6, 9, 8, 9.5], "texture": "#1"},
				"up": {"uv": [4, 0, 8, 4], "texture": "#1"},
				"down": {"uv": [6, 9, 8, 9.5], "texture": "#1"}
			}
		},
		{
			"from": [7.5, 4.7, 0],
			"to": [8.5, 5.7, 6],
			"faces": {
				"north": {"uv": [1.5, 0, 2, 0.5], "texture": "#1"},
				"east": {"uv": [1, 2.5, 3.5, 3], "texture": "#1"},
				"west": {"uv": [0.5, 0.5, 3, 1], "texture": "#1"},
				"up": {"uv": [1, 0.5, 3.5, 1], "rotation": 90, "texture": "#1"},
				"down": {"uv": [1.5, 0.5, 4, 1], "rotation": 270, "texture": "#1"}
			}
		},
		{
			"from": [8.5, 9.25, 15],
			"to": [9.5, 11.25, 16],
			"rotation": {"angle": -22.5, "axis": "z", "origin": [7, 6, 9]},
			"faces": {
				"north": {"uv": [9, 9.5, 8.5, 10.5], "texture": "#1"},
				"east": {"uv": [9, 9.5, 8.5, 10.5], "texture": "#1"},
				"south": {"uv": [9, 9.5, 8.5, 10.5], "texture": "#1"},
				"west": {"uv": [9, 9.5, 8.5, 10.5], "texture": "#1"},
				"down": {"uv": [8.5, 10.5, 9, 10], "texture": "#1"}
			}
		},
		{
			"from": [7.5, 2.75, 15.75],
			"to": [8.5, 4.75, 16.75],
			"faces": {
				"west": {"uv": [7.5, 12, 7, 13], "texture": "#1"},
				"down": {"uv": [8, 10.5, 8.5, 10], "texture": "#1"}
			}
		},
		{
			"from": [7.5, 2.75, 14.25],
			"to": [8.5, 4.75, 15.25],
			"faces": {
				"west": {"uv": [7.5, 12, 7, 13], "texture": "#1"},
				"down": {"uv": [8, 10.5, 8.5, 10], "texture": "#1"}
			}
		},
		{
			"from": [6.5, 11.25, 14.5],
			"to": [9.5, 12.25, 16.5],
			"rotation": {"angle": -22.5, "axis": "z", "origin": [7, 6, 9]},
			"faces": {
				"north": {"uv": [14, 12, 12.5, 12.5], "texture": "#1"},
				"east": {"uv": [11, 12, 10, 12.5], "texture": "#1"},
				"south": {"uv": [12.5, 12, 11, 12.5], "texture": "#1"},
				"west": {"uv": [11, 12, 10, 12.5], "texture": "#1"},
				"up": {"uv": [10, 12.5, 10.5, 12], "texture": "#1"},
				"down": {"uv": [10, 12.5, 10.5, 12], "texture": "#1"}
			}
		},
		{
			"from": [6.5, 8.25, 14.5],
			"to": [8.5, 11.25, 16.5],
			"rotation": {"angle": -22.5, "axis": "z", "origin": [7, 6, 9]},
			"faces": {
				"north": {"uv": [7, 12, 6, 13.5], "texture": "#1"},
				"east": {"uv": [8, 12, 7, 13.5], "texture": "#1"},
				"south": {"uv": [9, 12, 8, 13.5], "texture": "#1"},
				"west": {"uv": [10, 12, 9, 13.5], "texture": "#1"}
			}
		},
		{
			"from": [5.25, 4, 13.75],
			"to": [8.25, 9, 14.75],
			"rotation": {"angle": -45, "axis": "z", "origin": [7, 6, 9]},
			"faces": {
				"north": {"uv": [13.5, 13.5, 12, 16], "texture": "#1"},
				"east": {"uv": [14, 13.5, 13.5, 16], "texture": "#1"},
				"south": {"uv": [15.5, 13.5, 14, 16], "texture": "#1"},
				"west": {"uv": [16, 13.5, 15.5, 16], "texture": "#1"},
				"up": {"uv": [11, 16, 11.5, 14.5], "texture": "#1"},
				"down": {"uv": [12, 14.5, 11.5, 16], "rotation": 90, "texture": "#1"}
			}
		},
		{
			"from": [5.25, 4, 16.25],
			"to": [8.25, 9, 17.25],
			"rotation": {"angle": -45, "axis": "z", "origin": [7, 6, 9]},
			"faces": {
				"north": {"uv": [13.5, 13.5, 12, 16], "texture": "#1"},
				"east": {"uv": [14, 13.5, 13.5, 16], "texture": "#1"},
				"south": {"uv": [15.5, 13.5, 14, 16], "texture": "#1"},
				"west": {"uv": [16, 13.5, 15.5, 16], "texture": "#1"},
				"up": {"uv": [11, 16, 11.5, 14.5], "texture": "#1"},
				"down": {"uv": [12, 14.5, 11.5, 16], "rotation": 90, "texture": "#1"}
			}
		},
		{
			"from": [6, 3.75, 14.25],
			"to": [9, 8.75, 16.75],
			"rotation": {"angle": -22.5, "axis": "z", "origin": [7, 6, 9]},
			"faces": {
				"north": {"uv": [12.5, 11.5, 12, 12], "texture": "#1"},
				"east": {"uv": [12.5, 11.5, 12, 12], "texture": "#1"},
				"south": {"uv": [12.5, 11.5, 12, 12], "texture": "#1"},
				"west": {"uv": [12.5, 11.5, 12, 12], "texture": "#1"},
				"up": {"uv": [12, 12, 12.5, 11.5], "texture": "#1"},
				"down": {"uv": [12, 12, 12.5, 11.5], "texture": "#1"}
			}
		},
		{
			"from": [5.25, 0.25, 14.25],
			"to": [6.25, 4.25, 16.75],
			"faces": {
				"north": {"uv": [14.5, 2, 14, 4], "texture": "#1"},
				"east": {"uv": [16, 2, 14.5, 4], "texture": "#1"},
				"south": {"uv": [12.5, 2, 12, 4], "texture": "#1"},
				"west": {"uv": [14, 2, 12.5, 4], "texture": "#1"},
				"up": {"uv": [12, 12, 12.5, 11.5], "rotation": 180, "texture": "#1"},
				"down": {"uv": [15.5, 1.5, 14, 2], "rotation": 270, "texture": "#1"}
			}
		},
		{
			"from": [7.25, 6, 11],
			"to": [11.25, 7, 14],
			"rotation": {"angle": -22.5, "axis": "z", "origin": [8, 5, 8]},
			"faces": {
				"east": {"uv": [2.5, 1.5, 1, 2], "texture": "#1"},
				"south": {"uv": [3, 1.5, 1, 2], "texture": "#1"},
				"west": {"uv": [1.5, 0, 0, 0.5], "texture": "#1"},
				"up": {"uv": [2, 2, 4, 0.5], "rotation": 180, "texture": "#1"},
				"down": {"uv": [2, 2, 4, 0.5], "texture": "#1"}
			}
		},
		{
			"from": [6, 2, 12],
			"to": [10, 6, 13],
			"faces": {
				"east": {"uv": [6.5, 9, 6, 11], "texture": "#1"},
				"south": {"uv": [8, 9, 6, 11], "texture": "#1"},
				"west": {"uv": [8, 9, 6, 9.5], "texture": "#1"},
				"up": {"uv": [4, 4, 8, 0], "texture": "#1"},
				"down": {"uv": [6, 9.5, 8, 9], "texture": "#1"}
			}
		},
		{
			"from": [7.5, 1.7, 10],
			"to": [8.5, 2.7, 16],
			"faces": {
				"east": {"uv": [3.5, 2.5, 1, 3], "texture": "#1"},
				"south": {"uv": [2, 0, 1.5, 0.5], "texture": "#1"},
				"west": {"uv": [3, 0.5, 0.5, 1], "texture": "#1"},
				"up": {"uv": [3.5, 0.5, 1, 1], "rotation": 90, "texture": "#1"},
				"down": {"uv": [4, 0.5, 1.5, 1], "rotation": 270, "texture": "#1"}
			}
		}
	],
	"display": {
		"head": {
			"scale": [1.85, 1.85, 1.85],
			"translation": [0, 15, 0.6],
			"rotation": [3.5, 90, 0]
		},
		"thirdperson_righthand": {
			"scale": [0.6, 0.6, 0.6],
			"translation": [0, 0, 0],
			"rotation": [0, 90, 0]
		},
		"gui": {
			"rotation": [30, -135, 0],
			"scale": [0.8, 0.8, 0.8],
			"translation": [0, 0.9, 0]
		},
		"thirdperson_lefthand": {
			"scale": [0.6, 0.6, 0.6],
			"rotation": [0, -90, 0]
		},
		"firstperson_righthand": {
			"rotation": [0, 90, 0]
		},
		"firstperson_lefthand": {
			"rotation": [0, -90, 0]
		},
		"ground": {
			"translation": [0, 3, 0]
		},
		"fixed": {
			"rotation": [-90, 0, 0],
			"scale": [4, 4, 4],
			"translation": [0, 0, -27.5]
		}
	},
	"groups": [
		{
			"name": "group",
			"isOpen": true,
			"export": true,
			"visibility": true,
			"children": [0, 1, 2]
		},
		{
			"name": "group",
			"isOpen": true,
			"export": true,
			"visibility": true,
			"children": [
				{
					"name": "bird",
					"isOpen": true,
					"export": true,
					"visibility": true,
					"children": [3, 4, 5, 6, 7, 8, 9, 10, 11, 12, 13]
				},
				{
					"name": "house",
					"isOpen": true,
					"export": true,
					"visibility": true,
					"children": [14, 15, 16]
				}
			]
		},
		{
			"name": "group",
			"isOpen": true,
			"export": true,
			"visibility": true,
			"children": [
				{
					"name": "bird",
					"isOpen": true,
					"export": true,
					"visibility": true,
					"children": [17, 18, 19, 20, 21, 22, 23, 24, 25]
				},
				{
					"name": "house",
					"isOpen": true,
					"export": true,
					"visibility": true,
					"children": [26, 27, 28]
				}
			]
		}
	]
}