{
	"credit": "Made with Blockbench",
	"textures": {
		"0": "hat/misc/boot"
	},
	"elements": [
		{
			"from": [5, 0, 1],
			"to": [11, 5, 7],
			"faces": {
				"north": {"uv": [7, 1, 1, 6], "rotation": 180, "texture": "#0"},
				"east": {"uv": [6, 1, 0, 6], "rotation": 180, "texture": "#0"},
				"south": {"uv": [6, 1, 0, 6], "texture": "#0"},
				"west": {"uv": [6, 1, 0, 6], "rotation": 180, "texture": "#0"},
				"up": {"uv": [10, 1, 16, 7], "texture": "#0"},
				"down": {"uv": [0, 16, 6, 10], "rotation": 270, "texture": "#0"}
			}
		},
		{
			"from": [5.1, -0.95, 6.6],
			"to": [10.9, 0.15, 9.9],
			"rotation": {"angle": -22.5, "axis": "x", "origin": [8, 0.5, 4.5]},
			"faces": {
				"east": {"uv": [3, 1, 0, 2], "texture": "#0"},
				"west": {"uv": [3, 1, 0, 2], "texture": "#0"},
				"down": {"uv": [1, 16, 4, 10], "rotation": 90, "texture": "#0"}
			}
		},
		{
			"from": [5, 0, 9],
			"to": [11, 9, 15],
			"faces": {
				"north": {"uv": [10, 0, 16, 9], "rotation": 180, "texture": "#0"},
				"east": {"uv": [1, 1, 7, 10], "rotation": 180, "texture": "#0"},
				"south": {"uv": [8, 1, 2, 10], "rotation": 180, "texture": "#0"},
				"west": {"uv": [1, 1, 7, 10], "rotation": 180, "texture": "#0"},
				"up": {"uv": [16, 10, 10, 16], "rotation": 180, "texture": "#0"},
				"down": {"uv": [1, 16, 7, 10], "rotation": 270, "texture": "#0"}
			}
		},
		{
			"from": [5, 1, 7],
			"to": [11, 6, 9],
			"faces": {
				"north": {"uv": [16, 1, 10, 3], "rotation": 180, "texture": "#0"},
				"east": {"uv": [7, 2, 5, 7], "rotation": 180, "texture": "#0"},
				"south": {"uv": [6, 0, 0, 5], "texture": "#0"},
				"west": {"uv": [7, 2, 5, 7], "rotation": 180, "texture": "#0"},
				"up": {"uv": [16, 3, 10, 5], "rotation": 180, "texture": "#0"},
				"down": {"uv": [6, 0, 0, 3], "texture": "#0"}
			}
		}
	],
	"display": {
		"thirdperson_righthand": {
			"rotation": [90, 0, 0],
			"translation": [0, 0, 5],
			"scale": [0.6, 0.6, 0.6]
		},
		"thirdperson_lefthand": {
			"rotation": [90, 0, 0],
			"translation": [0, 0, 5],
			"scale": [0.6, 0.6, 0.6]
		},
		"firstperson_righthand": {
			"translation": [0, 3.75, 0],
			"scale": [0.7, 0.7, 0.6]
		},
		"firstperson_lefthand": {
			"translation": [0, 3.75, 0],
			"scale": [0.7, 0.7, 0.6]
		},
		"ground": {
			"translation": [0, 4, 0],
			"scale": [0.8, 0.8, 0.8]
		},
		"gui": {
			"rotation": [30, 135, 0],
			"translation": [0.5, 1.75, 0],
			"scale": [0.8, 0.8, 0.8]
		},
		"head": {
			"translation": [0, 14, 0]
		},
		"fixed": {
			"rotation": [-90, 0, 0],
			"translation": [0, 0, -15.25],
			"scale": [2, 2, 2]
		}
	}
}