{
	"credit": "Made with Blockbench",
	"textures": {
		"1": "hat/misc/bottomless_bucket_of_chicken"
	},
	"elements": [
		{
			"from": [10, -0.5, 3.1],
			"to": [17, 7.5, 12.9],
			"rotation": {"angle": -22.5, "axis": "z", "origin": [17, 7.5, 8]},
			"faces": {
				"north": {"uv": [0, 0.5, 3.5, 0], "texture": "#1"},
				"east": {"uv": [3.5, 3.5, 0, 0.5], "texture": "#1"},
				"south": {"uv": [0, 0.5, 3.5, 0], "texture": "#1"}
			}
		},
		{
			"from": [4, 0, 3],
			"to": [14, 1, 13],
			"faces": {
				"north": {"uv": [0, 0.5, 3.5, 0], "texture": "#1"},
				"east": {"uv": [0, 0.5, 3.5, 0], "texture": "#1"},
				"south": {"uv": [0, 0.5, 3.5, 0], "texture": "#1"},
				"west": {"uv": [0, 0.5, 3.5, 0], "texture": "#1"},
				"down": {"uv": [0, 3.5, 3.5, 0], "texture": "#1"}
			}
		},
		{
			"from": [1, -0.5, 3.1],
			"to": [8, 7.5, 12.9],
			"rotation": {"angle": 22.5, "axis": "z", "origin": [1, 7.5, 8]},
			"faces": {
				"north": {"uv": [3.5, 0.5, 0, 0], "texture": "#1"},
				"south": {"uv": [3.5, 0.5, 0, 0], "texture": "#1"},
				"west": {"uv": [3.5, 3.5, 0, 0.5], "texture": "#1"}
			}
		},
		{
			"from": [4, 7.5, 0],
			"to": [14, 11.5, 3],
			"faces": {
				"north": {"uv": [0, 1.5, 3.5, 0], "rotation": 180, "texture": "#1"},
				"east": {"uv": [2.1, 1.5, 3.5, 0], "texture": "#1"},
				"west": {"uv": [2.1, 1, 3.5, 0], "rotation": 180, "texture": "#1"},
				"down": {"uv": [2.1, 1, 3.5, 0], "rotation": 90, "texture": "#1"}
			}
		},
		{
			"from": [4.1, -0.5, 0],
			"to": [13.9, 7.5, 7],
			"rotation": {"angle": -22.5, "axis": "x", "origin": [9, 7.5, 0]},
			"faces": {
				"north": {"uv": [3.5, 3.5, 0, 0.5], "texture": "#1"},
				"east": {"uv": [3.5, 0.5, 0, 0], "texture": "#1"},
				"west": {"uv": [3.5, 0.5, 0, 0], "texture": "#1"}
			}
		},
		{
			"from": [4.1, -0.5, 9],
			"to": [13.9, 7.5, 16],
			"rotation": {"angle": 22.5, "axis": "x", "origin": [9, 7.5, 16]},
			"faces": {
				"east": {"uv": [0, 0.5, 3.5, 0], "texture": "#1"},
				"south": {"uv": [3.5, 3.5, 0, 0.5], "texture": "#1"},
				"west": {"uv": [0, 0.5, 3.5, 0], "texture": "#1"}
			}
		},
		{
			"from": [4, 7.5, 13],
			"to": [14, 11.5, 16],
			"faces": {
				"east": {"uv": [2.1, 1.5, 3.5, 0], "rotation": 180, "texture": "#1"},
				"south": {"uv": [0, 1.5, 3.5, 0], "rotation": 180, "texture": "#1"},
				"west": {"uv": [2.1, 1.5, 3.5, 0], "texture": "#1"},
				"down": {"uv": [2.1, 1, 3.5, 0], "rotation": 270, "texture": "#1"}
			}
		},
		{
			"from": [14, 7.5, 3],
			"to": [17, 11.5, 13],
			"faces": {
				"north": {"uv": [2.15, 1.5, 3.5, 0], "rotation": 180, "texture": "#1"},
				"east": {"uv": [0, 1.5, 3.5, 0], "rotation": 180, "texture": "#1"},
				"south": {"uv": [2.1, 1.5, 3.5, 0], "texture": "#1"},
				"down": {"uv": [2.1, 1, 3.5, 0], "texture": "#1"}
			}
		},
		{
			"from": [1, 10, 3],
			"to": [4, 10, 13],
			"faces": {
				"up": {"uv": [0, 9.5, 1.5, 14.5], "texture": "#1"}
			}
		},
		{
			"from": [4, 10, 0],
			"to": [14, 10, 16],
			"faces": {
				"up": {"uv": [1.5, 8, 6.5, 16], "texture": "#1"}
			}
		},
		{
			"from": [1, 7.5, 3],
			"to": [4, 11.5, 13],
			"faces": {
				"north": {"uv": [2.1, 1.5, 3.5, 0], "texture": "#1"},
				"south": {"uv": [2.1, 1.5, 3.5, 0], "rotation": 180, "texture": "#1"},
				"west": {"uv": [3.5, 1.5, 0, 0], "rotation": 180, "texture": "#1"},
				"down": {"uv": [2.1, 1, 3.5, 0], "rotation": 180, "texture": "#1"}
			}
		},
		{
			"from": [14, 10, 3],
			"to": [17, 10, 13],
			"faces": {
				"up": {"uv": [6.5, 9.5, 8, 14.5], "texture": "#1"}
			}
		},
		{
			"name": "kfc_1",
			"from": [9, 10, 8],
			"to": [12, 11, 14],
			"faces": {
				"north": {"uv": [6.5, 0, 5, 0.5], "texture": "#1"},
				"east": {"uv": [6, 0, 6.5, 3], "rotation": 90, "texture": "#1"},
				"south": {"uv": [5, 2.5, 6.5, 3], "texture": "#1"},
				"west": {"uv": [5, 0, 5.5, 3], "rotation": 270, "texture": "#1"},
				"up": {"uv": [5, 0, 6.5, 3], "texture": "#1"},
				"down": {"uv": [5, 3, 6.5, 0], "texture": "#1"}
			}
		},
		{
			"name": "kfc_2",
			"from": [8, 10, 9],
			"to": [9, 11, 15],
			"faces": {
				"north": {"uv": [5, 0.5, 4.5, 1], "texture": "#1"},
				"east": {"uv": [4.5, 0.5, 5, 3.5], "rotation": 90, "texture": "#1"},
				"south": {"uv": [4.5, 3, 5, 3.5], "texture": "#1"},
				"west": {"uv": [4.5, 0.5, 5, 3.5], "rotation": 270, "texture": "#1"},
				"up": {"uv": [4.5, 0.5, 5, 3.5], "texture": "#1"},
				"down": {"uv": [4.5, 3.5, 5, 0.5], "texture": "#1"}
			}
		},
		{
			"name": "kfc_3",
			"from": [12, 10, 9],
			"to": [13, 11, 13],
			"faces": {
				"north": {"uv": [7, 0.5, 6.5, 1], "texture": "#1"},
				"east": {"uv": [6.5, 0.5, 7, 2.5], "rotation": 90, "texture": "#1"},
				"south": {"uv": [6.5, 2, 7, 2.5], "texture": "#1"},
				"west": {"uv": [6.5, 0.5, 7, 2.5], "rotation": 270, "texture": "#1"},
				"up": {"uv": [6.5, 0.5, 7, 2.5], "texture": "#1"},
				"down": {"uv": [6.5, 2.5, 7, 0.5], "texture": "#1"}
			}
		},
		{
			"name": "kfc_4",
			"from": [7, 10, 12],
			"to": [8, 11, 15],
			"faces": {
				"north": {"uv": [4.5, 2, 4, 2.5], "texture": "#1"},
				"east": {"uv": [4, 2, 4.5, 3.5], "rotation": 90, "texture": "#1"},
				"south": {"uv": [4, 3, 4.5, 3.5], "texture": "#1"},
				"west": {"uv": [4, 2, 4.5, 3.5], "rotation": 270, "texture": "#1"},
				"up": {"uv": [4, 2, 4.5, 3.5], "texture": "#1"},
				"down": {"uv": [4, 3.5, 4.5, 2], "texture": "#1"}
			}
		},
		{
			"name": "kfc_5",
			"from": [6, 10, 13],
			"to": [7, 11, 15],
			"faces": {
				"north": {"uv": [4, 2.5, 3.5, 3], "texture": "#1"},
				"east": {"uv": [3.5, 2.5, 4, 3.5], "rotation": 90, "texture": "#1"},
				"south": {"uv": [3.5, 3, 4, 3.5], "texture": "#1"},
				"west": {"uv": [3.5, 2.5, 4, 3.5], "rotation": 270, "texture": "#1"},
				"up": {"uv": [3.5, 2.5, 4, 3.5], "texture": "#1"},
				"down": {"uv": [3.5, 3.5, 4, 2.5], "texture": "#1"}
			}
		},
		{
			"name": "kfc_6",
			"from": [9, 10, 14],
			"to": [10, 11, 15],
			"faces": {
				"north": {"uv": [5.5, 3, 5, 3.5], "texture": "#1"},
				"east": {"uv": [5, 3, 5.5, 3.5], "rotation": 90, "texture": "#1"},
				"south": {"uv": [5, 3, 5.5, 3.5], "texture": "#1"},
				"west": {"uv": [5, 3, 5.5, 3.5], "rotation": 270, "texture": "#1"},
				"up": {"uv": [5, 3, 5.5, 3.5], "texture": "#1"},
				"down": {"uv": [5, 3.5, 5.5, 3], "texture": "#1"}
			}
		},
		{
			"name": "kfc_2",
			"from": [6, 10, 4],
			"to": [12, 11, 7],
			"faces": {
				"north": {"uv": [5, 0, 5.5, 3], "rotation": 270, "texture": "#1"},
				"east": {"uv": [6.5, 0, 5, 0.5], "texture": "#1"},
				"south": {"uv": [6, 0, 6.5, 3], "rotation": 90, "texture": "#1"},
				"west": {"uv": [5, 2.5, 6.5, 3], "texture": "#1"},
				"up": {"uv": [5, 0, 6.5, 3], "rotation": 90, "texture": "#1"},
				"down": {"uv": [5, 3, 6.5, 0], "rotation": 270, "texture": "#1"}
			}
		},
		{
			"name": "kfc_3",
			"from": [5, 10, 3],
			"to": [11, 11, 4],
			"faces": {
				"north": {"uv": [4.5, 0.5, 5, 3.5], "rotation": 270, "texture": "#1"},
				"east": {"uv": [5, 0.5, 4.5, 1], "texture": "#1"},
				"south": {"uv": [4.5, 0.5, 5, 3.5], "rotation": 90, "texture": "#1"},
				"west": {"uv": [4.5, 3, 5, 3.5], "texture": "#1"},
				"up": {"uv": [4.5, 0.5, 5, 3.5], "rotation": 90, "texture": "#1"},
				"down": {"uv": [4.5, 3.5, 5, 0.5], "rotation": 270, "texture": "#1"}
			}
		},
		{
			"name": "kfc_6",
			"from": [5, 10, 1],
			"to": [7, 11, 2],
			"faces": {
				"north": {"uv": [3.5, 2.5, 4, 3.5], "rotation": 270, "texture": "#1"},
				"east": {"uv": [4, 2.5, 3.5, 3], "texture": "#1"},
				"south": {"uv": [3.5, 2.5, 4, 3.5], "rotation": 90, "texture": "#1"},
				"west": {"uv": [3.5, 3, 4, 3.5], "texture": "#1"},
				"up": {"uv": [3.5, 2.5, 4, 3.5], "rotation": 90, "texture": "#1"},
				"down": {"uv": [3.5, 3.5, 4, 2.5], "rotation": 270, "texture": "#1"}
			}
		},
		{
			"name": "kfc_5",
			"from": [5, 10, 2],
			"to": [8, 11, 3],
			"faces": {
				"north": {"uv": [4, 2, 4.5, 3.5], "rotation": 270, "texture": "#1"},
				"east": {"uv": [4.5, 2, 4, 2.5], "texture": "#1"},
				"south": {"uv": [4, 2, 4.5, 3.5], "rotation": 90, "texture": "#1"},
				"west": {"uv": [4, 3, 4.5, 3.5], "texture": "#1"},
				"up": {"uv": [4, 2, 4.5, 3.5], "rotation": 90, "texture": "#1"},
				"down": {"uv": [4, 3.5, 4.5, 2], "rotation": 270, "texture": "#1"}
			}
		},
		{
			"name": "kfc_7",
			"from": [5, 10, 4],
			"to": [6, 11, 5],
			"faces": {
				"north": {"uv": [5, 3, 5.5, 3.5], "rotation": 270, "texture": "#1"},
				"east": {"uv": [5.5, 3, 5, 3.5], "texture": "#1"},
				"south": {"uv": [5, 3, 5.5, 3.5], "rotation": 90, "texture": "#1"},
				"west": {"uv": [5, 3, 5.5, 3.5], "texture": "#1"},
				"up": {"uv": [5, 3, 5.5, 3.5], "rotation": 90, "texture": "#1"},
				"down": {"uv": [5, 3.5, 5.5, 3], "rotation": 270, "texture": "#1"}
			}
		},
		{
			"name": "kfc_4",
			"from": [7, 10, 7],
			"to": [11, 11, 8],
			"faces": {
				"north": {"uv": [6.5, 0.5, 7, 2.5], "rotation": 270, "texture": "#1"},
				"east": {"uv": [7, 0.5, 6.5, 1], "texture": "#1"},
				"south": {"uv": [6.5, 0.5, 7, 2.5], "rotation": 90, "texture": "#1"},
				"west": {"uv": [6.5, 2, 7, 2.5], "texture": "#1"},
				"up": {"uv": [6.5, 0.5, 7, 2.5], "rotation": 90, "texture": "#1"},
				"down": {"uv": [6.5, 2.5, 7, 0.5], "rotation": 270, "texture": "#1"}
			}
		},
		{
			"name": "kfc_3",
			"from": [4, 2, 18],
			"to": [10, 5, 19],
			"rotation": {"angle": 45, "axis": "x", "origin": [-6, 17, 24]},
			"faces": {
				"north": {"uv": [6.5, 3, 5, 0], "rotation": 90, "texture": "#1"},
				"east": {"uv": [5, 0, 6.5, 0.5], "rotation": 270, "texture": "#1"},
				"south": {"uv": [6.5, 0, 5, 3], "rotation": 90, "texture": "#1"},
				"west": {"uv": [6.5, 2.5, 5, 3], "rotation": 90, "texture": "#1"},
				"up": {"uv": [6.5, 0, 6, 3], "rotation": 90, "texture": "#1"},
				"down": {"uv": [5.5, 0, 5, 3], "rotation": 90, "texture": "#1"}
			}
		},
		{
			"name": "kfc_5",
			"from": [5, 5, 18],
			"to": [9, 6, 19],
			"rotation": {"angle": 45, "axis": "x", "origin": [-6, 17, 24]},
			"faces": {
				"north": {"uv": [7, 2.5, 6.5, 0.5], "rotation": 90, "texture": "#1"},
				"east": {"uv": [6.5, 0.5, 7, 1], "rotation": 270, "texture": "#1"},
				"south": {"uv": [7, 0.5, 6.5, 2.5], "rotation": 90, "texture": "#1"},
				"west": {"uv": [7, 2, 6.5, 2.5], "rotation": 90, "texture": "#1"},
				"up": {"uv": [7, 0.5, 6.5, 2.5], "rotation": 90, "texture": "#1"},
				"down": {"uv": [7, 0.5, 6.5, 2.5], "rotation": 90, "texture": "#1"}
			}
		},
		{
			"name": "kfc_8",
			"from": [3, 2, 18],
			"to": [4, 3, 19],
			"rotation": {"angle": 45, "axis": "x", "origin": [-6, 17, 24]},
			"faces": {
				"north": {"uv": [5.5, 3.5, 5, 3], "rotation": 90, "texture": "#1"},
				"east": {"uv": [5, 3, 5.5, 3.5], "rotation": 270, "texture": "#1"},
				"south": {"uv": [5.5, 3, 5, 3.5], "rotation": 90, "texture": "#1"},
				"west": {"uv": [5.5, 3, 5, 3.5], "rotation": 90, "texture": "#1"},
				"up": {"uv": [5.5, 3, 5, 3.5], "rotation": 90, "texture": "#1"},
				"down": {"uv": [5.5, 3, 5, 3.5], "rotation": 90, "texture": "#1"}
			}
		},
		{
			"name": "kfc_6",
			"from": [3, 0, 18],
			"to": [6, 1, 19],
			"rotation": {"angle": 45, "axis": "x", "origin": [-6, 17, 24]},
			"faces": {
				"north": {"uv": [4.5, 3.5, 4, 2], "rotation": 90, "texture": "#1"},
				"east": {"uv": [4, 2, 4.5, 2.5], "rotation": 270, "texture": "#1"},
				"south": {"uv": [4.5, 2, 4, 3.5], "rotation": 90, "texture": "#1"},
				"west": {"uv": [4.5, 3, 4, 3.5], "rotation": 90, "texture": "#1"},
				"up": {"uv": [4.5, 2, 4, 3.5], "rotation": 90, "texture": "#1"},
				"down": {"uv": [4.5, 2, 4, 3.5], "rotation": 90, "texture": "#1"}
			}
		},
		{
			"name": "kfc_4",
			"from": [3, 1, 18],
			"to": [9, 2, 19],
			"rotation": {"angle": 45, "axis": "x", "origin": [-6, 17, 24]},
			"faces": {
				"north": {"uv": [5, 3.5, 4.5, 0.5], "rotation": 90, "texture": "#1"},
				"east": {"uv": [4.5, 0.5, 5, 1], "rotation": 270, "texture": "#1"},
				"south": {"uv": [5, 0.5, 4.5, 3.5], "rotation": 90, "texture": "#1"},
				"west": {"uv": [5, 3, 4.5, 3.5], "rotation": 90, "texture": "#1"},
				"up": {"uv": [5, 0.5, 4.5, 3.5], "rotation": 90, "texture": "#1"},
				"down": {"uv": [5, 0.5, 4.5, 3.5], "rotation": 90, "texture": "#1"}
			}
		},
		{
			"name": "kfc_7",
			"from": [3, -1, 18],
			"to": [5, 0, 19],
			"rotation": {"angle": 45, "axis": "x", "origin": [-6, 17, 24]},
			"faces": {
				"north": {"uv": [4, 3.5, 3.5, 2.5], "rotation": 90, "texture": "#1"},
				"east": {"uv": [3.5, 2.5, 4, 3], "rotation": 270, "texture": "#1"},
				"south": {"uv": [4, 2.5, 3.5, 3.5], "rotation": 90, "texture": "#1"},
				"west": {"uv": [4, 3, 3.5, 3.5], "rotation": 90, "texture": "#1"},
				"up": {"uv": [4, 2.5, 3.5, 3.5], "rotation": 90, "texture": "#1"},
				"down": {"uv": [4, 2.5, 3.5, 3.5], "rotation": 90, "texture": "#1"}
			}
		}
	],
	"display": {
		"thirdperson_righthand": {
			"scale": [0.4, 0.4, 0.4]
		},
		"thirdperson_lefthand": {
			"rotation": [0, 1, 1],
			"scale": [0.4, 0.4, 0.4]
		},
		"firstperson_righthand": {
			"scale": [0.7, 0.7, 0.7]
		},
		"firstperson_lefthand": {
			"scale": [0.7, 0.7, 0.7]
		},
		"ground": {
			"rotation": [0, -1, -1],
			"scale": [0.6, 0.6, 0.6]
		},
		"gui": {
			"rotation": [30, -135, 0],
			"translation": [0, 1, 0],
			"scale": [0.6, 0.6, 0.6]
		},
		"head": {
			"rotation": [0, 15, 0],
			"translation": [0, 10, 0],
			"scale": [0.7, 0.7, 0.7]
		},
		"fixed": {
			"rotation": [-90, 0, 0],
			"translation": [0, 0, -12.25],
			"scale": [1.5, 1.5, 1.5]
		}
	},
	"groups": [
		{
			"name": "group",
			"children": [0, 1, 2, 3, 4, 5, 6, 7, 8, 9, 10, 11]
		},
		{
			"name": "kfc",
			"children": [12, 13, 14, 15, 16, 17, 18, 19, 20, 21, 22, 23, 24, 25, 26, 27, 28, 29]
		}
	]
}