{
	"credit": "Made with Blockbench",
	"textures": {
		"0": "hat/misc/capitaine_de_pirate"
	},
	"elements": [
		{
			"from": [3.5, 5.5, 3.5],
			"to": [12.5, 10.5, 12.5],
			"faces": {
				"north": {"uv": [4.5, 4.5, 9, 7], "texture": "#0"},
				"east": {"uv": [0, 4.5, 4.5, 7], "texture": "#0"},
				"south": {"uv": [0, 0, 4.5, 2.5], "texture": "#0"},
				"west": {"uv": [9, 4.5, 13.5, 7], "texture": "#0"},
				"up": {"uv": [4.5, 0, 9, 4.5], "texture": "#0"},
				"down": {"uv": [4.5, 9.5, 16, 16], "texture": "#0"}
			}
		},
		{
			"from": [3.25, 5.5, 2],
			"to": [12.75, 11.5, 3],
			"rotation": {"angle": -22.5, "axis": "x", "origin": [8, 8.5, 3]},
			"faces": {
				"north": {"uv": [11.5, 0, 16, 3], "texture": "#0"},
				"east": {"uv": [11, 0, 11.5, 3], "texture": "#0"},
				"south": {"uv": [0, 0, 4.5, 2], "texture": "#0"},
				"west": {"uv": [11, 0, 11.5, 3], "texture": "#0"},
				"up": {"uv": [4.5, 0, 9, 0.5], "texture": "#0"},
				"down": {"uv": [4.5, 0, 9, 4.5], "texture": "#0"}
			}
		},
		{
			"from": [13, 5.5, 3.25],
			"to": [14, 9.5, 12.75],
			"rotation": {"angle": -22.5, "axis": "z", "origin": [13, 8.5, 8]},
			"faces": {
				"north": {"uv": [11, 0, 11.5, 2], "texture": "#0"},
				"east": {"uv": [9, 4.5, 13.5, 6.5], "texture": "#0"},
				"south": {"uv": [8.5, 0, 9, 2], "texture": "#0"},
				"west": {"uv": [9, 4.5, 13.5, 6.5], "texture": "#0"},
				"up": {"uv": [4.5, 0, 9, 0.5], "rotation": 90, "texture": "#0"},
				"down": {"uv": [4.5, 0, 9, 4.5], "rotation": 270, "texture": "#0"}
			}
		},
		{
			"from": [2, 5.5, 3.25],
			"to": [3, 9.5, 12.75],
			"rotation": {"angle": 22.5, "axis": "z", "origin": [3, 8.5, 8]},
			"faces": {
				"north": {"uv": [11.5, 0, 11, 2], "texture": "#0"},
				"east": {"uv": [13.5, 4.5, 9, 6.5], "texture": "#0"},
				"south": {"uv": [8.5, 0, 9, 2], "texture": "#0"},
				"west": {"uv": [13.5, 4.5, 9, 6.5], "texture": "#0"},
				"up": {"uv": [4.5, 0.5, 9, 0], "rotation": 90, "texture": "#0"},
				"down": {"uv": [4.5, 4.5, 9, 0], "rotation": 270, "texture": "#0"}
			}
		},
		{
			"from": [4, -8, 4],
			"to": [12, 0, 4],
			"faces": {
				"north": {"uv": [0, 7, 4, 11], "texture": "#0"}
			}
		}
	],
	"display": {
		"thirdperson_righthand": {
			"rotation": [-83, -180, 0],
			"translation": [0, -2, -1],
			"scale": [0.6, 0.6, 0.6]
		},
		"thirdperson_lefthand": {
			"rotation": [-83, -180, 0],
			"translation": [0, -2, -1],
			"scale": [0.6, 0.6, 0.6]
		},
		"gui": {
			"rotation": [30, 135, 0],
			"translation": [0, 3.5, 0],
			"scale": [0.8, 0.8, 0.8]
		},
		"head": {
			"translation": [0, 6.8, 0.2],
			"scale": [1.65, 1.65, 1.65]
		},
		"fixed": {
			"rotation": [-90, 0, 0],
			"translation": [0, 0, 1.75],
			"scale": [3.9, 3.9, 3.9]
		}
	}
}