{
	"credit": "Made with Blockbench",
	"textures": {
		"2": "hat/misc/chef/hat",
		"particle": "hat/misc/chef/hat"
	},
	"elements": [
		{
			"from": [3.5, 6, 3.5],
			"to": [12.5, 10, 12.5],
			"rotation": {"angle": 0, "axis": "y", "origin": [12, 14, 12]},
			"faces": {
				"north": {"uv": [0, 12, 9, 16], "texture": "#2"},
				"east": {"uv": [0, 12, 9, 16], "texture": "#2"},
				"south": {"uv": [0, 12, 9, 16], "texture": "#2"},
				"west": {"uv": [0, 12, 9, 16], "texture": "#2"},
				"up": {"uv": [8, 0, 16, 8], "texture": "#2"},
				"down": {"uv": [8, 0, 16, 8], "texture": "#2"}
			}
		},
		{
			"from": [3, 10, 3],
			"to": [13, 14, 13],
			"rotation": {"angle": 0, "axis": "y", "origin": [12, 18, 12]},
			"faces": {
				"north": {"uv": [6, 8, 16, 12], "texture": "#2"},
				"east": {"uv": [6, 8, 16, 12], "texture": "#2"},
				"south": {"uv": [6, 8, 16, 12], "texture": "#2"},
				"west": {"uv": [6, 8, 16, 12], "texture": "#2"},
				"up": {"uv": [8, 0, 16, 8], "texture": "#2"},
				"down": {"uv": [8, 0, 16, 8], "texture": "#2"}
			}
		}
	],
	"display": {
		"thirdperson_righthand": {
			"translation": [0, -0.75, 0],
			"scale": [0.8, 0.8, 0.8]
		},
		"thirdperson_lefthand": {
			"translation": [0, -0.75, 0],
			"scale": [0.8, 0.8, 0.8]
		},
		"firstperson_righthand": {
			"translation": [0, -0.75, 0],
			"scale": [0.8, 0.8, 0.8]
		},
		"firstperson_lefthand": {
			"translation": [0, -0.75, 0],
			"scale": [0.8, 0.8, 0.8]
		},
		"ground": {
			"translation": [0, 4.5, 0]
		},
		"gui": {
			"rotation": [30, 135, 0],
			"translation": [0, 0.75, 0],
			"scale": [0.8, 0.8, 0.8]
		},
		"head": {
			"translation": [0, 4, 0],
			"scale": [1.7, 1.7, 1.7]
		},
		"fixed": {
			"rotation": [0, -180, 0],
			"translation": [0, 16.5, 21],
			"scale": [4, 4, 4]
		}
	}
}