{
	"credit": "Made with Blockbench",
	"textures": {
		"1": "hat/misc/chef/cheese_and_bread",
		"2": "hat/misc/chef/hat_blue",
		"particle": "hat/misc/chef/hat_blue"
	},
	"elements": [
		{
			"from": [3.5, 6, 3.5],
			"to": [12.5, 10, 12.5],
			"rotation": {"angle": 0, "axis": "y", "origin": [12, 14, 12]},
			"faces": {
				"north": {"uv": [0, 12, 9, 16], "texture": "#2"},
				"east": {"uv": [0, 12, 9, 16], "texture": "#2"},
				"south": {"uv": [0, 12, 9, 16], "texture": "#2"},
				"west": {"uv": [0, 12, 9, 16], "texture": "#2"},
				"up": {"uv": [8, 0, 16, 8], "texture": "#2"},
				"down": {"uv": [8, 0, 16, 8], "texture": "#2"}
			}
		},
		{
			"from": [3, 10, 3],
			"to": [13, 14, 13],
			"rotation": {"angle": 0, "axis": "y", "origin": [12, 18, 12]},
			"faces": {
				"north": {"uv": [6, 8, 16, 12], "texture": "#2"},
				"east": {"uv": [6, 8, 16, 12], "texture": "#2"},
				"south": {"uv": [6, 8, 16, 12], "texture": "#2"},
				"west": {"uv": [6, 8, 16, 12], "texture": "#2"},
				"up": {"uv": [8, 0, 16, 8], "texture": "#2"},
				"down": {"uv": [8, 0, 16, 8], "texture": "#2"}
			}
		},
		{
			"name": "cheese_and_bread_0",
			"from": [9, 11.5, 2.5],
			"to": [10, 15, 3],
			"rotation": {"angle": 0, "axis": "x", "origin": [8, 12, 6.5]},
			"faces": {
				"north": {"uv": [6, 9, 4, 2], "rotation": 180, "texture": "#1"},
				"east": {"uv": [5, 2, 4, 9], "texture": "#1"},
				"south": {"uv": [6, 2, 4, 9], "texture": "#1"},
				"west": {"uv": [6, 2, 5, 9], "texture": "#1"},
				"up": {"uv": [4, 2, 6, 3], "rotation": 180, "texture": "#1"},
				"down": {"uv": [6, 8, 4, 9], "texture": "#1"}
			}
		},
		{
			"name": "cheese_and_bread_1",
			"from": [10, 11, 2.5],
			"to": [11, 14.5, 3],
			"rotation": {"angle": 0, "axis": "x", "origin": [8, 12, 6.5]},
			"faces": {
				"north": {"uv": [4, 10, 2, 3], "rotation": 180, "texture": "#1"},
				"east": {"uv": [3, 3, 2, 10], "texture": "#1"},
				"south": {"uv": [4, 3, 2, 10], "texture": "#1"},
				"west": {"uv": [4, 3, 3, 10], "texture": "#1"},
				"up": {"uv": [2, 3, 4, 4], "rotation": 180, "texture": "#1"},
				"down": {"uv": [4, 9, 2, 10], "texture": "#1"}
			}
		},
		{
			"name": "cheese_and_bread_2",
			"from": [8.5, 11.5, 2.5],
			"to": [9, 14.5, 3],
			"rotation": {"angle": 0, "axis": "x", "origin": [8, 12, 6.5]},
			"faces": {
				"north": {"uv": [7, 9, 6, 3], "rotation": 180, "texture": "#1"},
				"east": {"uv": [7, 3, 6, 9], "texture": "#1"},
				"south": {"uv": [7, 3, 6, 9], "texture": "#1"},
				"west": {"uv": [7, 3, 6, 9], "texture": "#1"},
				"up": {"uv": [6, 3, 7, 4], "rotation": 180, "texture": "#1"},
				"down": {"uv": [7, 8, 6, 9], "texture": "#1"}
			}
		},
		{
			"name": "cheese_and_bread_3",
			"from": [11, 11.5, 2.5],
			"to": [12, 14, 3],
			"rotation": {"angle": 0, "axis": "x", "origin": [8, 12, 6.5]},
			"faces": {
				"north": {"uv": [2, 9, 0, 4], "rotation": 180, "texture": "#1"},
				"east": {"uv": [1, 4, 0, 9], "texture": "#1"},
				"south": {"uv": [2, 4, 0, 9], "texture": "#1"},
				"west": {"uv": [2, 4, 1, 9], "texture": "#1"},
				"up": {"uv": [0, 4, 2, 5], "rotation": 180, "texture": "#1"},
				"down": {"uv": [2, 8, 0, 9], "texture": "#1"}
			}
		},
		{
			"name": "cheese_and_bread_4",
			"from": [8, 11.5, 2.5],
			"to": [8.5, 14, 3],
			"rotation": {"angle": 0, "axis": "x", "origin": [8, 12, 6.5]},
			"faces": {
				"north": {"uv": [8, 9, 7, 4], "rotation": 180, "texture": "#1"},
				"east": {"uv": [8, 4, 7, 9], "texture": "#1"},
				"south": {"uv": [8, 4, 7, 9], "texture": "#1"},
				"west": {"uv": [8, 4, 7, 9], "texture": "#1"},
				"up": {"uv": [7, 4, 8, 5], "rotation": 180, "texture": "#1"},
				"down": {"uv": [8, 8, 7, 9], "texture": "#1"}
			}
		},
		{
			"name": "cheese_and_bread_5",
			"from": [7.5, 9, 2.5],
			"to": [8, 13.5, 3],
			"rotation": {"angle": 0, "axis": "x", "origin": [8, 12, 6.5]},
			"faces": {
				"north": {"uv": [9, 14, 8, 5], "rotation": 180, "texture": "#1"},
				"east": {"uv": [9, 5, 8, 14], "texture": "#1"},
				"south": {"uv": [9, 5, 8, 14], "texture": "#1"},
				"west": {"uv": [9, 5, 8, 14], "texture": "#1"},
				"up": {"uv": [8, 5, 9, 6], "rotation": 180, "texture": "#1"},
				"down": {"uv": [9, 13, 8, 14], "texture": "#1"}
			}
		},
		{
			"name": "cheese_and_bread_6",
			"from": [4.5, 9, 2.5],
			"to": [7, 13, 3],
			"rotation": {"angle": 0, "axis": "x", "origin": [8, 12, 6.5]},
			"faces": {
				"north": {"uv": [15, 14, 10, 6], "rotation": 180, "texture": "#1"},
				"east": {"uv": [11, 6, 10, 14], "texture": "#1"},
				"south": {"uv": [15, 6, 10, 14], "texture": "#1"},
				"west": {"uv": [15, 6, 14, 14], "texture": "#1"},
				"up": {"uv": [10, 6, 15, 7], "rotation": 180, "texture": "#1"},
				"down": {"uv": [15, 13, 10, 14], "texture": "#1"}
			}
		},
		{
			"name": "cheese_and_bread_7",
			"from": [7, 8.5, 2.5],
			"to": [7.5, 12.5, 3],
			"rotation": {"angle": 0, "axis": "x", "origin": [8, 12, 6.5]},
			"faces": {
				"north": {"uv": [10, 15, 9, 7], "rotation": 180, "texture": "#1"},
				"east": {"uv": [10, 7, 9, 15], "texture": "#1"},
				"south": {"uv": [10, 7, 9, 15], "texture": "#1"},
				"west": {"uv": [10, 7, 9, 15], "texture": "#1"},
				"up": {"uv": [9, 7, 10, 8], "rotation": 180, "texture": "#1"},
				"down": {"uv": [10, 14, 9, 15], "texture": "#1"}
			}
		},
		{
			"name": "cheese_and_bread_8",
			"from": [4, 10, 2.5],
			"to": [4.5, 12.5, 3],
			"rotation": {"angle": 0, "axis": "x", "origin": [8, 12, 6.5]},
			"faces": {
				"north": {"uv": [16, 12, 15, 7], "rotation": 180, "texture": "#1"},
				"east": {"uv": [16, 7, 15, 12], "texture": "#1"},
				"south": {"uv": [16, 7, 15, 12], "texture": "#1"},
				"west": {"uv": [16, 7, 15, 12], "texture": "#1"},
				"up": {"uv": [15, 7, 16, 8], "rotation": 180, "texture": "#1"},
				"down": {"uv": [16, 11, 15, 12], "texture": "#1"}
			}
		},
		{
			"name": "cheese_and_bread_9",
			"from": [11, 11, 2.5],
			"to": [11.5, 11.5, 3],
			"rotation": {"angle": 0, "axis": "x", "origin": [8, 12, 6.5]},
			"faces": {
				"north": {"uv": [2, 10, 1, 9], "rotation": 180, "texture": "#1"},
				"east": {"uv": [2, 9, 1, 10], "texture": "#1"},
				"south": {"uv": [2, 9, 1, 10], "texture": "#1"},
				"west": {"uv": [2, 9, 1, 10], "texture": "#1"},
				"up": {"uv": [1, 9, 2, 10], "rotation": 180, "texture": "#1"},
				"down": {"uv": [2, 9, 1, 10], "texture": "#1"}
			}
		},
		{
			"name": "cheese_and_bread_10",
			"from": [9.5, 11, 2.5],
			"to": [10, 11.5, 3],
			"rotation": {"angle": 0, "axis": "x", "origin": [8, 12, 6.5]},
			"faces": {
				"north": {"uv": [5, 10, 4, 9], "rotation": 180, "texture": "#1"},
				"east": {"uv": [5, 9, 4, 10], "texture": "#1"},
				"south": {"uv": [5, 9, 4, 10], "texture": "#1"},
				"west": {"uv": [5, 9, 4, 10], "texture": "#1"},
				"up": {"uv": [4, 9, 5, 10], "rotation": 180, "texture": "#1"},
				"down": {"uv": [5, 9, 4, 10], "texture": "#1"}
			}
		},
		{
			"name": "cheese_and_bread_11",
			"from": [8, 9.5, 2.5],
			"to": [8.5, 10.5, 3],
			"rotation": {"angle": 0, "axis": "x", "origin": [8, 12, 6.5]},
			"faces": {
				"north": {"uv": [8, 13, 7, 11], "rotation": 180, "texture": "#1"},
				"east": {"uv": [8, 11, 7, 13], "texture": "#1"},
				"south": {"uv": [8, 11, 7, 13], "texture": "#1"},
				"west": {"uv": [8, 11, 7, 13], "texture": "#1"},
				"up": {"uv": [7, 11, 8, 12], "rotation": 180, "texture": "#1"},
				"down": {"uv": [8, 12, 7, 13], "texture": "#1"}
			}
		},
		{
			"name": "cheese_and_bread_12",
			"from": [5, 8.5, 2.5],
			"to": [7, 9, 3],
			"rotation": {"angle": 0, "axis": "x", "origin": [8, 12, 6.5]},
			"faces": {
				"north": {"uv": [14, 15, 10, 14], "rotation": 180, "texture": "#1"},
				"east": {"uv": [11, 14, 10, 15], "texture": "#1"},
				"south": {"uv": [14, 14, 10, 15], "texture": "#1"},
				"west": {"uv": [14, 14, 13, 15], "texture": "#1"},
				"up": {"uv": [10, 14, 14, 15], "rotation": 180, "texture": "#1"},
				"down": {"uv": [14, 14, 10, 15], "texture": "#1"}
			}
		}
	],
	"display": {
		"thirdperson_righthand": {
			"translation": [0, -0.75, 0],
			"scale": [0.8, 0.8, 0.8]
		},
		"thirdperson_lefthand": {
			"translation": [0, -0.75, 0],
			"scale": [0.8, 0.8, 0.8]
		},
		"firstperson_righthand": {
			"translation": [0, -0.75, 0],
			"scale": [0.8, 0.8, 0.8]
		},
		"firstperson_lefthand": {
			"translation": [0, -0.75, 0],
			"scale": [0.8, 0.8, 0.8]
		},
		"ground": {
			"translation": [0, 4.5, 0]
		},
		"gui": {
			"rotation": [30, 135, 0],
			"translation": [0, 0.75, 0],
			"scale": [0.8, 0.8, 0.8]
		},
		"head": {
			"translation": [0, 4, 0],
			"scale": [1.7, 1.7, 1.7]
		},
		"fixed": {
			"rotation": [0, -180, 0],
			"translation": [0, 16.5, 21],
			"scale": [4, 4, 4]
		}
	},
	"groups": [0, 1,
		{
			"name": "pizza_cheese2",
			"origin": [8, 8, 8],
			"children": []
		},
		{
			"name": "spice_japan",
			"origin": [8, 8, 8],
			"children": []
		},
		{
			"name": "jam_berry",
			"origin": [8, 8, 8],
			"children": []
		},
		{
			"name": "cheese_and_bread",
			"origin": [8, 8, 8],
			"children": [2, 3, 4, 5, 6, 7, 8, 9, 10, 11, 12, 13, 14]
		}
	]
}