{
	"credit": "Made with Blockbench",
	"textures": {
		"2": "hat/misc/chef/hat_jam",
		"3": "tool/food/jam_berry",
		"particle": "hat/misc/chef/hat_jam"
	},
	"elements": [
		{
			"from": [3.5, 6, 3.5],
			"to": [12.5, 10, 12.5],
			"rotation": {"angle": 0, "axis": "y", "origin": [12, 14, 12]},
			"faces": {
				"north": {"uv": [0, 12, 9, 16], "texture": "#2"},
				"east": {"uv": [0, 12, 9, 16], "texture": "#2"},
				"south": {"uv": [0, 12, 9, 16], "texture": "#2"},
				"west": {"uv": [0, 12, 9, 16], "texture": "#2"},
				"up": {"uv": [8, 0, 16, 8], "texture": "#2"},
				"down": {"uv": [8, 0, 16, 8], "texture": "#2"}
			}
		},
		{
			"from": [3, 10, 3],
			"to": [13, 14, 13],
			"rotation": {"angle": 0, "axis": "y", "origin": [12, 18, 12]},
			"faces": {
				"north": {"uv": [6, 8, 16, 12], "texture": "#2"},
				"east": {"uv": [6, 8, 16, 12], "texture": "#2"},
				"south": {"uv": [6, 8, 16, 12], "texture": "#2"},
				"west": {"uv": [6, 8, 16, 12], "texture": "#2"},
				"up": {"uv": [8, 0, 16, 8], "texture": "#2"},
				"down": {"uv": [8, 0, 16, 8], "texture": "#2"}
			}
		},
		{
			"name": "jam_berry_0",
			"from": [6.5, 9, 2.5],
			"to": [9.5, 15.5, 3],
			"rotation": {"angle": 0, "axis": "x", "origin": [8, 12.5, 6.5]},
			"faces": {
				"north": {"uv": [5, 15, 11, 2], "rotation": 180, "texture": "#3"},
				"east": {"uv": [10, 2, 11, 15], "texture": "#3"},
				"south": {"uv": [5, 2, 11, 15], "texture": "#3"},
				"west": {"uv": [5, 2, 6, 15], "texture": "#3"},
				"up": {"uv": [11, 2, 5, 3], "rotation": 180, "texture": "#3"},
				"down": {"uv": [5, 14, 11, 15], "texture": "#3"}
			}
		},
		{
			"name": "jam_berry_1",
			"from": [6, 9.5, 2.5],
			"to": [6.5, 15, 3],
			"rotation": {"angle": 0, "axis": "x", "origin": [8, 12.5, 6.5]},
			"faces": {
				"north": {"uv": [4, 14, 5, 3], "rotation": 180, "texture": "#3"},
				"east": {"uv": [4, 3, 5, 14], "texture": "#3"},
				"south": {"uv": [4, 3, 5, 14], "texture": "#3"},
				"west": {"uv": [4, 3, 5, 14], "texture": "#3"},
				"up": {"uv": [5, 3, 4, 4], "rotation": 180, "texture": "#3"},
				"down": {"uv": [4, 13, 5, 14], "texture": "#3"}
			}
		},
		{
			"name": "jam_berry_2",
			"from": [9.5, 9.5, 2.5],
			"to": [10, 15, 3],
			"rotation": {"angle": 0, "axis": "x", "origin": [8, 12.5, 6.5]},
			"faces": {
				"north": {"uv": [11, 14, 12, 3], "rotation": 180, "texture": "#3"},
				"east": {"uv": [11, 3, 12, 14], "texture": "#3"},
				"south": {"uv": [11, 3, 12, 14], "texture": "#3"},
				"west": {"uv": [11, 3, 12, 14], "texture": "#3"},
				"up": {"uv": [12, 3, 11, 4], "rotation": 180, "texture": "#3"},
				"down": {"uv": [11, 13, 12, 14], "texture": "#3"}
			}
		},
		{
			"name": "jam_berry_3",
			"from": [5.5, 10, 2.5],
			"to": [6, 14, 3],
			"rotation": {"angle": 0, "axis": "x", "origin": [8, 12.5, 6.5]},
			"faces": {
				"north": {"uv": [3, 13, 4, 5], "rotation": 180, "texture": "#3"},
				"east": {"uv": [3, 5, 4, 13], "texture": "#3"},
				"south": {"uv": [3, 5, 4, 13], "texture": "#3"},
				"west": {"uv": [3, 5, 4, 13], "texture": "#3"},
				"up": {"uv": [4, 5, 3, 6], "rotation": 180, "texture": "#3"},
				"down": {"uv": [3, 12, 4, 13], "texture": "#3"}
			}
		},
		{
			"name": "jam_berry_4",
			"from": [10, 10, 2.5],
			"to": [10.5, 14, 3],
			"rotation": {"angle": 0, "axis": "x", "origin": [8, 12.5, 6.5]},
			"faces": {
				"north": {"uv": [12, 13, 13, 5], "rotation": 180, "texture": "#3"},
				"east": {"uv": [12, 5, 13, 13], "texture": "#3"},
				"south": {"uv": [12, 5, 13, 13], "texture": "#3"},
				"west": {"uv": [12, 5, 13, 13], "texture": "#3"},
				"up": {"uv": [13, 5, 12, 6], "rotation": 180, "texture": "#3"},
				"down": {"uv": [12, 12, 13, 13], "texture": "#3"}
			}
		}
	],
	"display": {
		"thirdperson_righthand": {
			"translation": [0, -0.75, 0],
			"scale": [0.8, 0.8, 0.8]
		},
		"thirdperson_lefthand": {
			"translation": [0, -0.75, 0],
			"scale": [0.8, 0.8, 0.8]
		},
		"firstperson_righthand": {
			"translation": [0, -0.75, 0],
			"scale": [0.8, 0.8, 0.8]
		},
		"firstperson_lefthand": {
			"translation": [0, -0.75, 0],
			"scale": [0.8, 0.8, 0.8]
		},
		"ground": {
			"translation": [0, 4.5, 0]
		},
		"gui": {
			"rotation": [30, 135, 0],
			"translation": [0, 0.75, 0],
			"scale": [0.8, 0.8, 0.8]
		},
		"head": {
			"translation": [0, 4, 0],
			"scale": [1.7, 1.7, 1.7]
		},
		"fixed": {
			"rotation": [0, -180, 0],
			"translation": [0, 16.5, 21],
			"scale": [4, 4, 4]
		}
	},
	"groups": [0, 1,
		{
			"name": "pizza_cheese2",
			"origin": [8, 8, 8],
			"children": []
		},
		{
			"name": "spice_japan",
			"origin": [8, 8, 8],
			"children": []
		},
		{
			"name": "jam_berry",
			"origin": [8, 8, 8],
			"children": [2, 3, 4, 5, 6]
		}
	]
}