{
	"credit": "Made with Blockbench",
	"textures": {
		"1": "tool/food/spice_japan",
		"2": "hat/misc/chef/hat_green",
		"particle": "hat/misc/chef/hat_green"
	},
	"elements": [
		{
			"from": [3.5, 6, 3.5],
			"to": [12.5, 10, 12.5],
			"rotation": {"angle": 0, "axis": "y", "origin": [12, 14, 12]},
			"faces": {
				"north": {"uv": [0, 12, 9, 16], "texture": "#2"},
				"east": {"uv": [0, 12, 9, 16], "texture": "#2"},
				"south": {"uv": [0, 12, 9, 16], "texture": "#2"},
				"west": {"uv": [0, 12, 9, 16], "texture": "#2"},
				"up": {"uv": [8, 0, 16, 8], "texture": "#2"},
				"down": {"uv": [8, 0, 16, 8], "texture": "#2"}
			}
		},
		{
			"from": [3, 10, 3],
			"to": [13, 14, 13],
			"rotation": {"angle": 0, "axis": "y", "origin": [12, 18, 12]},
			"faces": {
				"north": {"uv": [6, 8, 16, 12], "texture": "#2"},
				"east": {"uv": [6, 8, 16, 12], "texture": "#2"},
				"south": {"uv": [6, 8, 16, 12], "texture": "#2"},
				"west": {"uv": [6, 8, 16, 12], "texture": "#2"},
				"up": {"uv": [8, 0, 16, 8], "texture": "#2"},
				"down": {"uv": [8, 0, 16, 8], "texture": "#2"}
			}
		},
		{
			"name": "spice_japan_0",
			"from": [6, 9.5, 2.5],
			"to": [7, 11.5, 3],
			"rotation": {"angle": 0, "axis": "x", "origin": [8, 13, -1]},
			"faces": {
				"north": {"uv": [4, 1, 6, 5], "rotation": 180, "texture": "#1"},
				"east": {"uv": [5, 1, 6, 5], "rotation": 180, "texture": "#1"},
				"south": {"uv": [4, 5, 6, 1], "texture": "#1"},
				"west": {"uv": [4, 1, 5, 5], "rotation": 180, "texture": "#1"},
				"up": {"uv": [4, 4, 6, 5], "texture": "#1"},
				"down": {"uv": [6, 1, 4, 2], "rotation": 180, "texture": "#1"}
			}
		},
		{
			"name": "spice_japan_1",
			"from": [4.5, 10, 2.5],
			"to": [6, 11, 3],
			"rotation": {"angle": 0, "axis": "x", "origin": [8, 13, -1]},
			"faces": {
				"north": {"uv": [1, 2, 4, 4], "rotation": 180, "texture": "#1"},
				"east": {"uv": [3, 2, 4, 4], "rotation": 180, "texture": "#1"},
				"south": {"uv": [1, 4, 4, 2], "texture": "#1"},
				"west": {"uv": [1, 2, 2, 4], "rotation": 180, "texture": "#1"},
				"up": {"uv": [1, 3, 4, 4], "texture": "#1"},
				"down": {"uv": [4, 2, 1, 3], "rotation": 180, "texture": "#1"}
			}
		},
		{
			"name": "spice_japan_2",
			"from": [7, 10, 2.5],
			"to": [7.5, 11, 3],
			"rotation": {"angle": 0, "axis": "x", "origin": [8, 13, -1]},
			"faces": {
				"north": {"uv": [6, 2, 7, 4], "rotation": 180, "texture": "#1"},
				"east": {"uv": [6, 2, 7, 4], "rotation": 180, "texture": "#1"},
				"south": {"uv": [6, 4, 7, 2], "texture": "#1"},
				"west": {"uv": [6, 2, 7, 4], "rotation": 180, "texture": "#1"},
				"up": {"uv": [6, 3, 7, 4], "texture": "#1"},
				"down": {"uv": [7, 2, 6, 3], "rotation": 180, "texture": "#1"}
			}
		},
		{
			"name": "spice_japan_3",
			"from": [9.5, 10, 2.5],
			"to": [10.5, 14, 3],
			"rotation": {"angle": 0, "axis": "x", "origin": [8, 13, -1]},
			"faces": {
				"north": {"uv": [11, 2, 13, 10], "rotation": 180, "texture": "#1"},
				"east": {"uv": [12, 2, 13, 10], "rotation": 180, "texture": "#1"},
				"south": {"uv": [11, 10, 13, 2], "texture": "#1"},
				"west": {"uv": [11, 2, 12, 10], "rotation": 180, "texture": "#1"},
				"up": {"uv": [11, 9, 13, 10], "texture": "#1"},
				"down": {"uv": [13, 2, 11, 3], "rotation": 180, "texture": "#1"}
			}
		},
		{
			"name": "spice_japan_4",
			"from": [9, 10.5, 2.5],
			"to": [9.5, 12, 3],
			"rotation": {"angle": 0, "axis": "x", "origin": [8, 13, -1]},
			"faces": {
				"north": {"uv": [10, 3, 11, 6], "rotation": 180, "texture": "#1"},
				"east": {"uv": [10, 3, 11, 6], "rotation": 180, "texture": "#1"},
				"south": {"uv": [10, 6, 11, 3], "texture": "#1"},
				"west": {"uv": [10, 3, 11, 6], "rotation": 180, "texture": "#1"},
				"up": {"uv": [10, 5, 11, 6], "texture": "#1"},
				"down": {"uv": [11, 3, 10, 4], "rotation": 180, "texture": "#1"}
			}
		},
		{
			"name": "spice_japan_5",
			"from": [10.5, 10.5, 2.5],
			"to": [11.5, 11, 3],
			"rotation": {"angle": 0, "axis": "x", "origin": [8, 13, -1]},
			"faces": {
				"north": {"uv": [13, 3, 15, 4], "rotation": 180, "texture": "#1"},
				"east": {"uv": [14, 3, 15, 4], "rotation": 180, "texture": "#1"},
				"south": {"uv": [13, 4, 15, 3], "texture": "#1"},
				"west": {"uv": [13, 3, 14, 4], "rotation": 180, "texture": "#1"},
				"up": {"uv": [13, 3, 15, 4], "texture": "#1"},
				"down": {"uv": [15, 3, 13, 4], "rotation": 180, "texture": "#1"}
			}
		},
		{
			"name": "spice_japan_6",
			"from": [5, 11, 2.5],
			"to": [6, 12.5, 3],
			"rotation": {"angle": 0, "axis": "x", "origin": [8, 13, -1]},
			"faces": {
				"north": {"uv": [2, 4, 4, 7], "rotation": 180, "texture": "#1"},
				"east": {"uv": [3, 4, 4, 7], "rotation": 180, "texture": "#1"},
				"south": {"uv": [2, 7, 4, 4], "texture": "#1"},
				"west": {"uv": [2, 4, 3, 7], "rotation": 180, "texture": "#1"},
				"up": {"uv": [2, 6, 4, 7], "texture": "#1"},
				"down": {"uv": [4, 4, 2, 5], "rotation": 180, "texture": "#1"}
			}
		},
		{
			"name": "spice_japan_7",
			"from": [10.5, 11, 2.5],
			"to": [11, 13.5, 3],
			"rotation": {"angle": 0, "axis": "x", "origin": [8, 13, -1]},
			"faces": {
				"north": {"uv": [13, 4, 14, 9], "rotation": 180, "texture": "#1"},
				"east": {"uv": [13, 4, 14, 9], "rotation": 180, "texture": "#1"},
				"south": {"uv": [13, 9, 14, 4], "texture": "#1"},
				"west": {"uv": [13, 4, 14, 9], "rotation": 180, "texture": "#1"},
				"up": {"uv": [13, 8, 14, 9], "texture": "#1"},
				"down": {"uv": [14, 4, 13, 5], "rotation": 180, "texture": "#1"}
			}
		},
		{
			"name": "spice_japan_8",
			"from": [6, 11.5, 2.5],
			"to": [6.5, 13, 3],
			"rotation": {"angle": 0, "axis": "x", "origin": [8, 13, -1]},
			"faces": {
				"north": {"uv": [4, 5, 5, 8], "rotation": 180, "texture": "#1"},
				"east": {"uv": [4, 5, 5, 8], "rotation": 180, "texture": "#1"},
				"south": {"uv": [4, 8, 5, 5], "texture": "#1"},
				"west": {"uv": [4, 5, 5, 8], "rotation": 180, "texture": "#1"},
				"up": {"uv": [4, 7, 5, 8], "texture": "#1"},
				"down": {"uv": [5, 5, 4, 6], "rotation": 180, "texture": "#1"}
			}
		},
		{
			"name": "spice_japan_9",
			"from": [7.5, 11.5, 2.5],
			"to": [8, 14.5, 3],
			"rotation": {"angle": 0, "axis": "x", "origin": [8, 13, -1]},
			"faces": {
				"north": {"uv": [7, 5, 8, 11], "rotation": 180, "texture": "#1"},
				"east": {"uv": [7, 5, 8, 11], "rotation": 180, "texture": "#1"},
				"south": {"uv": [7, 11, 8, 5], "texture": "#1"},
				"west": {"uv": [7, 5, 8, 11], "rotation": 180, "texture": "#1"},
				"up": {"uv": [7, 10, 8, 11], "texture": "#1"},
				"down": {"uv": [8, 5, 7, 6], "rotation": 180, "texture": "#1"}
			}
		},
		{
			"name": "spice_japan_10",
			"from": [7, 12, 2.5],
			"to": [7.5, 13, 3],
			"rotation": {"angle": 0, "axis": "x", "origin": [8, 13, -1]},
			"faces": {
				"north": {"uv": [6, 6, 7, 8], "rotation": 180, "texture": "#1"},
				"east": {"uv": [6, 6, 7, 8], "rotation": 180, "texture": "#1"},
				"south": {"uv": [6, 8, 7, 6], "texture": "#1"},
				"west": {"uv": [6, 6, 7, 8], "rotation": 180, "texture": "#1"},
				"up": {"uv": [6, 7, 7, 8], "texture": "#1"},
				"down": {"uv": [7, 6, 6, 7], "rotation": 180, "texture": "#1"}
			}
		},
		{
			"name": "spice_japan_11",
			"from": [11, 12, 2.5],
			"to": [11.5, 13, 3],
			"rotation": {"angle": 0, "axis": "x", "origin": [8, 13, -1]},
			"faces": {
				"north": {"uv": [14, 6, 15, 8], "rotation": 180, "texture": "#1"},
				"east": {"uv": [14, 6, 15, 8], "rotation": 180, "texture": "#1"},
				"south": {"uv": [14, 8, 15, 6], "texture": "#1"},
				"west": {"uv": [14, 6, 15, 8], "rotation": 180, "texture": "#1"},
				"up": {"uv": [14, 7, 15, 8], "texture": "#1"},
				"down": {"uv": [15, 6, 14, 7], "rotation": 180, "texture": "#1"}
			}
		},
		{
			"name": "spice_japan_12",
			"from": [5.5, 12.5, 2.5],
			"to": [6, 13.5, 3],
			"rotation": {"angle": 0, "axis": "x", "origin": [8, 13, -1]},
			"faces": {
				"north": {"uv": [3, 7, 4, 9], "rotation": 180, "texture": "#1"},
				"east": {"uv": [3, 7, 4, 9], "rotation": 180, "texture": "#1"},
				"south": {"uv": [3, 9, 4, 7], "texture": "#1"},
				"west": {"uv": [3, 7, 4, 9], "rotation": 180, "texture": "#1"},
				"up": {"uv": [3, 8, 4, 9], "texture": "#1"},
				"down": {"uv": [4, 7, 3, 8], "rotation": 180, "texture": "#1"}
			}
		},
		{
			"name": "spice_japan_13",
			"from": [8, 12.5, 2.5],
			"to": [8.5, 15.5, 3],
			"rotation": {"angle": 0, "axis": "x", "origin": [8, 13, -1]},
			"faces": {
				"north": {"uv": [8, 7, 9, 13], "rotation": 180, "texture": "#1"},
				"east": {"uv": [8, 7, 9, 13], "rotation": 180, "texture": "#1"},
				"south": {"uv": [8, 13, 9, 7], "texture": "#1"},
				"west": {"uv": [8, 7, 9, 13], "rotation": 180, "texture": "#1"},
				"up": {"uv": [8, 12, 9, 13], "texture": "#1"},
				"down": {"uv": [9, 7, 8, 8], "rotation": 180, "texture": "#1"}
			}
		},
		{
			"name": "spice_japan_14",
			"from": [8.5, 13, 2.5],
			"to": [9, 15, 3],
			"rotation": {"angle": 0, "axis": "x", "origin": [8, 13, -1]},
			"faces": {
				"north": {"uv": [9, 8, 10, 12], "rotation": 180, "texture": "#1"},
				"east": {"uv": [9, 8, 10, 12], "rotation": 180, "texture": "#1"},
				"south": {"uv": [9, 12, 10, 8], "texture": "#1"},
				"west": {"uv": [9, 8, 10, 12], "rotation": 180, "texture": "#1"},
				"up": {"uv": [9, 11, 10, 12], "texture": "#1"},
				"down": {"uv": [10, 8, 9, 9], "rotation": 180, "texture": "#1"}
			}
		}
	],
	"display": {
		"thirdperson_righthand": {
			"translation": [0, -0.75, 0],
			"scale": [0.8, 0.8, 0.8]
		},
		"thirdperson_lefthand": {
			"translation": [0, -0.75, 0],
			"scale": [0.8, 0.8, 0.8]
		},
		"firstperson_righthand": {
			"translation": [0, -0.75, 0],
			"scale": [0.8, 0.8, 0.8]
		},
		"firstperson_lefthand": {
			"translation": [0, -0.75, 0],
			"scale": [0.8, 0.8, 0.8]
		},
		"ground": {
			"translation": [0, 4.5, 0]
		},
		"gui": {
			"rotation": [30, 135, 0],
			"translation": [0, 0.75, 0],
			"scale": [0.8, 0.8, 0.8]
		},
		"head": {
			"translation": [0, 4, 0],
			"scale": [1.7, 1.7, 1.7]
		},
		"fixed": {
			"rotation": [0, -180, 0],
			"translation": [0, 16.5, 21],
			"scale": [4, 4, 4]
		}
	},
	"groups": [0, 1,
		{
			"name": "pizza_cheese2",
			"origin": [8, 8, 8],
			"children": []
		},
		{
			"name": "spice_japan",
			"origin": [8, 8, 8],
			"children": [2, 3, 4, 5, 6, 7, 8, 9, 10, 11, 12, 13, 14, 15, 16]
		}
	]
}