{
	"credit": "Made with Blockbench",
	"textures": {
		"0": "hat/misc/wood_dark",
		"particle": "hat/misc/wood_dark"
	},
	"elements": [
		{
			"name": "Base",
			"from": [4, 0, 4],
			"to": [12, 1, 12],
			"shade": false,
			"faces": {
				"north": {"uv": [0, 8, 8, 9], "texture": "#0", "tintindex": 0},
				"east": {"uv": [0, 0, 8, 1], "texture": "#0", "tintindex": 0},
				"south": {"uv": [8, 8, 16, 9], "texture": "#0", "tintindex": 0},
				"west": {"uv": [8, 0, 16, 1], "texture": "#0", "tintindex": 0},
				"up": {"uv": [3.75, 3.75, 11.75, 11.75], "texture": "#0", "tintindex": 0},
				"down": {"uv": [3.875, 3.625, 11.875, 11.625], "texture": "#0", "tintindex": 0}
			}
		},
		{
			"name": "Slim Column",
			"from": [7, 1, 7],
			"to": [9, 12, 9],
			"faces": {
				"north": {"uv": [0, 0, 4, 16], "texture": "#0"},
				"east": {"uv": [12, 0, 16, 16], "texture": "#0"},
				"south": {"uv": [4, 0, 8, 16], "texture": "#0"},
				"west": {"uv": [8, 0, 12, 16], "texture": "#0"},
				"up": {"uv": [0, 0, 4, 16], "texture": "#0"},
				"down": {"uv": [0, 0, 4, 16], "texture": "#0"}
			}
		},
		{
			"name": "Lower Column",
			"from": [6, 1, 6],
			"to": [10, 6, 10],
			"faces": {
				"north": {"uv": [0, 0, 4, 16], "texture": "#0"},
				"east": {"uv": [12, 0, 16, 16], "texture": "#0"},
				"south": {"uv": [4, 0, 8, 16], "texture": "#0"},
				"west": {"uv": [8, 0, 12, 16], "texture": "#0"},
				"up": {"uv": [0, 0, 4, 16], "texture": "#0"},
				"down": {"uv": [0, 0, 4, 16], "texture": "#0"}
			}
		},
		{
			"name": "Head X",
			"from": [5, 8, 6],
			"to": [11, 12, 10],
			"faces": {
				"north": {"uv": [0, 0, 4, 16], "texture": "#0"},
				"east": {"uv": [12, 0, 16, 16], "texture": "#0"},
				"south": {"uv": [4, 0, 8, 16], "texture": "#0"},
				"west": {"uv": [8, 0, 12, 16], "texture": "#0"},
				"up": {"uv": [0, 0, 4, 16], "texture": "#0"},
				"down": {"uv": [0, 0, 4, 16], "texture": "#0"}
			}
		},
		{
			"name": "Head Y1",
			"from": [6, 8, 10],
			"to": [10, 12, 11],
			"faces": {
				"north": {"uv": [0, 0, 4, 16], "texture": "#0"},
				"east": {"uv": [12, 0, 16, 16], "texture": "#0"},
				"south": {"uv": [4, 0, 8, 16], "texture": "#0"},
				"west": {"uv": [8, 0, 12, 16], "texture": "#0"},
				"up": {"uv": [0, 0, 4, 16], "texture": "#0"},
				"down": {"uv": [0, 0, 4, 16], "texture": "#0"}
			}
		},
		{
			"name": "Head Y2",
			"from": [6, 8, 5],
			"to": [10, 12, 6],
			"faces": {
				"north": {"uv": [0, 0, 4, 16], "texture": "#0"},
				"east": {"uv": [12, 0, 16, 16], "texture": "#0"},
				"south": {"uv": [4, 0, 8, 16], "texture": "#0"},
				"west": {"uv": [8, 0, 12, 16], "texture": "#0"},
				"up": {"uv": [0, 0, 4, 16], "texture": "#0"},
				"down": {"uv": [0, 0, 4, 16], "texture": "#0"}
			}
		},
		{
			"name": "Head Top",
			"from": [6, 12, 6],
			"to": [10, 13, 10],
			"faces": {
				"north": {"uv": [0, 0, 4, 16], "texture": "#0"},
				"east": {"uv": [12, 0, 16, 16], "texture": "#0"},
				"south": {"uv": [4, 0, 8, 16], "texture": "#0"},
				"west": {"uv": [8, 0, 12, 16], "texture": "#0"},
				"up": {"uv": [0, 0, 4, 16], "texture": "#0"},
				"down": {"uv": [0, 0, 4, 16], "texture": "#0"}
			}
		},
		{
			"name": "N Slant B1",
			"from": [6, 1, 4],
			"to": [10, 6, 5],
			"rotation": {"angle": 22.5, "axis": "x", "origin": [8, 1, 4]},
			"faces": {
				"north": {"uv": [0, 0, 6, 8], "texture": "#0"},
				"east": {"uv": [0, 0, 6, 8], "texture": "#0"},
				"south": {"uv": [0, 0, 6, 8], "texture": "#0"},
				"west": {"uv": [0, 0, 6, 8], "texture": "#0"},
				"up": {"uv": [0, 0, 6, 8], "texture": "#0"},
				"down": {"uv": [0, 0, 6, 8], "texture": "#0"}
			}
		},
		{
			"name": "E Slant B1",
			"from": [11, 1, 6],
			"to": [12, 6, 10],
			"rotation": {"angle": 22.5, "axis": "z", "origin": [12, 1, 8]},
			"faces": {
				"north": {"uv": [10, 8, 16, 16], "texture": "#0"},
				"east": {"uv": [10, 8, 16, 16], "texture": "#0"},
				"south": {"uv": [10, 8, 16, 16], "texture": "#0"},
				"west": {"uv": [10, 8, 16, 16], "texture": "#0"},
				"up": {"uv": [10, 8, 16, 16], "texture": "#0"},
				"down": {"uv": [10, 8, 16, 16], "texture": "#0"}
			}
		},
		{
			"name": "S Slant B1",
			"from": [6, 1, 11],
			"to": [10, 6, 12],
			"rotation": {"angle": -22.5, "axis": "x", "origin": [8, 1, 12]},
			"faces": {
				"north": {"uv": [0, 0, 6, 8], "texture": "#0"},
				"east": {"uv": [0, 0, 6, 8], "texture": "#0"},
				"south": {"uv": [0, 0, 6, 8], "texture": "#0"},
				"west": {"uv": [0, 0, 6, 8], "texture": "#0"},
				"up": {"uv": [0, 0, 6, 8], "texture": "#0"},
				"down": {"uv": [0, 0, 6, 8], "texture": "#0"}
			}
		},
		{
			"name": "W Slant B1",
			"from": [4, 1, 6],
			"to": [5, 6, 10],
			"rotation": {"angle": -22.5, "axis": "z", "origin": [4, 1, 8]},
			"faces": {
				"north": {"uv": [10, 0, 16, 8], "texture": "#0"},
				"east": {"uv": [10, 0, 16, 8], "texture": "#0"},
				"south": {"uv": [10, 0, 16, 8], "texture": "#0"},
				"west": {"uv": [10, 0, 16, 8], "texture": "#0"},
				"up": {"uv": [10, 0, 16, 8], "texture": "#0"},
				"down": {"uv": [10, 0, 16, 8], "texture": "#0"}
			}
		},
		{
			"name": "N Slant B2",
			"from": [6, 1, 5],
			"to": [10, 6, 6],
			"rotation": {"angle": 22.5, "axis": "x", "origin": [8, 1, 5]},
			"faces": {
				"north": {"uv": [0, 0, 6, 8], "texture": "#0"},
				"east": {"uv": [0, 0, 6, 8], "texture": "#0"},
				"south": {"uv": [0, 0, 6, 8], "texture": "#0"},
				"west": {"uv": [0, 0, 6, 8], "texture": "#0"},
				"up": {"uv": [0, 0, 6, 8], "texture": "#0"},
				"down": {"uv": [0, 0, 6, 8], "texture": "#0"}
			}
		},
		{
			"name": "E Slant B2",
			"from": [10, 1, 6],
			"to": [11, 6, 10],
			"rotation": {"angle": 22.5, "axis": "z", "origin": [11, 1, 8]},
			"faces": {
				"north": {"uv": [10, 8, 16, 16], "texture": "#0"},
				"east": {"uv": [10, 8, 16, 16], "texture": "#0"},
				"south": {"uv": [10, 8, 16, 16], "texture": "#0"},
				"west": {"uv": [10, 8, 16, 16], "texture": "#0"},
				"up": {"uv": [10, 8, 16, 16], "texture": "#0"},
				"down": {"uv": [10, 8, 16, 16], "texture": "#0"}
			}
		},
		{
			"name": "S Slant B2",
			"from": [6, 1, 10],
			"to": [10, 6, 11],
			"rotation": {"angle": -22.5, "axis": "x", "origin": [8, 1, 11]},
			"faces": {
				"north": {"uv": [0, 0, 6, 8], "texture": "#0"},
				"east": {"uv": [0, 0, 6, 8], "texture": "#0"},
				"south": {"uv": [0, 0, 6, 8], "texture": "#0"},
				"west": {"uv": [0, 0, 6, 8], "texture": "#0"},
				"up": {"uv": [0, 0, 6, 8], "texture": "#0"},
				"down": {"uv": [0, 0, 6, 8], "texture": "#0"}
			}
		},
		{
			"name": "W Slant B2",
			"from": [5, 1, 6],
			"to": [6, 6, 10],
			"rotation": {"angle": -22.5, "axis": "z", "origin": [5, 1, 8]},
			"faces": {
				"north": {"uv": [10, 0, 16, 8], "texture": "#0"},
				"east": {"uv": [10, 0, 16, 8], "texture": "#0"},
				"south": {"uv": [10, 0, 16, 8], "texture": "#0"},
				"west": {"uv": [10, 0, 16, 8], "texture": "#0"},
				"up": {"uv": [10, 0, 16, 8], "texture": "#0"},
				"down": {"uv": [10, 0, 16, 8], "texture": "#0"}
			}
		},
		{
			"name": "N Slant L",
			"from": [7, 6, 6],
			"to": [9, 8, 7],
			"rotation": {"angle": 45, "axis": "x", "origin": [8, 6, 6]},
			"faces": {
				"north": {"uv": [0, 0, 6, 8], "texture": "#0"},
				"east": {"uv": [0, 0, 6, 8], "texture": "#0"},
				"south": {"uv": [0, 0, 6, 8], "texture": "#0"},
				"west": {"uv": [0, 0, 6, 8], "texture": "#0"},
				"up": {"uv": [0, 0, 6, 8], "texture": "#0"},
				"down": {"uv": [0, 0, 6, 8], "texture": "#0"}
			}
		},
		{
			"name": "E Slant L",
			"from": [9, 6, 7],
			"to": [10, 8, 9],
			"rotation": {"angle": 45, "axis": "z", "origin": [10, 6, 8]},
			"faces": {
				"north": {"uv": [0, 0, 6, 8], "texture": "#0"},
				"east": {"uv": [0, 0, 6, 8], "texture": "#0"},
				"south": {"uv": [0, 0, 6, 8], "texture": "#0"},
				"west": {"uv": [0, 0, 6, 8], "texture": "#0"},
				"up": {"uv": [0, 0, 6, 8], "texture": "#0"},
				"down": {"uv": [0, 0, 6, 8], "texture": "#0"}
			}
		},
		{
			"name": "S Slant L",
			"from": [7, 6, 9],
			"to": [9, 8, 10],
			"rotation": {"angle": -45, "axis": "x", "origin": [8, 6, 10]},
			"faces": {
				"north": {"uv": [0, 0, 6, 8], "texture": "#0"},
				"east": {"uv": [0, 0, 6, 8], "texture": "#0"},
				"south": {"uv": [0, 0, 6, 8], "texture": "#0"},
				"west": {"uv": [0, 0, 6, 8], "texture": "#0"},
				"up": {"uv": [0, 0, 6, 8], "texture": "#0"},
				"down": {"uv": [0, 0, 6, 8], "texture": "#0"}
			}
		},
		{
			"name": "W Slant L",
			"from": [6, 6, 7],
			"to": [7, 8, 9],
			"rotation": {"angle": -45, "axis": "z", "origin": [6, 6, 8]},
			"faces": {
				"north": {"uv": [0, 0, 6, 8], "texture": "#0"},
				"east": {"uv": [0, 0, 6, 8], "texture": "#0"},
				"south": {"uv": [0, 0, 6, 8], "texture": "#0"},
				"west": {"uv": [0, 0, 6, 8], "texture": "#0"},
				"up": {"uv": [0, 0, 6, 8], "texture": "#0"},
				"down": {"uv": [0, 0, 6, 8], "texture": "#0"}
			}
		},
		{
			"name": "N Slant UL",
			"from": [6, 9, 5],
			"to": [10, 10, 6],
			"rotation": {"angle": 45, "axis": "x", "origin": [8, 8, 4]},
			"faces": {
				"north": {"uv": [0, 0, 6, 8], "texture": "#0"},
				"east": {"uv": [0, 0, 6, 8], "texture": "#0"},
				"south": {"uv": [0, 0, 6, 8], "texture": "#0"},
				"west": {"uv": [0, 0, 6, 8], "texture": "#0"},
				"up": {"uv": [0, 0, 6, 8], "texture": "#0"},
				"down": {"uv": [0, 0, 6, 8], "texture": "#0"}
			}
		},
		{
			"name": "E Slant UL",
			"from": [10, 9, 6],
			"to": [11, 10, 10],
			"rotation": {"angle": 45, "axis": "z", "origin": [12, 8, 8]},
			"faces": {
				"north": {"uv": [0, 0, 6, 8], "texture": "#0"},
				"east": {"uv": [0, 0, 6, 8], "texture": "#0"},
				"south": {"uv": [0, 0, 6, 8], "texture": "#0"},
				"west": {"uv": [0, 0, 6, 8], "texture": "#0"},
				"up": {"uv": [0, 0, 6, 8], "texture": "#0"},
				"down": {"uv": [0, 0, 6, 8], "texture": "#0"}
			}
		},
		{
			"name": "S Slant UL",
			"from": [6, 9, 10],
			"to": [10, 10, 11],
			"rotation": {"angle": -45, "axis": "x", "origin": [8, 8, 12]},
			"faces": {
				"north": {"uv": [0, 0, 6, 8], "texture": "#0"},
				"east": {"uv": [0, 0, 6, 8], "texture": "#0"},
				"south": {"uv": [0, 0, 6, 8], "texture": "#0"},
				"west": {"uv": [0, 0, 6, 8], "texture": "#0"},
				"up": {"uv": [0, 0, 6, 8], "texture": "#0"},
				"down": {"uv": [0, 0, 6, 8], "texture": "#0"}
			}
		},
		{
			"name": "W Slant UL",
			"from": [5, 6, 6],
			"to": [6, 7, 10],
			"rotation": {"angle": 45, "axis": "z", "origin": [4, 8, 8]},
			"faces": {
				"north": {"uv": [0, 0, 6, 8], "rotation": 270, "texture": "#0"},
				"east": {"uv": [0, 0, 6, 8], "rotation": 90, "texture": "#0"},
				"south": {"uv": [0, 0, 6, 8], "rotation": 90, "texture": "#0"},
				"west": {"uv": [0, 0, 6, 8], "rotation": 90, "texture": "#0"},
				"up": {"uv": [0, 0, 6, 8], "rotation": 90, "texture": "#0"},
				"down": {"uv": [0, 0, 6, 8], "rotation": 90, "texture": "#0"}
			}
		},
		{
			"name": "N Slant UU",
			"from": [6, 13, 5],
			"to": [10, 14, 6],
			"rotation": {"angle": 45, "axis": "x", "origin": [8, 12, 4]},
			"faces": {
				"north": {"uv": [0, 0, 6, 8], "texture": "#0"},
				"east": {"uv": [0, 0, 6, 8], "texture": "#0"},
				"south": {"uv": [0, 0, 6, 8], "texture": "#0"},
				"west": {"uv": [0, 0, 6, 8], "texture": "#0"},
				"up": {"uv": [0, 0, 6, 8], "texture": "#0"},
				"down": {"uv": [0, 0, 6, 8], "texture": "#0"}
			}
		},
		{
			"name": "E Slant UU",
			"from": [10, 13, 6],
			"to": [11, 14, 10],
			"rotation": {"angle": 45, "axis": "z", "origin": [12, 12, 8]},
			"faces": {
				"north": {"uv": [0, 0, 6, 8], "texture": "#0"},
				"east": {"uv": [0, 0, 6, 8], "texture": "#0"},
				"south": {"uv": [0, 0, 6, 8], "texture": "#0"},
				"west": {"uv": [0, 0, 6, 8], "texture": "#0"},
				"up": {"uv": [0, 0, 6, 8], "texture": "#0"},
				"down": {"uv": [0, 0, 6, 8], "texture": "#0"}
			}
		},
		{
			"name": "S Slant UU",
			"from": [6, 13, 10],
			"to": [10, 14, 11],
			"rotation": {"angle": -45, "axis": "x", "origin": [8, 12, 12]},
			"faces": {
				"north": {"uv": [0, 0, 6, 8], "texture": "#0"},
				"east": {"uv": [0, 0, 6, 8], "texture": "#0"},
				"south": {"uv": [0, 0, 6, 8], "texture": "#0"},
				"west": {"uv": [0, 0, 6, 8], "texture": "#0"},
				"up": {"uv": [0, 0, 6, 8], "texture": "#0"},
				"down": {"uv": [0, 0, 6, 8], "texture": "#0"}
			}
		},
		{
			"name": "W Slant UU",
			"from": [5, 10, 6],
			"to": [6, 11, 10],
			"rotation": {"angle": 45, "axis": "z", "origin": [4, 12, 8]},
			"faces": {
				"north": {"uv": [0, 0, 6, 8], "rotation": 270, "texture": "#0"},
				"east": {"uv": [0, 0, 6, 8], "rotation": 90, "texture": "#0"},
				"south": {"uv": [0, 0, 6, 8], "rotation": 90, "texture": "#0"},
				"west": {"uv": [0, 0, 6, 8], "rotation": 90, "texture": "#0"},
				"up": {"uv": [0, 0, 6, 8], "rotation": 90, "texture": "#0"},
				"down": {"uv": [0, 0, 6, 8], "rotation": 90, "texture": "#0"}
			}
		},
		{
			"name": "NW Slant U",
			"from": [5, 8, 4],
			"to": [6, 12, 5],
			"rotation": {"angle": -45, "axis": "y", "origin": [4, 11, 6]},
			"faces": {
				"north": {"uv": [0, 0, 6, 8], "rotation": 180, "texture": "#0"},
				"east": {"uv": [0, 0, 6, 8], "rotation": 90, "texture": "#0"},
				"south": {"uv": [0, 0, 6, 8], "texture": "#0"},
				"west": {"uv": [0, 0, 6, 8], "rotation": 270, "texture": "#0"},
				"up": {"uv": [0, 0, 6, 8], "texture": "#0"},
				"down": {"uv": [0, 0, 6, 8], "rotation": 180, "texture": "#0"}
			}
		},
		{
			"name": "NE Slant U",
			"from": [11, 8, 5],
			"to": [12, 12, 6],
			"rotation": {"angle": -45, "axis": "y", "origin": [10, 11, 4]},
			"faces": {
				"north": {"uv": [0, 0, 6, 8], "rotation": 180, "texture": "#0"},
				"east": {"uv": [0, 0, 6, 8], "rotation": 90, "texture": "#0"},
				"south": {"uv": [0, 0, 6, 8], "texture": "#0"},
				"west": {"uv": [0, 0, 6, 8], "rotation": 270, "texture": "#0"},
				"up": {"uv": [0, 0, 6, 8], "texture": "#0"},
				"down": {"uv": [0, 0, 6, 8], "rotation": 180, "texture": "#0"}
			}
		},
		{
			"name": "SE Slant U",
			"from": [10, 8, 11],
			"to": [11, 12, 12],
			"rotation": {"angle": -45, "axis": "y", "origin": [12, 11, 10]},
			"faces": {
				"north": {"uv": [0, 0, 6, 8], "rotation": 180, "texture": "#0"},
				"east": {"uv": [0, 0, 6, 8], "rotation": 90, "texture": "#0"},
				"south": {"uv": [0, 0, 6, 8], "texture": "#0"},
				"west": {"uv": [0, 0, 6, 8], "rotation": 270, "texture": "#0"},
				"up": {"uv": [0, 0, 6, 8], "texture": "#0"},
				"down": {"uv": [0, 0, 6, 8], "rotation": 180, "texture": "#0"}
			}
		},
		{
			"name": "SW Slant U",
			"from": [4, 8, 10],
			"to": [5, 12, 11],
			"rotation": {"angle": -45, "axis": "y", "origin": [6, 11, 12]},
			"faces": {
				"north": {"uv": [0, 0, 6, 8], "rotation": 180, "texture": "#0"},
				"east": {"uv": [0, 0, 6, 8], "rotation": 90, "texture": "#0"},
				"south": {"uv": [0, 0, 6, 8], "texture": "#0"},
				"west": {"uv": [0, 0, 6, 8], "rotation": 270, "texture": "#0"},
				"up": {"uv": [0, 0, 6, 8], "texture": "#0"},
				"down": {"uv": [0, 0, 6, 8], "rotation": 180, "texture": "#0"}
			}
		}
	],
	"display": {
		"thirdperson_righthand": {
			"rotation": [32, 0, 0],
			"translation": [0, 1.25, 0],
			"scale": [0.3, 0.3, 0.3]
		},
		"thirdperson_lefthand": {
			"rotation": [32, 0, 0],
			"translation": [0, 1.25, 0],
			"scale": [0.3, 0.3, 0.3]
		},
		"firstperson_righthand": {
			"translation": [0, 1.75, 0],
			"scale": [0.5, 0.5, 0.5]
		},
		"firstperson_lefthand": {
			"translation": [0, 1.75, 0],
			"scale": [0.5, 0.5, 0.5]
		},
		"ground": {
			"scale": [0.4, 0.4, 0.4]
		},
		"gui": {
			"rotation": [30, 135, 0],
			"translation": [0.5, 1, 0],
			"scale": [0.6, 0.6, 0.6]
		},
		"head": {
			"translation": [0, 12, 0],
			"scale": [0.7, 0.7, 0.7]
		},
		"fixed": {
			"rotation": [-90, 0, 0],
			"translation": [0, 0, -12],
			"scale": [1.5, 1.5, 1.5]
		}
	},
	"groups": [
		{
			"name": "Foundation",
			"children": [0, 1, 2, 3, 4, 5, 6]
		},
		{
			"name": "Slants",
			"children": [
				{
					"name": "Base Slants",
					"children": [7, 8, 9, 10, 11, 12, 13, 14]
				},
				{
					"name": "Lower Slants",
					"children": [15, 16, 17, 18]
				},
				{
					"name": "Upper Slants",
					"children": [19, 20, 21, 22, 23, 24, 25, 26, 27, 28, 29, 30]
				}
			]
		}
	]
}