{
	"credit": "Made with Blockbench",
	"textures": {
		"0": "hat/misc/wood_light",
		"particle": "hat/misc/wood_light"
	},
	"elements": [
		{
			"name": "Base",
			"from": [3, 0, 3],
			"to": [13, 1, 13],
			"shade": false,
			"faces": {
				"north": {"uv": [0, 8, 8, 9], "texture": "#0", "tintindex": 0},
				"east": {"uv": [0, 0, 8, 1], "texture": "#0", "tintindex": 0},
				"south": {"uv": [8, 8, 16, 9], "texture": "#0", "tintindex": 0},
				"west": {"uv": [8, 0, 16, 1], "texture": "#0", "tintindex": 0},
				"up": {"uv": [3.75, 3.75, 11.75, 11.75], "texture": "#0", "tintindex": 0},
				"down": {"uv": [3.875, 3.625, 11.875, 11.625], "texture": "#0", "tintindex": 0}
			}
		},
		{
			"name": "Lower Column",
			"from": [5, 1, 5],
			"to": [11, 7, 11],
			"faces": {
				"north": {"uv": [0, 0, 4, 16], "texture": "#0"},
				"east": {"uv": [12, 0, 16, 16], "texture": "#0"},
				"south": {"uv": [4, 0, 8, 16], "texture": "#0"},
				"west": {"uv": [8, 0, 12, 16], "texture": "#0"},
				"up": {"uv": [0, 0, 4, 16], "texture": "#0"},
				"down": {"uv": [0, 0, 4, 16], "texture": "#0"}
			}
		},
		{
			"name": "Lower Body",
			"from": [5, 7, 3],
			"to": [11, 9, 13],
			"faces": {
				"north": {"uv": [0, 0, 4, 16], "texture": "#0"},
				"east": {"uv": [12, 0, 16, 16], "texture": "#0"},
				"south": {"uv": [4, 0, 8, 16], "texture": "#0"},
				"west": {"uv": [8, 0, 12, 16], "texture": "#0"},
				"up": {"uv": [0, 0, 4, 16], "texture": "#0"},
				"down": {"uv": [0, 0, 4, 16], "texture": "#0"}
			}
		},
		{
			"name": "Centre Body",
			"from": [6, 9, 3],
			"to": [10, 10, 13],
			"faces": {
				"north": {"uv": [0, 0, 4, 16], "texture": "#0"},
				"east": {"uv": [12, 0, 16, 16], "texture": "#0"},
				"south": {"uv": [4, 0, 8, 16], "texture": "#0"},
				"west": {"uv": [8, 0, 12, 16], "texture": "#0"},
				"up": {"uv": [0, 0, 4, 16], "texture": "#0"},
				"down": {"uv": [0, 0, 4, 16], "texture": "#0"}
			}
		},
		{
			"name": "Upper Body",
			"from": [7, 10, 3],
			"to": [9, 13, 13],
			"faces": {
				"north": {"uv": [0, 0, 4, 16], "texture": "#0"},
				"east": {"uv": [12, 0, 16, 16], "texture": "#0"},
				"south": {"uv": [4, 0, 8, 16], "texture": "#0"},
				"west": {"uv": [8, 0, 12, 16], "texture": "#0"},
				"up": {"uv": [0, 0, 4, 16], "texture": "#0"},
				"down": {"uv": [0, 0, 4, 16], "texture": "#0"}
			}
		},
		{
			"name": "Head L",
			"from": [7, 13, 6],
			"to": [9, 20, 13],
			"rotation": {"angle": 0, "axis": "y", "origin": [8, 6, 8]},
			"faces": {
				"north": {"uv": [0, 0, 4, 16], "texture": "#0"},
				"east": {"uv": [12, 0, 16, 16], "texture": "#0"},
				"south": {"uv": [4, 0, 8, 16], "texture": "#0"},
				"west": {"uv": [8, 0, 12, 16], "texture": "#0"},
				"up": {"uv": [0, 0, 4, 16], "texture": "#0"},
				"down": {"uv": [0, 0, 4, 16], "texture": "#0"}
			}
		},
		{
			"name": "Head CN",
			"from": [7, 20, 6],
			"to": [9, 21, 8],
			"rotation": {"angle": 0, "axis": "y", "origin": [8, 6, 8]},
			"faces": {
				"north": {"uv": [0, 0, 4, 16], "texture": "#0"},
				"east": {"uv": [12, 0, 16, 16], "texture": "#0"},
				"south": {"uv": [4, 0, 8, 16], "texture": "#0"},
				"west": {"uv": [8, 0, 12, 16], "texture": "#0"},
				"up": {"uv": [0, 0, 4, 16], "texture": "#0"},
				"down": {"uv": [0, 0, 4, 16], "texture": "#0"}
			}
		},
		{
			"name": "Head CS",
			"from": [7, 20, 9],
			"to": [9, 21, 13],
			"rotation": {"angle": 0, "axis": "y", "origin": [8, 6, 8]},
			"faces": {
				"north": {"uv": [0, 0, 4, 16], "texture": "#0"},
				"east": {"uv": [12, 0, 16, 16], "texture": "#0"},
				"south": {"uv": [4, 0, 8, 16], "texture": "#0"},
				"west": {"uv": [8, 0, 12, 16], "texture": "#0"},
				"up": {"uv": [0, 0, 4, 16], "texture": "#0"},
				"down": {"uv": [0, 0, 4, 16], "texture": "#0"}
			}
		},
		{
			"name": "Head U1",
			"from": [7, 21, 6],
			"to": [9, 22, 13],
			"rotation": {"angle": 0, "axis": "y", "origin": [8, 6, 8]},
			"faces": {
				"north": {"uv": [0, 0, 4, 16], "texture": "#0"},
				"east": {"uv": [12, 0, 16, 16], "texture": "#0"},
				"south": {"uv": [4, 0, 8, 16], "texture": "#0"},
				"west": {"uv": [8, 0, 12, 16], "texture": "#0"},
				"up": {"uv": [0, 0, 4, 16], "texture": "#0"},
				"down": {"uv": [0, 0, 4, 16], "texture": "#0"}
			}
		},
		{
			"name": "Head U2",
			"from": [7, 22, 8],
			"to": [9, 24, 12],
			"rotation": {"angle": 0, "axis": "y", "origin": [8, 6, 8]},
			"faces": {
				"north": {"uv": [0, 0, 4, 16], "texture": "#0"},
				"east": {"uv": [12, 0, 16, 16], "texture": "#0"},
				"south": {"uv": [4, 0, 8, 16], "texture": "#0"},
				"west": {"uv": [8, 0, 12, 16], "texture": "#0"},
				"up": {"uv": [0, 0, 4, 16], "texture": "#0"},
				"down": {"uv": [0, 0, 4, 16], "texture": "#0"}
			}
		},
		{
			"name": "Nose",
			"from": [7, 17, 3],
			"to": [9, 20, 7],
			"rotation": {"angle": 0, "axis": "y", "origin": [8, 6, 8]},
			"faces": {
				"north": {"uv": [0, 0, 4, 16], "texture": "#0"},
				"east": {"uv": [12, 0, 16, 16], "texture": "#0"},
				"south": {"uv": [4, 0, 8, 16], "texture": "#0"},
				"west": {"uv": [8, 0, 12, 16], "texture": "#0"},
				"up": {"uv": [0, 0, 4, 16], "texture": "#0"},
				"down": {"uv": [0, 0, 4, 16], "texture": "#0"}
			}
		},
		{
			"name": "N Slant B1",
			"from": [5, 1, 3],
			"to": [11, 6, 4],
			"rotation": {"angle": 22.5, "axis": "x", "origin": [8, 1, 3]},
			"faces": {
				"north": {"uv": [0, 0, 6, 8], "texture": "#0"},
				"east": {"uv": [0, 0, 6, 8], "texture": "#0"},
				"south": {"uv": [0, 0, 6, 8], "texture": "#0"},
				"west": {"uv": [0, 0, 6, 8], "texture": "#0"},
				"up": {"uv": [0, 0, 6, 8], "texture": "#0"},
				"down": {"uv": [0, 0, 6, 8], "texture": "#0"}
			}
		},
		{
			"name": "E Slant B1",
			"from": [12, 1, 5],
			"to": [13, 6, 11],
			"rotation": {"angle": 22.5, "axis": "z", "origin": [13, 1, 8]},
			"faces": {
				"north": {"uv": [10, 8, 16, 16], "texture": "#0"},
				"east": {"uv": [10, 8, 16, 16], "texture": "#0"},
				"south": {"uv": [10, 8, 16, 16], "texture": "#0"},
				"west": {"uv": [10, 8, 16, 16], "texture": "#0"},
				"up": {"uv": [10, 8, 16, 16], "texture": "#0"},
				"down": {"uv": [10, 8, 16, 16], "texture": "#0"}
			}
		},
		{
			"name": "S Slant B1",
			"from": [5, 1, 12],
			"to": [11, 6, 13],
			"rotation": {"angle": -22.5, "axis": "x", "origin": [8, 1, 13]},
			"faces": {
				"north": {"uv": [0, 0, 6, 8], "texture": "#0"},
				"east": {"uv": [0, 0, 6, 8], "texture": "#0"},
				"south": {"uv": [0, 0, 6, 8], "texture": "#0"},
				"west": {"uv": [0, 0, 6, 8], "texture": "#0"},
				"up": {"uv": [0, 0, 6, 8], "texture": "#0"},
				"down": {"uv": [0, 0, 6, 8], "texture": "#0"}
			}
		},
		{
			"name": "W Slant B1",
			"from": [3, 1, 5],
			"to": [4, 6, 11],
			"rotation": {"angle": -22.5, "axis": "z", "origin": [3, 1, 8]},
			"faces": {
				"north": {"uv": [10, 0, 16, 8], "texture": "#0"},
				"east": {"uv": [10, 0, 16, 8], "texture": "#0"},
				"south": {"uv": [10, 0, 16, 8], "texture": "#0"},
				"west": {"uv": [10, 0, 16, 8], "texture": "#0"},
				"up": {"uv": [10, 0, 16, 8], "texture": "#0"},
				"down": {"uv": [10, 0, 16, 8], "texture": "#0"}
			}
		},
		{
			"name": "N Slant B2",
			"from": [5, 1, 4],
			"to": [11, 6, 5],
			"rotation": {"angle": 22.5, "axis": "x", "origin": [8, 1, 4]},
			"faces": {
				"north": {"uv": [0, 0, 6, 8], "texture": "#0"},
				"east": {"uv": [0, 0, 6, 8], "texture": "#0"},
				"south": {"uv": [0, 0, 6, 8], "texture": "#0"},
				"west": {"uv": [0, 0, 6, 8], "texture": "#0"},
				"up": {"uv": [0, 0, 6, 8], "texture": "#0"},
				"down": {"uv": [0, 0, 6, 8], "texture": "#0"}
			}
		},
		{
			"name": "E Slant B2",
			"from": [11, 1, 5],
			"to": [12, 6, 11],
			"rotation": {"angle": 22.5, "axis": "z", "origin": [12, 1, 8]},
			"faces": {
				"north": {"uv": [10, 8, 16, 16], "texture": "#0"},
				"east": {"uv": [10, 8, 16, 16], "texture": "#0"},
				"south": {"uv": [10, 8, 16, 16], "texture": "#0"},
				"west": {"uv": [10, 8, 16, 16], "texture": "#0"},
				"up": {"uv": [10, 8, 16, 16], "texture": "#0"},
				"down": {"uv": [10, 8, 16, 16], "texture": "#0"}
			}
		},
		{
			"name": "S Slant B2",
			"from": [5, 1, 11],
			"to": [11, 6, 12],
			"rotation": {"angle": -22.5, "axis": "x", "origin": [8, 1, 12]},
			"faces": {
				"north": {"uv": [0, 0, 6, 8], "texture": "#0"},
				"east": {"uv": [0, 0, 6, 8], "texture": "#0"},
				"south": {"uv": [0, 0, 6, 8], "texture": "#0"},
				"west": {"uv": [0, 0, 6, 8], "texture": "#0"},
				"up": {"uv": [0, 0, 6, 8], "texture": "#0"},
				"down": {"uv": [0, 0, 6, 8], "texture": "#0"}
			}
		},
		{
			"name": "W Slant B2",
			"from": [4, 1, 5],
			"to": [5, 6, 11],
			"rotation": {"angle": -22.5, "axis": "z", "origin": [4, 1, 8]},
			"faces": {
				"north": {"uv": [10, 0, 16, 8], "texture": "#0"},
				"east": {"uv": [10, 0, 16, 8], "texture": "#0"},
				"south": {"uv": [10, 0, 16, 8], "texture": "#0"},
				"west": {"uv": [10, 0, 16, 8], "texture": "#0"},
				"up": {"uv": [10, 0, 16, 8], "texture": "#0"},
				"down": {"uv": [10, 0, 16, 8], "texture": "#0"}
			}
		},
		{
			"name": "N Slant L",
			"from": [5, 6, 5],
			"to": [11, 8, 6],
			"rotation": {"angle": -45, "axis": "x", "origin": [8, 6, 5]},
			"faces": {
				"north": {"uv": [0, 0, 6, 8], "texture": "#0"},
				"east": {"uv": [0, 0, 6, 8], "texture": "#0"},
				"south": {"uv": [0, 0, 6, 8], "texture": "#0"},
				"west": {"uv": [0, 0, 6, 8], "texture": "#0"},
				"up": {"uv": [0, 0, 6, 8], "texture": "#0"},
				"down": {"uv": [0, 0, 6, 8], "texture": "#0"}
			}
		},
		{
			"name": "E Slant L",
			"from": [10, 9, 3],
			"to": [11, 13, 13],
			"rotation": {"angle": 45, "axis": "z", "origin": [11, 9, 8]},
			"faces": {
				"north": {"uv": [0, 0, 6, 8], "texture": "#0"},
				"east": {"uv": [0, 0, 6, 8], "texture": "#0"},
				"south": {"uv": [0, 0, 6, 8], "texture": "#0"},
				"west": {"uv": [0, 0, 6, 8], "texture": "#0"},
				"up": {"uv": [0, 0, 6, 8], "texture": "#0"},
				"down": {"uv": [0, 0, 6, 8], "texture": "#0"}
			}
		},
		{
			"name": "S Slant L",
			"from": [5, 6, 11],
			"to": [11, 7, 13],
			"rotation": {"angle": -45, "axis": "x", "origin": [8, 6, 11]},
			"faces": {
				"north": {"uv": [0, 0, 6, 8], "rotation": 180, "texture": "#0"},
				"east": {"uv": [0, 0, 6, 8], "rotation": 270, "texture": "#0"},
				"south": {"uv": [0, 0, 6, 8], "texture": "#0"},
				"west": {"uv": [0, 0, 6, 8], "rotation": 90, "texture": "#0"},
				"up": {"uv": [0, 0, 6, 8], "rotation": 180, "texture": "#0"},
				"down": {"uv": [0, 0, 6, 8], "texture": "#0"}
			}
		},
		{
			"name": "W Slant L",
			"from": [5, 9, 3],
			"to": [6, 13, 13],
			"rotation": {"angle": -45, "axis": "z", "origin": [5, 9, 8]},
			"faces": {
				"north": {"uv": [0, 0, 6, 8], "texture": "#0"},
				"east": {"uv": [0, 0, 6, 8], "texture": "#0"},
				"south": {"uv": [0, 0, 6, 8], "texture": "#0"},
				"west": {"uv": [0, 0, 6, 8], "texture": "#0"},
				"up": {"uv": [0, 0, 6, 8], "texture": "#0"},
				"down": {"uv": [0, 0, 6, 8], "texture": "#0"}
			}
		},
		{
			"name": "N Slant C",
			"from": [7, 10, 3],
			"to": [9, 13, 8],
			"rotation": {"angle": -45, "axis": "x", "origin": [8, 13, 3]},
			"faces": {
				"north": {"uv": [0, 0, 6, 8], "rotation": 180, "texture": "#0"},
				"east": {"uv": [0, 0, 6, 8], "rotation": 270, "texture": "#0"},
				"south": {"uv": [0, 0, 6, 8], "texture": "#0"},
				"west": {"uv": [0, 0, 6, 8], "rotation": 90, "texture": "#0"},
				"up": {"uv": [0, 0, 6, 8], "rotation": 180, "texture": "#0"},
				"down": {"uv": [0, 0, 6, 8], "texture": "#0"}
			}
		},
		{
			"name": "N Slant U",
			"from": [7, 20, 6],
			"to": [9, 22, 9],
			"rotation": {"angle": -45, "axis": "x", "origin": [8, 22, 6]},
			"faces": {
				"north": {"uv": [0, 0, 6, 8], "rotation": 180, "texture": "#0"},
				"east": {"uv": [0, 0, 6, 8], "rotation": 270, "texture": "#0"},
				"south": {"uv": [0, 0, 6, 8], "texture": "#0"},
				"west": {"uv": [0, 0, 6, 8], "rotation": 90, "texture": "#0"},
				"up": {"uv": [0, 0, 6, 8], "rotation": 180, "texture": "#0"},
				"down": {"uv": [0, 0, 6, 8], "texture": "#0"}
			}
		},
		{
			"name": "S Slant U",
			"from": [7, 22, 12],
			"to": [9, 24, 13],
			"rotation": {"angle": -22.5, "axis": "x", "origin": [8, 22, 13]},
			"faces": {
				"north": {"uv": [0, 0, 6, 8], "texture": "#0"},
				"east": {"uv": [0, 0, 6, 8], "texture": "#0"},
				"south": {"uv": [0, 0, 6, 8], "texture": "#0"},
				"west": {"uv": [0, 0, 6, 8], "texture": "#0"},
				"up": {"uv": [0, 0, 6, 8], "texture": "#0"},
				"down": {"uv": [0, 0, 6, 8], "texture": "#0"}
			}
		}
	],
	"display": {
		"thirdperson_righthand": {
			"rotation": [32, 0, 0],
			"translation": [0, 1.25, 0],
			"scale": [0.3, 0.3, 0.3]
		},
		"thirdperson_lefthand": {
			"rotation": [32, 0, 0],
			"translation": [0, 1.25, 0],
			"scale": [0.3, 0.3, 0.3]
		},
		"firstperson_righthand": {
			"translation": [0, 1.75, 0],
			"scale": [0.3, 0.3, 0.3]
		},
		"firstperson_lefthand": {
			"translation": [0, 1.75, 0],
			"scale": [0.3, 0.3, 0.3]
		},
		"ground": {
			"scale": [0.4, 0.4, 0.4]
		},
		"gui": {
			"rotation": [30, 135, 0],
			"translation": [-0.25, -1.25, 0],
			"scale": [0.5, 0.5, 0.5]
		},
		"head": {
			"translation": [0, 12, 0],
			"scale": [0.7, 0.7, 0.7]
		},
		"fixed": {
			"rotation": [-90, 0, 0],
			"translation": [0, 0, -12],
			"scale": [1.5, 1.5, 1.5]
		}
	},
	"groups": [
		{
			"name": "Foundation",
			"origin": [8, 8, 8],
			"children": [0, 1, 2, 3, 4, 5, 6, 7, 8, 9, 10]
		},
		{
			"name": "Slants",
			"origin": [8, 8, 8],
			"children": [
				{
					"name": "Base Slants",
					"origin": [8, 8, 8],
					"children": [11, 12, 13, 14, 15, 16, 17, 18]
				},
				{
					"name": "Lower Slants",
					"origin": [8, 8, 8],
					"children": [19, 20, 21, 22,
						{
							"name": "Centre Slants",
							"origin": [8, 6, 5],
							"children": [23]
						},
						{
							"name": "Upper Slants",
							"origin": [8, 6, 5],
							"children": [24, 25]
						}
					]
				}
			]
		}
	]
}