{
	"credit": "Made with Blockbench",
	"textures": {
		"1": "hat/misc/fedora",
		"particle": "hat/misc/fedora"
	},
	"elements": [
		{
			"from": [6.25, 2.5, 3.6],
			"to": [10.25, 4.5, 12.4],
			"rotation": {"angle": 22.5, "axis": "z", "origin": [10.75, -3.5, 8]},
			"faces": {
				"north": {"uv": [11, 14, 7, 16], "rotation": 180, "texture": "#1"},
				"east": {"uv": [16, 12, 7, 16], "rotation": 180, "texture": "#1"},
				"south": {"uv": [11, 14, 7, 16], "rotation": 180, "texture": "#1"},
				"west": {"uv": [16, 14, 7, 16], "rotation": 180, "texture": "#1"},
				"down": {"uv": [16, 7, 12, 16], "texture": "#1"}
			}
		},
		{
			"from": [5.75, 2.5, 3.6],
			"to": [9.75, 4.5, 12.4],
			"rotation": {"angle": -22.5, "axis": "z", "origin": [5.25, -3.5, 8]},
			"faces": {
				"north": {"uv": [7, 14, 11, 16], "rotation": 180, "texture": "#1"},
				"east": {"uv": [7, 14, 16, 16], "rotation": 180, "texture": "#1"},
				"south": {"uv": [7, 14, 11, 16], "rotation": 180, "texture": "#1"},
				"west": {"uv": [7, 12, 16, 16], "rotation": 180, "texture": "#1"},
				"down": {"uv": [12, 7, 16, 16], "texture": "#1"}
			}
		},
		{
			"from": [1.5, 5, 1.5],
			"to": [14.5, 6, 14.5],
			"faces": {
				"north": {"uv": [0, 0, 13, 1], "texture": "#1"},
				"east": {"uv": [0, 0, 13, 1], "texture": "#1"},
				"south": {"uv": [0, 0, 13, 1], "texture": "#1"},
				"west": {"uv": [0, 0, 13, 1], "texture": "#1"},
				"up": {"uv": [0, 0, 13, 13], "texture": "#1"},
				"down": {"uv": [0, 0, 13, 13], "texture": "#1"}
			}
		},
		{
			"from": [3.5, 2, 3.5],
			"to": [12.5, 6, 12.5],
			"faces": {
				"north": {"uv": [7, 12, 16, 16], "rotation": 180, "texture": "#1"},
				"east": {"uv": [7, 12, 16, 16], "rotation": 180, "texture": "#1"},
				"south": {"uv": [7, 12, 16, 16], "rotation": 180, "texture": "#1"},
				"west": {"uv": [7, 12, 16, 16], "rotation": 180, "texture": "#1"},
				"down": {"uv": [2, 2, 11, 11], "texture": "#1"}
			}
		}
	],
	"display": {
		"head": {
			"scale": [1.2, 1.2, 1.2],
			"translation": [0, 15, 0]
		},
		"fixed": {
			"rotation": [-90, 0, 0],
			"translation": [0, 0, -9.5]
		},
		"gui": {
			"rotation": [30, 135, 0],
			"translation": [0, 3.5, 0],
			"scale": [0.8, 0.8, 0.8]
		},
		"thirdperson_righthand": {
			"scale": [0.6, 0.6, 0.6],
			"rotation": [0, 0, 0]
		},
		"thirdperson_lefthand": {
			"scale": [0.6, 0.6, 0.6]
		},
		"firstperson_righthand": {
			"translation": [0, 3.5, 0]
		},
		"firstperson_lefthand": {
			"translation": [0, 3.5, 0]
		},
		"ground": {
			"scale": [0.8, 0.8, 0.8],
			"translation": [0, 3, 0]
		}
	}
}