{
	"credit": "Made with Blockbench",
	"textures": {
		"0": "hat/misc/hebtex/spider_plush",
		"particle": "hat/misc/hebtex/spider_plush"
	},
	"elements": [
		{
			"from": [3.96, 4.04, 3.96],
			"to": [12.04, 12.12, 12.04],
			"rotation": {"angle": -45, "axis": "z", "origin": [8, 8.08, 8]},
			"faces": {
				"north": {"uv": [0, 0, 11, 11], "texture": "#0"},
				"east": {"uv": [8, 8, 16, 16], "texture": "#0"},
				"south": {"uv": [8, 8, 16, 16], "texture": "#0"},
				"west": {"uv": [8, 8, 16, 16], "texture": "#0"},
				"up": {"uv": [8, 8, 16, 16], "texture": "#0"},
				"down": {"uv": [8, 8, 16, 16], "texture": "#0"}
			}
		},
		{
			"from": [-0.08, 9.09, 7.495],
			"to": [8, 11.11, 8.505],
			"rotation": {"angle": 0, "axis": "y", "origin": [8, 8.08, 8]},
			"faces": {
				"north": {"uv": [12, 0, 16, 8], "texture": "#0"},
				"east": {"uv": [0, 5.66667, 0.33333, 6.33333], "rotation": 180, "texture": "#0"},
				"south": {"uv": [12, 0, 16, 8], "rotation": 90, "texture": "#0"},
				"west": {"uv": [14, 0, 16, 4], "texture": "#0"},
				"up": {"uv": [14, 0, 16, 8], "rotation": 90, "texture": "#0"},
				"down": {"uv": [14, 0, 16, 8], "rotation": 90, "texture": "#0"}
			}
		},
		{
			"from": [-0.08, 9.09, 7.495],
			"to": [8, 11.11, 8.505],
			"rotation": {"angle": 22.5, "axis": "y", "origin": [8, 8.08, 8]},
			"faces": {
				"north": {"uv": [12, 0, 16, 8], "texture": "#0"},
				"east": {"uv": [6, 5.66667, 6.33333, 6.33333], "rotation": 180, "texture": "#0"},
				"south": {"uv": [12, 0, 16, 8], "rotation": 90, "texture": "#0"},
				"west": {"uv": [14, 0, 16, 4], "rotation": 180, "texture": "#0"},
				"up": {"uv": [14, 0, 16, 8], "rotation": 90, "texture": "#0"},
				"down": {"uv": [14, 0, 16, 8], "rotation": 90, "texture": "#0"}
			}
		},
		{
			"from": [-0.08, 9.09, 7.495],
			"to": [8, 11.11, 8.505],
			"rotation": {"angle": -22.5, "axis": "y", "origin": [8, 8.08, 8]},
			"faces": {
				"north": {"uv": [12, 0, 16, 8], "texture": "#0"},
				"east": {"uv": [0, 6.66667, 0.33333, 7.33333], "rotation": 180, "texture": "#0"},
				"south": {"uv": [12, 0, 16, 8], "rotation": 90, "texture": "#0"},
				"west": {"uv": [14, 0, 16, 4], "texture": "#0"},
				"up": {"uv": [14, 0, 16, 8], "rotation": 90, "texture": "#0"},
				"down": {"uv": [14, 0, 16, 8], "rotation": 90, "texture": "#0"}
			}
		},
		{
			"from": [9.01, 0, 7.495],
			"to": [11.03, 8.08, 8.505],
			"rotation": {"angle": 0, "axis": "y", "origin": [8, 8.08, 8]},
			"faces": {
				"north": {"uv": [12, 0, 16, 8], "texture": "#0"},
				"east": {"uv": [14, 0, 16, 8], "texture": "#0"},
				"south": {"uv": [12, 0, 16, 8], "texture": "#0"},
				"west": {"uv": [14, 0, 16, 8], "texture": "#0"},
				"up": {"uv": [0, 6.33333, 0.33333, 5.66667], "rotation": 90, "texture": "#0"},
				"down": {"uv": [14, 0, 16, 4], "texture": "#0"}
			}
		},
		{
			"from": [9.01, 0, 7.495],
			"to": [11.03, 8.08, 8.505],
			"rotation": {"angle": -22.5, "axis": "x", "origin": [8, 8.08, 8]},
			"faces": {
				"north": {"uv": [12, 0, 16, 8], "texture": "#0"},
				"east": {"uv": [14, 0, 16, 8], "texture": "#0"},
				"south": {"uv": [12, 0, 16, 8], "texture": "#0"},
				"west": {"uv": [14, 0, 16, 8], "texture": "#0"},
				"up": {"uv": [6, 6.33333, 6.33333, 5.66667], "rotation": 90, "texture": "#0"},
				"down": {"uv": [14, 0, 16, 4], "texture": "#0"}
			}
		},
		{
			"from": [9.01, 0, 7.495],
			"to": [11.03, 8.08, 8.505],
			"rotation": {"angle": 22.5, "axis": "x", "origin": [8, 8.08, 8]},
			"faces": {
				"north": {"uv": [12, 0, 16, 8], "texture": "#0"},
				"east": {"uv": [14, 0, 16, 8], "texture": "#0"},
				"south": {"uv": [12, 0, 16, 8], "texture": "#0"},
				"west": {"uv": [14, 0, 16, 8], "texture": "#0"},
				"up": {"uv": [0, 7.33333, 0.33333, 6.66667], "rotation": 90, "texture": "#0"},
				"down": {"uv": [14, 0, 16, 4], "texture": "#0"}
			}
		}
	],
	"display": {
		"thirdperson_righthand": {
			"rotation": [51, 0, 45],
			"translation": [0, 1.5, -1]
		},
		"thirdperson_lefthand": {
			"rotation": [51, 0, -45],
			"translation": [0, 1.5, -1]
		},
		"ground": {
			"rotation": [0, 0, 45],
			"translation": [0, 1.5, 0]
		},
		"gui": {
			"rotation": [30, 135, 45],
			"translation": [0, 0.5, 0]
		},
		"head": {
			"rotation": [0, 0, 45],
			"translation": [0, 1.5, 0],
			"scale": [2, 2, 2]
		},
		"fixed": {
			"rotation": [-90, 0, 45],
			"translation": [0.25, 0, 16.75],
			"scale": [4, 4, 4]
		}
	},
	"groups": [0,
		{
			"name": "group",
			"origin": [8, 8, 8],
			"children": [1, 2, 3]
		},
		{
			"name": "group",
			"origin": [8, 8, 8],
			"children": [4, 5, 6]
		}
	]
}