{
	"credit": "Made with Blockbench",
	"textures": {
		"0": "hat/misc/deer_head"
	},
	"elements": [
		{
			"from": [2.5, 10, 9.5],
			"to": [5.5, 12, 10.5],
			"rotation": {"angle": -22.5, "axis": "z", "origin": [2, 9.5, 9.5]},
			"faces": {
				"north": {"uv": [1, 0, 2, 1.5], "rotation": 90, "texture": "#0"},
				"east": {"uv": [5.5, 0, 10, 2], "texture": "#0"},
				"south": {"uv": [0, 0, 1, 1.5], "rotation": 90, "texture": "#0"},
				"west": {"uv": [0, 0, 1, 0.5], "rotation": 90, "texture": "#0"},
				"up": {"uv": [0, 0, 0.5, 1.5], "rotation": 90, "texture": "#0"},
				"down": {"uv": [0.5, 0, 1, 1.5], "rotation": 90, "texture": "#0"}
			}
		},
		{
			"from": [6.5, 7, 1.5],
			"to": [9.5, 11, 5.5],
			"faces": {
				"north": {"uv": [2, 7.5, 3.5, 9.5], "texture": "#0"},
				"east": {"uv": [0, 7.5, 2, 9.5], "texture": "#0"},
				"south": {"uv": [2.5, 3.5, 7, 5.5], "texture": "#0"},
				"west": {"uv": [3.5, 7.5, 5.5, 9.5], "texture": "#0"},
				"up": {"uv": [2, 5.5, 3.5, 7.5], "rotation": 180, "texture": "#0"},
				"down": {"uv": [3.5, 5.5, 5, 7.5], "texture": "#0"}
			}
		},
		{
			"from": [5.5, 7, 5.5],
			"to": [10.5, 12, 11.5],
			"faces": {
				"north": {"uv": [3, 3, 5.5, 5.5], "texture": "#0"},
				"east": {"uv": [0, 3, 3, 5.5], "texture": "#0"},
				"south": {"uv": [8.5, 3, 11, 5.5], "texture": "#0"},
				"west": {"uv": [5.5, 3, 8.5, 5.5], "texture": "#0"},
				"up": {"uv": [3, 0, 5.5, 3], "texture": "#0"},
				"down": {"uv": [6, 5.5, 8.5, 8.5], "rotation": 180, "texture": "#0"}
			}
		},
		{
			"from": [6, 1, 7.25],
			"to": [10, 8, 11.25],
			"rotation": {"angle": -22.5, "axis": "x", "origin": [8, 5, 8.5]},
			"faces": {
				"north": {"uv": [2, 12.5, 4, 16], "texture": "#0"},
				"east": {"uv": [0, 12.5, 2, 16], "texture": "#0"},
				"south": {"uv": [6, 12.5, 8, 16], "texture": "#0"},
				"west": {"uv": [4, 12.5, 6, 16], "texture": "#0"},
				"up": {"uv": [2, 10.5, 4, 12.5], "texture": "#0"},
				"down": {"uv": [6, 12.5, 8, 14.5], "texture": "#0"}
			}
		},
		{
			"from": [10.5, 10, 9.5],
			"to": [13.5, 12, 10.5],
			"rotation": {"angle": 22.5, "axis": "z", "origin": [14, 9.5, 9.5]},
			"faces": {
				"north": {"uv": [1, 1.5, 2, 0], "rotation": 90, "texture": "#0"},
				"east": {"uv": [0, 0.5, 1, 0], "rotation": 90, "texture": "#0"},
				"south": {"uv": [0, 1.5, 1, 0], "rotation": 90, "texture": "#0"},
				"west": {"uv": [10, 0, 5.5, 2], "texture": "#0"},
				"up": {"uv": [0, 1.5, 0.5, 0], "rotation": 90, "texture": "#0"},
				"down": {"uv": [0.5, 1.5, 1, 0], "rotation": 90, "texture": "#0"}
			}
		},
		{
			"from": [10.5, 10.5, 7.5],
			"to": [11.5, 15.5, 8.5],
			"rotation": {"angle": -22.5, "axis": "z", "origin": [9.75, 14, 8]},
			"faces": {
				"north": {"uv": [5.5, 0, 8, 0.5], "rotation": 90, "texture": "#0"},
				"east": {"uv": [5.5, 0, 8, 0.5], "rotation": 90, "texture": "#0"},
				"south": {"uv": [5.5, 0, 8, 0.5], "rotation": 90, "texture": "#0"},
				"west": {"uv": [5.5, 0, 8, 0.5], "rotation": 90, "texture": "#0"},
				"up": {"uv": [5.5, 0, 6, 0.5], "rotation": 90, "texture": "#0"},
				"down": {"uv": [5.5, 0, 8, 0.5], "rotation": 90, "texture": "#0"}
			}
		},
		{
			"from": [10.75, 13.5, 7.75],
			"to": [11.75, 17.5, 8.75],
			"rotation": {"angle": 22.5, "axis": "z", "origin": [9.75, 14, 8]},
			"faces": {
				"north": {"uv": [5.5, 0, 7.5, 0.5], "rotation": 90, "texture": "#0"},
				"east": {"uv": [5.5, 0, 7.5, 0.5], "rotation": 90, "texture": "#0"},
				"south": {"uv": [5.5, 0, 7.5, 0.5], "rotation": 90, "texture": "#0"},
				"west": {"uv": [5.5, 0, 7.5, 0.5], "rotation": 90, "texture": "#0"},
				"up": {"uv": [5.5, 0, 6, 0.5], "rotation": 90, "texture": "#0"},
				"down": {"uv": [5.5, 0, 6, 0.5], "rotation": 90, "texture": "#0"}
			}
		},
		{
			"from": [11.25, 13.75, 3.5],
			"to": [12.25, 14.75, 7.5],
			"rotation": {"angle": 22.5, "axis": "x", "origin": [10, 14, 8]},
			"faces": {
				"north": {"uv": [5.5, 0, 6, 0.5], "rotation": 270, "texture": "#0"},
				"east": {"uv": [5.5, 0, 7.5, 0.5], "rotation": 180, "texture": "#0"},
				"south": {"uv": [5.5, 0, 6, 0.5], "rotation": 90, "texture": "#0"},
				"west": {"uv": [5.5, 0, 7.5, 0.5], "texture": "#0"},
				"up": {"uv": [5.5, 0, 7.5, 0.5], "rotation": 90, "texture": "#0"},
				"down": {"uv": [5.5, 0, 7.5, 0.5], "rotation": 270, "texture": "#0"}
			}
		},
		{
			"from": [10.75, 15.5, 6.75],
			"to": [11.75, 19.5, 7.75],
			"rotation": {"angle": -22.5, "axis": "z", "origin": [9.75, 14, 8]},
			"faces": {
				"north": {"uv": [5.5, 0, 7.5, 0.5], "rotation": 90, "texture": "#0"},
				"east": {"uv": [5.5, 0, 7.5, 0.5], "rotation": 90, "texture": "#0"},
				"south": {"uv": [5.5, 0, 7.5, 0.5], "rotation": 90, "texture": "#0"},
				"west": {"uv": [5.5, 0, 7.5, 0.5], "rotation": 90, "texture": "#0"},
				"up": {"uv": [5.5, 0, 6, 0.5], "rotation": 90, "texture": "#0"},
				"down": {"uv": [5.5, 0, 6, 0.5], "rotation": 90, "texture": "#0"}
			}
		},
		{
			"from": [10.8, 16.2, 3.75],
			"to": [11.8, 20.2, 4.75],
			"rotation": {"angle": -22.5, "axis": "z", "origin": [10, 14, 8]},
			"faces": {
				"north": {"uv": [5.5, 0, 7.5, 0.5], "rotation": 90, "texture": "#0"},
				"east": {"uv": [5.5, 0, 7.5, 0.5], "rotation": 90, "texture": "#0"},
				"south": {"uv": [5.5, 0, 7.5, 0.5], "rotation": 90, "texture": "#0"},
				"west": {"uv": [5.5, 0, 7.5, 0.5], "rotation": 90, "texture": "#0"},
				"up": {"uv": [5.5, 0, 6, 0.5], "rotation": 90, "texture": "#0"},
				"down": {"uv": [5.5, 0, 6, 0.5], "rotation": 90, "texture": "#0"}
			}
		},
		{
			"from": [3.75, 13.75, 3.5],
			"to": [4.75, 14.75, 7.5],
			"rotation": {"angle": 22.5, "axis": "x", "origin": [6, 14, 8]},
			"faces": {
				"north": {"uv": [5.5, 0.5, 6, 0], "rotation": 270, "texture": "#0"},
				"east": {"uv": [7.5, 0, 5.5, 0.5], "texture": "#0"},
				"south": {"uv": [5.5, 0.5, 6, 0], "rotation": 90, "texture": "#0"},
				"west": {"uv": [7.5, 0, 5.5, 0.5], "rotation": 180, "texture": "#0"},
				"up": {"uv": [5.5, 0.5, 7.5, 0], "rotation": 90, "texture": "#0"},
				"down": {"uv": [5.5, 0.5, 7.5, 0], "rotation": 270, "texture": "#0"}
			}
		},
		{
			"from": [4.5, 10.5, 7.5],
			"to": [5.5, 15.5, 8.5],
			"rotation": {"angle": 22.5, "axis": "z", "origin": [6.25, 14, 8]},
			"faces": {
				"north": {"uv": [5.5, 0.5, 8, 0], "rotation": 90, "texture": "#0"},
				"east": {"uv": [5.5, 0.5, 8, 0], "rotation": 90, "texture": "#0"},
				"south": {"uv": [5.5, 0.5, 8, 0], "rotation": 90, "texture": "#0"},
				"west": {"uv": [5.5, 0.5, 8, 0], "rotation": 90, "texture": "#0"},
				"up": {"uv": [5.5, 0.5, 6, 0], "rotation": 90, "texture": "#0"},
				"down": {"uv": [5.5, 0.5, 8, 0], "rotation": 90, "texture": "#0"}
			}
		},
		{
			"from": [4.25, 13.5, 7.75],
			"to": [5.25, 17.5, 8.75],
			"rotation": {"angle": -22.5, "axis": "z", "origin": [6.25, 14, 8]},
			"faces": {
				"north": {"uv": [5.5, 0.5, 7.5, 0], "rotation": 90, "texture": "#0"},
				"east": {"uv": [5.5, 0.5, 7.5, 0], "rotation": 90, "texture": "#0"},
				"south": {"uv": [5.5, 0.5, 7.5, 0], "rotation": 90, "texture": "#0"},
				"west": {"uv": [5.5, 0.5, 7.5, 0], "rotation": 90, "texture": "#0"},
				"up": {"uv": [5.5, 0.5, 6, 0], "rotation": 90, "texture": "#0"},
				"down": {"uv": [5.5, 0.5, 6, 0], "rotation": 90, "texture": "#0"}
			}
		},
		{
			"from": [4.25, 15.5, 6.75],
			"to": [5.25, 19.5, 7.75],
			"rotation": {"angle": 22.5, "axis": "z", "origin": [6.25, 14, 8]},
			"faces": {
				"north": {"uv": [5.5, 0.5, 7.5, 0], "rotation": 90, "texture": "#0"},
				"east": {"uv": [5.5, 0.5, 7.5, 0], "rotation": 90, "texture": "#0"},
				"south": {"uv": [5.5, 0.5, 7.5, 0], "rotation": 90, "texture": "#0"},
				"west": {"uv": [5.5, 0.5, 7.5, 0], "rotation": 90, "texture": "#0"},
				"up": {"uv": [5.5, 0.5, 6, 0], "rotation": 90, "texture": "#0"},
				"down": {"uv": [5.5, 0.5, 6, 0], "rotation": 90, "texture": "#0"}
			}
		},
		{
			"from": [4.2, 16.2, 3.75],
			"to": [5.2, 20.2, 4.75],
			"rotation": {"angle": 22.5, "axis": "z", "origin": [6, 14, 8]},
			"faces": {
				"north": {"uv": [5.5, 0.5, 7.5, 0], "rotation": 90, "texture": "#0"},
				"east": {"uv": [5.5, 0.5, 7.5, 0], "rotation": 90, "texture": "#0"},
				"south": {"uv": [5.5, 0.5, 7.5, 0], "rotation": 90, "texture": "#0"},
				"west": {"uv": [5.5, 0.5, 7.5, 0], "rotation": 90, "texture": "#0"},
				"up": {"uv": [5.5, 0.5, 6, 0], "rotation": 90, "texture": "#0"},
				"down": {"uv": [5.5, 0.5, 6, 0], "rotation": 90, "texture": "#0"}
			}
		}
	],
	"display": {
		"thirdperson_righthand": {
			"rotation": [30, 0, 0],
			"translation": [0, 2.5, 1.75],
			"scale": [0.8, 0.8, 0.8]
		},
		"thirdperson_lefthand": {
			"rotation": [30, 0, 0],
			"translation": [0, 2.5, 1.75],
			"scale": [0.8, 0.8, 0.8]
		},
		"gui": {
			"rotation": [30, 135, 0],
			"translation": [0, -1, 0],
			"scale": [0.8, 0.8, 0.8]
		},
		"head": {
			"translation": [0, -4.25, -1.25],
			"scale": [3, 3, 2.5]
		},
		"fixed": {
			"translation": [0, 6, -7.5],
			"scale": [2, 2, 2]
		}
	}
}