{
	"credit": "Made with Blockbench",
	"textures": {
		"0": "hat/misc/diamond_on_a_stick"
	},
	"elements": [
		{
			"from": [14, 5, 7.5],
			"to": [16, 6, 8.5],
			"faces": {
				"north": {"uv": [8, 15, 10, 16], "texture": "#0"},
				"east": {"uv": [8, 15, 10, 16], "texture": "#0"},
				"south": {"uv": [8, 15, 10, 16], "texture": "#0"},
				"west": {"uv": [8, 15, 10, 16], "texture": "#0"},
				"up": {"uv": [8, 15, 10, 16], "texture": "#0"},
				"down": {"uv": [8, 15, 10, 16], "texture": "#0"}
			}
		},
		{
			"from": [13, 6, 7.5],
			"to": [16, 7, 8.5],
			"faces": {
				"north": {"uv": [8, 14, 11, 15], "texture": "#0"},
				"east": {"uv": [8, 14, 9, 15], "texture": "#0"},
				"south": {"uv": [8, 14, 11, 15], "rotation": 180, "texture": "#0"},
				"west": {"uv": [10, 14, 11, 15], "texture": "#0"},
				"up": {"uv": [8, 14, 11, 15], "rotation": 180, "texture": "#0"},
				"down": {"uv": [8, 14, 11, 15], "rotation": 180, "texture": "#0"}
			}
		},
		{
			"from": [9, 7, 7.5],
			"to": [15, 8, 8.5],
			"faces": {
				"north": {"uv": [9, 13, 15, 14], "texture": "#0"},
				"east": {"uv": [9, 13, 10, 14], "texture": "#0"},
				"south": {"uv": [9, 13, 15, 14], "rotation": 180, "texture": "#0"},
				"west": {"uv": [14, 13, 15, 14], "texture": "#0"},
				"up": {"uv": [9, 13, 15, 14], "rotation": 180, "texture": "#0"},
				"down": {"uv": [9, 13, 15, 14], "rotation": 180, "texture": "#0"}
			}
		},
		{
			"from": [9, 8, 7.5],
			"to": [14, 9, 8.5],
			"faces": {
				"north": {"uv": [10, 12, 15, 13], "texture": "#0"},
				"east": {"uv": [10, 12, 11, 13], "texture": "#0"},
				"south": {"uv": [10, 12, 15, 13], "rotation": 180, "texture": "#0"},
				"west": {"uv": [14, 12, 15, 13], "texture": "#0"},
				"up": {"uv": [10, 12, 15, 13], "rotation": 180, "texture": "#0"},
				"down": {"uv": [10, 12, 15, 13], "texture": "#0"}
			}
		},
		{
			"from": [10, 9, 7.5],
			"to": [13, 10, 8.5],
			"faces": {
				"north": {"uv": [11, 11, 14, 12], "texture": "#0"},
				"east": {"uv": [11, 11, 12, 12], "texture": "#0"},
				"south": {"uv": [11, 11, 14, 12], "rotation": 180, "texture": "#0"},
				"west": {"uv": [13, 11, 14, 12], "texture": "#0"},
				"up": {"uv": [11, 11, 14, 12], "rotation": 180, "texture": "#0"},
				"down": {"uv": [11, 11, 14, 12], "rotation": 180, "texture": "#0"}
			}
		},
		{
			"from": [9, 10, 7.5],
			"to": [13, 11, 8.5],
			"faces": {
				"north": {"uv": [11, 10, 15, 11], "texture": "#0"},
				"east": {"uv": [11, 10, 12, 11], "texture": "#0"},
				"south": {"uv": [11, 10, 15, 11], "rotation": 180, "texture": "#0"},
				"west": {"uv": [14, 10, 15, 11], "texture": "#0"},
				"up": {"uv": [11, 10, 15, 11], "rotation": 180, "texture": "#0"},
				"down": {"uv": [11, 10, 15, 11], "rotation": 180, "texture": "#0"}
			}
		},
		{
			"from": [8, 11, 7.5],
			"to": [12, 12, 8.5],
			"faces": {
				"north": {"uv": [12, 9, 16, 10], "texture": "#0"},
				"east": {"uv": [12, 9, 13, 10], "texture": "#0"},
				"south": {"uv": [12, 9, 16, 10], "rotation": 180, "texture": "#0"},
				"west": {"uv": [15, 9, 16, 10], "texture": "#0"},
				"up": {"uv": [12, 9, 16, 10], "rotation": 180, "texture": "#0"},
				"down": {"uv": [12, 9, 16, 10], "rotation": 180, "texture": "#0"}
			}
		},
		{
			"from": [6, 13, 7.5],
			"to": [10, 14, 8.5],
			"faces": {
				"north": {"uv": [12, 9, 16, 10], "texture": "#0"},
				"east": {"uv": [12, 9, 13, 10], "texture": "#0"},
				"south": {"uv": [12, 9, 16, 10], "rotation": 180, "texture": "#0"},
				"west": {"uv": [15, 9, 16, 10], "texture": "#0"},
				"up": {"uv": [12, 9, 16, 10], "rotation": 180, "texture": "#0"},
				"down": {"uv": [12, 9, 16, 10], "rotation": 180, "texture": "#0"}
			}
		},
		{
			"from": [7, 12, 7.5],
			"to": [11, 13, 8.5],
			"faces": {
				"north": {"uv": [11, 10, 15, 11], "texture": "#0"},
				"east": {"uv": [11, 10, 12, 11], "texture": "#0"},
				"south": {"uv": [11, 10, 15, 11], "rotation": 180, "texture": "#0"},
				"west": {"uv": [14, 10, 15, 11], "texture": "#0"},
				"up": {"uv": [11, 10, 15, 11], "rotation": 180, "texture": "#0"},
				"down": {"uv": [11, 10, 15, 11], "rotation": 180, "texture": "#0"}
			}
		},
		{
			"from": [5, 14, 7.5],
			"to": [9, 15, 8.5],
			"faces": {
				"north": {"uv": [11, 10, 15, 11], "texture": "#0"},
				"east": {"uv": [11, 10, 12, 11], "texture": "#0"},
				"south": {"uv": [11, 10, 15, 11], "rotation": 180, "texture": "#0"},
				"west": {"uv": [14, 10, 15, 11], "texture": "#0"},
				"up": {"uv": [11, 10, 15, 11], "rotation": 180, "texture": "#0"},
				"down": {"uv": [11, 10, 15, 11], "rotation": 180, "texture": "#0"}
			}
		},
		{
			"from": [4, 15, 7.5],
			"to": [8, 16, 8.5],
			"faces": {
				"north": {"uv": [12, 9, 16, 10], "texture": "#0"},
				"east": {"uv": [12, 9, 13, 10], "texture": "#0"},
				"south": {"uv": [12, 9, 16, 10], "rotation": 180, "texture": "#0"},
				"west": {"uv": [15, 9, 16, 10], "texture": "#0"},
				"up": {"uv": [12, 9, 16, 10], "rotation": 180, "texture": "#0"},
				"down": {"uv": [12, 9, 16, 10], "rotation": 180, "texture": "#0"}
			}
		},
		{
			"from": [3, 17, 7.5],
			"to": [6, 18, 8.5],
			"faces": {
				"north": {"uv": [13, 8, 16, 9], "texture": "#0"},
				"east": {"uv": [13, 8, 14, 9], "texture": "#0"},
				"south": {"uv": [13, 8, 16, 9], "rotation": 180, "texture": "#0"},
				"west": {"uv": [15, 8, 16, 9], "texture": "#0"},
				"up": {"uv": [13, 8, 16, 9], "rotation": 180, "texture": "#0"},
				"down": {"uv": [13, 8, 16, 9], "rotation": 180, "texture": "#0"}
			}
		},
		{
			"from": [3, 16, 7.5],
			"to": [7, 17, 8.5],
			"faces": {
				"north": {"uv": [12, 9, 16, 10], "texture": "#0"},
				"east": {"uv": [12, 9, 13, 10], "texture": "#0"},
				"south": {"uv": [12, 9, 16, 10], "rotation": 180, "texture": "#0"},
				"west": {"uv": [15, 9, 16, 10], "texture": "#0"},
				"up": {"uv": [12, 9, 16, 10], "rotation": 180, "texture": "#0"},
				"down": {"uv": [12, 9, 16, 10], "rotation": 180, "texture": "#0"}
			}
		},
		{
			"from": [3, 18, 7.5],
			"to": [5, 19, 8.5],
			"faces": {
				"north": {"uv": [14, 7, 16, 8], "texture": "#0"},
				"east": {"uv": [14, 7, 16, 8], "texture": "#0"},
				"south": {"uv": [14, 7, 16, 8], "rotation": 180, "texture": "#0"},
				"west": {"uv": [14, 7, 16, 8], "texture": "#0"},
				"up": {"uv": [14, 7, 16, 8], "rotation": 180, "texture": "#0"},
				"down": {"uv": [14, 7, 16, 8], "rotation": 180, "texture": "#0"}
			}
		},
		{
			"from": [10, 6, 7.5],
			"to": [12, 7, 8.5],
			"faces": {
				"north": {"uv": [14, 7, 16, 8], "texture": "#0"},
				"east": {"uv": [14, 7, 16, 8], "texture": "#0"},
				"south": {"uv": [14, 7, 16, 8], "rotation": 180, "texture": "#0"},
				"west": {"uv": [14, 7, 16, 8], "texture": "#0"},
				"up": {"uv": [14, 7, 16, 8], "rotation": 180, "texture": "#0"},
				"down": {"uv": [14, 7, 16, 8], "rotation": 180, "texture": "#0"}
			}
		},
		{
			"from": [3, 6.5, 6],
			"to": [3.5, 7, 10.5],
			"faces": {
				"north": {"uv": [9, 3, 10, 4], "texture": "#0"},
				"east": {"uv": [1, 3, 10, 4], "texture": "#0"},
				"south": {"uv": [1, 3, 2, 4], "texture": "#0"},
				"west": {"uv": [10, 3, 1, 4], "texture": "#0"},
				"up": {"uv": [1, 3, 10, 4], "rotation": 270, "texture": "#0"},
				"down": {"uv": [1, 3, 10, 4], "rotation": 90, "texture": "#0"}
			}
		},
		{
			"from": [3, 8, 7],
			"to": [3.5, 8.5, 9],
			"faces": {
				"north": {"uv": [4, 0, 8, 1], "texture": "#0"},
				"east": {"uv": [4, 0, 8, 1], "texture": "#0"},
				"south": {"uv": [4, 0, 8, 1], "texture": "#0"},
				"west": {"uv": [4, 0, 8, 1], "texture": "#0"},
				"up": {"uv": [4, 0, 8, 1], "rotation": 270, "texture": "#0"},
				"down": {"uv": [4, 0, 8, 1], "rotation": 90, "texture": "#0"}
			}
		},
		{
			"from": [3, 7.5, 6.5],
			"to": [3.5, 8, 9.5],
			"faces": {
				"north": {"uv": [3, 1, 4, 2], "texture": "#0"},
				"east": {"uv": [3, 1, 9, 2], "texture": "#0"},
				"south": {"uv": [3, 1, 4, 2], "texture": "#0"},
				"west": {"uv": [3, 1, 9, 2], "texture": "#0"},
				"up": {"uv": [3, 1, 9, 2], "rotation": 270, "texture": "#0"},
				"down": {"uv": [3, 1, 9, 2], "rotation": 90, "texture": "#0"}
			}
		},
		{
			"from": [3, 7, 6],
			"to": [3.5, 7.5, 10],
			"faces": {
				"north": {"uv": [9, 2, 10, 3], "texture": "#0"},
				"east": {"uv": [2, 2, 10, 3], "texture": "#0"},
				"south": {"uv": [2, 2, 3, 3], "texture": "#0"},
				"west": {"uv": [10, 2, 2, 3], "texture": "#0"},
				"up": {"uv": [2, 2, 10, 3], "rotation": 270, "texture": "#0"},
				"down": {"uv": [2, 2, 10, 3], "rotation": 90, "texture": "#0"}
			}
		},
		{
			"from": [3, 6, 5.5],
			"to": [3.5, 6.5, 10.5],
			"faces": {
				"north": {"uv": [1, 4, 2, 5], "texture": "#0"},
				"east": {"uv": [1, 4, 11, 5], "texture": "#0"},
				"south": {"uv": [1, 4, 2, 5], "texture": "#0"},
				"west": {"uv": [11, 4, 1, 5], "texture": "#0"},
				"up": {"uv": [1, 4, 11, 5], "rotation": 270, "texture": "#0"},
				"down": {"uv": [1, 4, 11, 5], "rotation": 90, "texture": "#0"}
			}
		},
		{
			"from": [3, 5.5, 5.5],
			"to": [3.5, 6, 11],
			"faces": {
				"north": {"uv": [10, 5, 11, 6], "texture": "#0"},
				"east": {"uv": [0, 5, 11, 6], "texture": "#0"},
				"south": {"uv": [0, 5, 1, 6], "texture": "#0"},
				"west": {"uv": [11, 5, 0, 6], "texture": "#0"},
				"up": {"uv": [0, 5, 11, 6], "rotation": 270, "texture": "#0"},
				"down": {"uv": [0, 5, 11, 6], "rotation": 90, "texture": "#0"}
			}
		},
		{
			"from": [3, 4, 5],
			"to": [3.5, 5.5, 11],
			"faces": {
				"north": {"uv": [11, 6, 12, 9], "texture": "#0"},
				"east": {"uv": [0, 6, 12, 9], "texture": "#0"},
				"south": {"uv": [0, 6, 1, 9], "texture": "#0"},
				"west": {"uv": [12, 6, 0, 9], "texture": "#0"},
				"up": {"uv": [0, 6, 12, 7], "rotation": 270, "texture": "#0"},
				"down": {"uv": [0, 8, 12, 9], "rotation": 90, "texture": "#0"}
			}
		},
		{
			"from": [3, 3, 5.5],
			"to": [3.5, 4, 10.5],
			"faces": {
				"north": {"uv": [10, 9, 11, 10], "texture": "#0"},
				"east": {"uv": [1, 9, 11, 11], "texture": "#0"},
				"south": {"uv": [1, 9, 2, 10], "texture": "#0"},
				"west": {"uv": [11, 9, 1, 11], "texture": "#0"},
				"up": {"uv": [1, 9, 11, 10], "rotation": 270, "texture": "#0"},
				"down": {"uv": [1, 10, 11, 11], "rotation": 90, "texture": "#0"}
			}
		},
		{
			"from": [3, 2, 6.5],
			"to": [3.5, 2.5, 9.5],
			"faces": {
				"north": {"uv": [3, 12, 9, 13], "texture": "#0"},
				"east": {"uv": [3, 12, 9, 13], "texture": "#0"},
				"south": {"uv": [3, 12, 9, 13], "texture": "#0"},
				"west": {"uv": [3, 12, 9, 13], "texture": "#0"},
				"up": {"uv": [3, 12, 9, 13], "rotation": 90, "texture": "#0"},
				"down": {"uv": [3, 12, 9, 13], "rotation": 270, "texture": "#0"}
			}
		},
		{
			"from": [3, 2.5, 6],
			"to": [3.5, 3, 10],
			"faces": {
				"north": {"uv": [9, 11, 10, 12], "texture": "#0"},
				"east": {"uv": [2, 11, 10, 12], "texture": "#0"},
				"south": {"uv": [2, 11, 3, 12], "texture": "#0"},
				"west": {"uv": [2, 11, 10, 12], "texture": "#0"},
				"up": {"uv": [2, 11, 10, 12], "rotation": 90, "texture": "#0"},
				"down": {"uv": [2, 11, 10, 12], "rotation": 270, "texture": "#0"}
			}
		},
		{
			"from": [3.25, 8.5, 7.85],
			"to": [3.5, 16, 8.1],
			"faces": {
				"north": {"uv": [1, 5, 2, 6], "rotation": 180, "texture": "#0"},
				"east": {"uv": [1, 5, 2, 6], "rotation": 180, "texture": "#0"},
				"south": {"uv": [1, 5, 2, 6], "rotation": 180, "texture": "#0"},
				"west": {"uv": [1, 5, 2, 6], "rotation": 180, "texture": "#0"},
				"up": {"uv": [1, 5, 2, 6], "rotation": 180, "texture": "#0"},
				"down": {"uv": [1, 5, 2, 6], "rotation": 180, "texture": "#0"}
			}
		}
	],
	"display": {
		"head": {
			"scale": [1.5, 1.5, 1.5],
			"translation": [0, 7.5, -12],
			"rotation": [0, -90, 0]
		},
		"fixed": {
			"rotation": [-90, -90, 0],
			"scale": [1.7, 1.7, 1.7],
			"translation": [0, -8, -4.5]
		},
		"gui": {
			"rotation": [30, 135, 0],
			"translation": [0, 0, 0],
			"scale": [0.8, 0.8, 0.8]
		},
		"thirdperson_righthand": {
			"rotation": [45, -90, 0],
			"translation": [0, 0, -3.5]
		},
		"thirdperson_lefthand": {
			"translation": [0, 0, -3.5],
			"rotation": [45, 90, 0]
		},
		"firstperson_righthand": {
			"translation": [0, -6, 0],
			"rotation": [0, -90, 0]
		},
		"firstperson_lefthand": {
			"translation": [0, -6, 0],
			"rotation": [0, 90, 0]
		}
	},
	"groups": [
		{
			"name": "rod",
			"isOpen": false,
			"export": true,
			"visibility": true,
			"children": [0, 1, 2, 3, 4, 5, 6, 7, 8, 9, 10, 11, 12, 13, 14]
		},
		{
			"name": "dia",
			"isOpen": true,
			"export": true,
			"visibility": true,
			"children": [15, 16, 17, 18, 19, 20, 21, 22, 23, 24]
		}, 25]
}