{
	"credit": "Made with Blockbench",
	"textures": {
		"1": "hat/misc/elvis"
	},
	"elements": [
		{
			"name": "elivs_0",
			"from": [3, 3, 1],
			"to": [10, 8, 10],
			"faces": {
				"north": {"uv": [13, 10, 6, 5], "rotation": 180, "texture": "#1"},
				"east": {"uv": [7, 5, 6, 10], "texture": "#1"},
				"south": {"uv": [13, 5, 6, 10], "texture": "#1"},
				"west": {"uv": [13, 5, 12, 10], "texture": "#1"},
				"up": {"uv": [6, 5, 13, 6], "rotation": 180, "texture": "#1"},
				"down": {"uv": [13, 9, 6, 10], "texture": "#1"}
			}
		},
		{
			"name": "elivs_1",
			"from": [10, 1, 1],
			"to": [12, 7, 10],
			"faces": {
				"north": {"uv": [6, 12, 4, 6], "rotation": 180, "texture": "#1"},
				"east": {"uv": [5, 6, 4, 12], "texture": "#1"},
				"south": {"uv": [6, 6, 4, 12], "texture": "#1"},
				"west": {"uv": [6, 6, 5, 12], "texture": "#1"},
				"up": {"uv": [4, 6, 6, 7], "rotation": 180, "texture": "#1"},
				"down": {"uv": [6, 11, 4, 12], "texture": "#1"}
			}
		},
		{
			"name": "elivs_2",
			"from": [2, 3, 1],
			"to": [3, 7, 10],
			"faces": {
				"north": {"uv": [14, 10, 13, 6], "rotation": 180, "texture": "#1"},
				"east": {"uv": [14, 6, 13, 10], "texture": "#1"},
				"south": {"uv": [14, 6, 13, 10], "texture": "#1"},
				"west": {"uv": [14, 6, 13, 10], "texture": "#1"},
				"up": {"uv": [13, 6, 14, 7], "rotation": 180, "texture": "#1"},
				"down": {"uv": [14, 9, 13, 10], "texture": "#1"}
			}
		},
		{
			"name": "elivs_3",
			"from": [12, 0, 1],
			"to": [13, 6, 10],
			"faces": {
				"north": {"uv": [4, 13, 3, 7], "rotation": 180, "texture": "#1"},
				"east": {"uv": [4, 7, 3, 13], "texture": "#1"},
				"south": {"uv": [4, 7, 3, 13], "texture": "#1"},
				"west": {"uv": [4, 7, 3, 13], "texture": "#1"},
				"up": {"uv": [3, 7, 4, 8], "rotation": 180, "texture": "#1"},
				"down": {"uv": [4, 12, 3, 13], "texture": "#1"}
			}
		},
		{
			"name": "elivs_4",
			"from": [1, 4, 1],
			"to": [2, 6, 10],
			"faces": {
				"north": {"uv": [15, 9, 14, 7], "rotation": 180, "texture": "#1"},
				"east": {"uv": [15, 7, 14, 9], "texture": "#1"},
				"south": {"uv": [15, 7, 14, 9], "texture": "#1"},
				"west": {"uv": [15, 7, 14, 9], "texture": "#1"},
				"up": {"uv": [14, 7, 15, 8], "rotation": 180, "texture": "#1"},
				"down": {"uv": [15, 8, 14, 9], "texture": "#1"}
			}
		},
		{
			"name": "elivs_5",
			"from": [13, 4, 1],
			"to": [14, 5, 10],
			"faces": {
				"north": {"uv": [3, 9, 2, 8], "rotation": 180, "texture": "#1"},
				"east": {"uv": [3, 8, 2, 9], "texture": "#1"},
				"south": {"uv": [3, 8, 2, 9], "texture": "#1"},
				"west": {"uv": [3, 8, 2, 9], "texture": "#1"},
				"up": {"uv": [2, 8, 3, 9], "rotation": 180, "texture": "#1"},
				"down": {"uv": [3, 8, 2, 9], "texture": "#1"}
			}
		},
		{
			"name": "elivs_6",
			"from": [13, 1, 1],
			"to": [14, 3, 10],
			"faces": {
				"north": {"uv": [3, 12, 2, 10], "rotation": 180, "texture": "#1"},
				"east": {"uv": [3, 10, 2, 12], "texture": "#1"},
				"south": {"uv": [3, 10, 2, 12], "texture": "#1"},
				"west": {"uv": [3, 10, 2, 12], "texture": "#1"},
				"up": {"uv": [2, 10, 3, 11], "rotation": 180, "texture": "#1"},
				"down": {"uv": [3, 11, 2, 12], "texture": "#1"}
			}
		},
		{
			"name": "elivs_7",
			"from": [9, 2, 1],
			"to": [10, 3, 10],
			"faces": {
				"north": {"uv": [7, 11, 6, 10], "rotation": 180, "texture": "#1"},
				"east": {"uv": [7, 10, 6, 11], "texture": "#1"},
				"south": {"uv": [7, 10, 6, 11], "texture": "#1"},
				"west": {"uv": [7, 10, 6, 11], "texture": "#1"},
				"up": {"uv": [6, 10, 7, 11], "rotation": 180, "texture": "#1"},
				"down": {"uv": [7, 10, 6, 11], "texture": "#1"}
			}
		},
		{
			"name": "elivs_8",
			"from": [3, 2, 1],
			"to": [5, 3, 10],
			"faces": {
				"north": {"uv": [13, 11, 11, 10], "rotation": 180, "texture": "#1"},
				"east": {"uv": [12, 10, 11, 11], "texture": "#1"},
				"south": {"uv": [13, 10, 11, 11], "texture": "#1"},
				"west": {"uv": [13, 10, 12, 11], "texture": "#1"},
				"up": {"uv": [11, 10, 13, 11], "rotation": 180, "texture": "#1"},
				"down": {"uv": [13, 10, 11, 11], "texture": "#1"}
			}
		},
		{
			"name": "elivs_9",
			"from": [3, 1, 1],
			"to": [4, 2, 10],
			"faces": {
				"north": {"uv": [13, 12, 12, 11], "rotation": 180, "texture": "#1"},
				"east": {"uv": [13, 11, 12, 12], "texture": "#1"},
				"south": {"uv": [13, 11, 12, 12], "texture": "#1"},
				"west": {"uv": [13, 11, 12, 12], "texture": "#1"},
				"up": {"uv": [12, 11, 13, 12], "rotation": 180, "texture": "#1"},
				"down": {"uv": [13, 11, 12, 12], "texture": "#1"}
			}
		},
		{
			"name": "elivs_10",
			"from": [11, 0, 1],
			"to": [12, 1, 10],
			"faces": {
				"north": {"uv": [5, 13, 4, 12], "rotation": 180, "texture": "#1"},
				"east": {"uv": [5, 12, 4, 13], "texture": "#1"},
				"south": {"uv": [5, 12, 4, 13], "texture": "#1"},
				"west": {"uv": [5, 12, 4, 13], "texture": "#1"},
				"up": {"uv": [4, 12, 5, 13], "rotation": 180, "texture": "#1"},
				"down": {"uv": [5, 12, 4, 13], "texture": "#1"}
			}
		}
	],
	"display": {
		"thirdperson_righthand": {
			"rotation": [90, 0, 0],
			"translation": [0, 0, 5],
			"scale": [0.8, 0.8, 0.8]
		},
		"thirdperson_lefthand": {
			"rotation": [90, 0, 0],
			"translation": [0, 0, 5],
			"scale": [0.8, 0.8, 0.8]
		},
		"firstperson_righthand": {
			"translation": [0, 4.5, 0]
		},
		"firstperson_lefthand": {
			"translation": [0, 4.5, 0]
		},
		"ground": {
			"translation": [0, 0, 2.75],
			"scale": [0.8, 0.8, 0.8]
		},
		"gui": {
			"rotation": [30, 135, 0],
			"translation": [1, 3.5, 0],
			"scale": [0.8, 0.8, 0.8]
		},
		"head": {
			"translation": [0.75, 9, 4.5],
			"scale": [1.7, 1.7, 1.7]
		},
		"fixed": {
			"rotation": [-90, 0, 0],
			"translation": [0, 10, -5.25],
			"scale": [4, 4, 4]
		}
	},
	"groups": [
		{
			"name": "elivs",
			"children": [0, 1, 2, 3, 4, 5, 6, 7, 8, 9, 10]
		}
	]
}