{
	"credit": "Made with Blockbench",
	"textures": {
		"1": "hat/misc/ember_goggles"
	},
	"elements": [
		{
			"name": "rught",
			"from": [3.5, 4, 4],
			"to": [7.5, 5, 5],
			"faces": {
				"north": {"uv": [5, 3, 9, 4], "texture": "#1"},
				"east": {"uv": [5, 3, 6, 4], "texture": "#1"},
				"south": {"uv": [5, 3, 9, 4], "rotation": 180, "texture": "#1"},
				"west": {"uv": [8, 3, 9, 4], "texture": "#1"},
				"up": {"uv": [5, 3, 9, 4], "rotation": 180, "texture": "#1"},
				"down": {"uv": [5, 3, 9, 4], "rotation": 180, "texture": "#1"}
			}
		},
		{
			"name": "rught",
			"from": [3.5, 5, 4],
			"to": [4.5, 7, 5],
			"faces": {
				"north": {"uv": [8, 1, 9, 3], "texture": "#1"},
				"east": {"uv": [8, 1, 9, 3], "texture": "#1"},
				"south": {"uv": [8, 1, 9, 3], "texture": "#1"},
				"west": {"uv": [8, 1, 9, 3], "texture": "#1"}
			}
		},
		{
			"name": "band",
			"from": [7.5, 6, 4],
			"to": [8.5, 7, 5],
			"faces": {
				"north": {"uv": [4, 2, 5, 3], "texture": "#1"},
				"south": {"uv": [4, 2, 5, 3], "texture": "#1"},
				"up": {"uv": [4, 2, 5, 3], "rotation": 180, "texture": "#1"},
				"down": {"uv": [4, 2, 5, 3], "rotation": 180, "texture": "#1"}
			}
		},
		{
			"name": "band",
			"from": [3.6, 2.5, 13],
			"to": [12.4, 3.5, 14],
			"faces": {
				"north": {"uv": [4, 4, 11, 5], "texture": "#1"},
				"east": {"uv": [0, 4, 1, 5], "texture": "#1"},
				"south": {"uv": [4, 4, 11, 5], "texture": "#1"},
				"west": {"uv": [8, 4, 9, 5], "texture": "#1"},
				"up": {"uv": [4, 4, 11, 5], "texture": "#1"},
				"down": {"uv": [4, 4, 11, 5], "texture": "#1"}
			}
		},
		{
			"name": "band",
			"from": [3.6, 5, 5],
			"to": [4.4, 6, 15],
			"rotation": {"angle": 22.5, "axis": "x", "origin": [2.25, 8, 8]},
			"faces": {
				"east": {"uv": [0, 4, 9, 5], "texture": "#1"},
				"south": {"uv": [0, 4, 1, 5], "texture": "#1"},
				"west": {"uv": [0, 4, 9, 5], "texture": "#1"},
				"up": {"uv": [0, 4, 9, 5], "rotation": 90, "texture": "#1"},
				"down": {"uv": [0, 4, 9, 5], "rotation": 90, "texture": "#1"}
			}
		},
		{
			"name": "band",
			"from": [11.6, 5, 5],
			"to": [12.4, 6, 15],
			"rotation": {"angle": 22.5, "axis": "x", "origin": [2.5, 8, 8]},
			"faces": {
				"east": {"uv": [0, 4, 9, 5], "texture": "#1"},
				"south": {"uv": [0, 4, 1, 5], "texture": "#1"},
				"west": {"uv": [0, 4, 9, 5], "texture": "#1"},
				"up": {"uv": [0, 4, 9, 5], "rotation": 90, "texture": "#1"},
				"down": {"uv": [0, 4, 9, 5], "rotation": 90, "texture": "#1"}
			}
		},
		{
			"name": "rught",
			"from": [6.5, 5, 4],
			"to": [7.5, 7, 5],
			"faces": {
				"north": {"uv": [5, 1, 6, 3], "texture": "#1"},
				"east": {"uv": [5, 1, 6, 3], "texture": "#1"},
				"south": {"uv": [5, 1, 6, 3], "texture": "#1"},
				"west": {"uv": [5, 1, 6, 3], "texture": "#1"}
			}
		},
		{
			"name": "rught",
			"from": [3.5, 7, 4],
			"to": [7.5, 8, 5],
			"faces": {
				"north": {"uv": [5, 0, 9, 1], "texture": "#1"},
				"east": {"uv": [5, 0, 6, 1], "texture": "#1"},
				"south": {"uv": [5, 0, 9, 1], "rotation": 180, "texture": "#1"},
				"west": {"uv": [8, 0, 9, 1], "texture": "#1"},
				"up": {"uv": [0, 0, 4, 1], "rotation": 180, "texture": "#1"},
				"down": {"uv": [0, 0, 4, 1], "rotation": 180, "texture": "#1"}
			}
		},
		{
			"name": "left",
			"from": [8.5, 4, 4],
			"to": [12.5, 5, 5],
			"faces": {
				"north": {"uv": [0, 3, 4, 4], "texture": "#1"},
				"east": {"uv": [0, 3, 1, 4], "texture": "#1"},
				"south": {"uv": [0, 3, 4, 4], "rotation": 180, "texture": "#1"},
				"west": {"uv": [3, 3, 4, 4], "texture": "#1"},
				"up": {"uv": [0, 3, 4, 4], "texture": "#1"},
				"down": {"uv": [0, 3, 4, 4], "texture": "#1"}
			}
		},
		{
			"name": "left",
			"from": [8.5, 5, 4],
			"to": [9.5, 7, 5],
			"faces": {
				"north": {"uv": [3, 1, 4, 3], "texture": "#1"},
				"east": {"uv": [3, 1, 4, 3], "texture": "#1"},
				"south": {"uv": [3, 1, 4, 3], "texture": "#1"},
				"west": {"uv": [3, 1, 4, 3], "texture": "#1"}
			}
		},
		{
			"name": "left",
			"from": [11.5, 5, 4],
			"to": [12.5, 7, 5],
			"faces": {
				"north": {"uv": [0, 1, 1, 3], "texture": "#1"},
				"east": {"uv": [0, 1, 1, 3], "texture": "#1"},
				"south": {"uv": [0, 1, 1, 3], "texture": "#1"},
				"west": {"uv": [0, 1, 1, 3], "texture": "#1"}
			}
		},
		{
			"name": "left",
			"from": [8.5, 7, 4],
			"to": [12.5, 8, 5],
			"faces": {
				"north": {"uv": [0, 0, 4, 1], "texture": "#1"},
				"east": {"uv": [0, 0, 1, 1], "texture": "#1"},
				"south": {"uv": [0, 0, 4, 1], "rotation": 180, "texture": "#1"},
				"west": {"uv": [3, 0, 4, 1], "texture": "#1"},
				"up": {"uv": [0, 0, 4, 1], "rotation": 180, "texture": "#1"},
				"down": {"uv": [0, 0, 4, 1], "rotation": 180, "texture": "#1"}
			}
		}
	],
	"display": {
		"head": {
			"scale": [1.7, 1.7, 1.7],
			"translation": [0, 8, -2],
			"rotation": [0, 0, 0]
		},
		"thirdperson_righthand": {
			"scale": [0.8, 0.8, 0.8]
		},
		"gui": {
			"rotation": [30, 135, 0]
		},
		"fixed": {
			"scale": [4, 4, 4],
			"translation": [0, 16.5, 21],
			"rotation": [0, -180, 0]
		}
	}
}