{
	"credit": "Made with Blockbench",
	"textures": {
		"0": "hat/misc/enchanting_table_book"
	},
	"elements": [
		{
			"from": [0, -0.35, 3],
			"to": [7, -0.3, 13],
			"shade": false,
			"rotation": {"angle": -22.5, "axis": "z", "origin": [8, -0.35, 8]},
			"faces": {
				"up": {"uv": [3.5, 0, 0, 5], "rotation": 180, "texture": "#0", "tintindex": 0},
				"down": {"uv": [3.5, 0, 0, 5], "rotation": 180, "texture": "#0", "tintindex": 0}
			}
		},
		{
			"from": [7, 0, 3],
			"to": [9, 0.2, 13],
			"shade": false,
			"rotation": {"angle": 0, "axis": "y", "origin": [8, 0, 8]},
			"faces": {
				"up": {"uv": [4, 0, 3.5, 5], "rotation": 180, "texture": "#0", "tintindex": 0},
				"down": {"uv": [4, 0, 3.5, 5], "rotation": 180, "texture": "#0", "tintindex": 0}
			}
		},
		{
			"from": [7.8, -0.8, 3],
			"to": [9, 0.5, 13],
			"shade": false,
			"rotation": {"angle": 45, "axis": "z", "origin": [8, -0.5, 8]},
			"faces": {
				"east": {"uv": [4, 0, 3.5, 5], "rotation": 180, "texture": "#0", "tintindex": 0},
				"up": {"uv": [4, 0, 3.5, 5], "rotation": 180, "texture": "#0", "tintindex": 0}
			}
		},
		{
			"from": [9, -0.35, 3],
			"to": [16, -0.3, 13],
			"shade": false,
			"rotation": {"angle": 22.5, "axis": "z", "origin": [8, -0.35, 8]},
			"faces": {
				"up": {"uv": [0, 0, 3.5, 5], "rotation": 180, "texture": "#0", "tintindex": 0},
				"down": {"uv": [0, 0, 3.5, 5], "rotation": 180, "texture": "#0", "tintindex": 0}
			}
		},
		{
			"from": [9, -0.3, 4],
			"to": [15, 0.7, 12],
			"shade": false,
			"rotation": {"angle": 22.5, "axis": "z", "origin": [8, -0.3, 8]},
			"faces": {
				"north": {"uv": [0.5, 5, 3.5, 5.5], "rotation": 180, "texture": "#0", "tintindex": 0},
				"east": {"uv": [0, 5.5, 0.5, 9.5], "rotation": 180, "texture": "#0", "tintindex": 0},
				"south": {"uv": [0.5, 5, 3.5, 5.5], "rotation": 180, "texture": "#0", "tintindex": 0},
				"west": {"uv": [3, 5.5, 3.5, 9.5], "rotation": 180, "texture": "#0", "tintindex": 0},
				"up": {"uv": [0.5, 5.5, 3.5, 9.5], "rotation": 180, "texture": "#0", "tintindex": 0},
				"down": {"uv": [0.5, 5.5, 3.5, 9.5], "rotation": 180, "texture": "#0", "tintindex": 0}
			}
		},
		{
			"from": [1, -0.3, 4],
			"to": [7, 0.7, 12],
			"shade": false,
			"rotation": {"angle": -22.5, "axis": "z", "origin": [8, -0.3, 8]},
			"faces": {
				"north": {"uv": [3.5, 5, 0.5, 5.5], "rotation": 180, "texture": "#0", "tintindex": 0},
				"east": {"uv": [3.5, 5.5, 3, 9.5], "rotation": 180, "texture": "#0", "tintindex": 0},
				"south": {"uv": [3.5, 5, 0.5, 5.5], "rotation": 180, "texture": "#0", "tintindex": 0},
				"west": {"uv": [0.5, 5.5, 0, 9.5], "rotation": 180, "texture": "#0", "tintindex": 0},
				"up": {"uv": [3.5, 5.5, 0.5, 9.5], "rotation": 180, "texture": "#0", "tintindex": 0},
				"down": {"uv": [3.5, 5.5, 0.5, 9.5], "rotation": 180, "texture": "#0", "tintindex": 0}
			}
		},
		{
			"from": [1.75, -0.3, 4],
			"to": [7.75, -0.2, 12],
			"shade": false,
			"rotation": {"angle": -45, "axis": "z", "origin": [8.75, -0.3, 8]},
			"faces": {
				"north": {"uv": [3.5, 5, 0.5, 5.5], "rotation": 180, "texture": "#0", "tintindex": 0},
				"east": {"uv": [3.5, 5.5, 3, 9.5], "rotation": 180, "texture": "#0", "tintindex": 0},
				"south": {"uv": [3.5, 5, 0.5, 5.5], "rotation": 180, "texture": "#0", "tintindex": 0},
				"west": {"uv": [0.5, 5.5, 0, 9.5], "rotation": 180, "texture": "#0", "tintindex": 0},
				"up": {"uv": [3.5, 5.5, 0.5, 9.5], "rotation": 180, "texture": "#0", "tintindex": 0},
				"down": {"uv": [3.5, 5.5, 0.5, 9.5], "rotation": 180, "texture": "#0", "tintindex": 0}
			}
		},
		{
			"from": [8.25, -0.3, 4],
			"to": [14.25, -0.2, 12],
			"shade": false,
			"rotation": {"angle": 45, "axis": "z", "origin": [7.25, -0.3, 8]},
			"faces": {
				"north": {"uv": [0.5, 5, 3.5, 5.5], "rotation": 180, "texture": "#0", "tintindex": 0},
				"east": {"uv": [0, 5.5, 0.5, 9.5], "rotation": 180, "texture": "#0", "tintindex": 0},
				"south": {"uv": [0.5, 5, 3.5, 5.5], "rotation": 180, "texture": "#0", "tintindex": 0},
				"west": {"uv": [3, 5.5, 3.5, 9.5], "rotation": 180, "texture": "#0", "tintindex": 0},
				"up": {"uv": [0.5, 5.5, 3.5, 9.5], "rotation": 180, "texture": "#0", "tintindex": 0},
				"down": {"uv": [0.5, 5.5, 3.5, 9.5], "rotation": 180, "texture": "#0", "tintindex": 0}
			}
		}
	],
	"display": {
		"thirdperson_righthand": {
			"rotation": [78, 0, 0],
			"translation": [0, 2.5, 5.5],
			"scale": [0.8, 0.8, 0.8]
		},
		"thirdperson_lefthand": {
			"rotation": [78, 0, 0],
			"translation": [0, 2.5, 5.5],
			"scale": [0.8, 0.8, 0.8]
		},
		"firstperson_righthand": {
			"rotation": [78, 0, 0],
			"translation": [0, 2.5, 5.5],
			"scale": [0.8, 0.8, 0.8]
		},
		"firstperson_lefthand": {
			"rotation": [78, 0, 0],
			"translation": [0, 2.5, 5.5],
			"scale": [0.8, 0.8, 0.8]
		},
		"ground": {
			"translation": [0, 7, 0]
		},
		"gui": {
			"rotation": [30, 135, 0],
			"translation": [0, 4, 0],
			"scale": [0.8, 0.8, 0.8]
		},
		"head": {
			"translation": [0, 18, 0],
			"scale": [1.5, 1.5, 1.5]
		},
		"fixed": {
			"rotation": [-90, 0, 0],
			"translation": [0, 0, -17],
			"scale": [2, 2, 2]
		}
	}
}