{
	"credit": "Made with Blockbench",
	"textures": {
		"1": "hat/misc/fez"
	},
	"elements": [
		{
			"from": [6, 0, 11.75],
			"to": [10, 6, 11.75],
			"rotation": {"angle": -22.5, "axis": "x", "origin": [8, 8, 8]},
			"faces": {
				"south": {"uv": [1, 8, 5, 14], "texture": "#1"}
			}
		},
		{
			"from": [4, -2, 3.5],
			"to": [12, 6, 11.5],
			"rotation": {"angle": -22.5, "axis": "x", "origin": [8, 8, 8]},
			"faces": {
				"east": {"uv": [8, 0, 16, 8], "texture": "#1"},
				"south": {"uv": [0, 0, 8, 8], "texture": "#1"},
				"west": {"uv": [8, 0, 16, 8], "rotation": 180, "texture": "#1"}
			}
		},
		{
			"from": [4.5, -2, 4],
			"to": [12.5, 6, 12],
			"rotation": {"angle": -22.5, "axis": "z", "origin": [8, 8, 8]},
			"faces": {
				"north": {"uv": [8, 0, 16, 8], "rotation": 180, "texture": "#1"},
				"south": {"uv": [8, 0, 16, 8], "texture": "#1"},
				"west": {"uv": [0, 0, 8, 8], "texture": "#1"}
			}
		},
		{
			"from": [3.5, -2, 4],
			"to": [11.5, 6, 12],
			"rotation": {"angle": 22.5, "axis": "z", "origin": [8, 8, 8]},
			"faces": {
				"north": {"uv": [8, 0, 16, 8], "texture": "#1"},
				"east": {"uv": [0, 0, 8, 8], "texture": "#1"},
				"south": {"uv": [8, 0, 16, 8], "rotation": 180, "texture": "#1"}
			}
		},
		{
			"from": [4, -2, 4.5],
			"to": [12, 6, 12.5],
			"rotation": {"angle": 22.5, "axis": "x", "origin": [8, 8, 8]},
			"faces": {
				"north": {"uv": [0, 0, 8, 8], "texture": "#1"},
				"east": {"uv": [8, 0, 16, 8], "rotation": 180, "texture": "#1"},
				"west": {"uv": [8, 0, 16, 8], "texture": "#1"}
			}
		},
		{
			"from": [7, 6.55, 7.25],
			"to": [10, 7.55, 12.25],
			"faces": {
				"up": {"uv": [1, 8, 4, 13], "rotation": 180, "texture": "#1"}
			}
		},
		{
			"from": [4, 6.5, 4],
			"to": [12, 7.5, 12],
			"faces": {
				"up": {"uv": [0, 0, 8, 8], "rotation": 180, "texture": "#1"}
			}
		}
	],
	"display": {
		"head": {
			"scale": [0.5, 0.5, 0.5],
			"translation": [2, 10, -2],
			"rotation": [0, 15, 0]
		},
		"thirdperson_righthand": {
			"scale": [0.4, 0.4, 0.4],
			"translation": [0, 0, 0]
		},
		"gui": {
			"rotation": [30, -135, 0],
			"scale": [0.6, 0.6, 0.6],
			"translation": [0, 2, 0]
		},
		"fixed": {
			"rotation": [0, 0, 0],
			"translation": [7, 23.5, 9.5]
		},
		"ground": {
			"scale": [0.6, 0.6, 0.6]
		},
		"firstperson_lefthand": {
			"scale": [0.7, 0.7, 0.7]
		},
		"firstperson_righthand": {
			"scale": [0.7, 0.7, 0.7]
		},
		"thirdperson_lefthand": {
			"scale": [0.4, 0.4, 0.4]
		}
	},
	"groups": [
		{
			"name": "group",
			"isOpen": true,
			"export": true,
			"visibility": true,
			"children": [0, 1, 2, 3, 4, 5, 6]
		}
	]
}