{
	"credit": "Made with Blockbench",
	"textures": {
		"1": "hat/misc/foggy_glasses"
	},
	"elements": [
		{
			"name": "rught",
			"from": [3.5, 1.5, 4],
			"to": [7.5, 2, 5],
			"faces": {
				"north": {"uv": [5, 3, 9, 4], "texture": "#1"},
				"east": {"uv": [5, 3, 6, 4], "texture": "#1"},
				"south": {"uv": [5, 3, 9, 4], "rotation": 180, "texture": "#1"},
				"west": {"uv": [8, 3, 9, 4], "texture": "#1"},
				"up": {"uv": [5, 3, 9, 4], "rotation": 180, "texture": "#1"},
				"down": {"uv": [5, 3, 9, 4], "rotation": 180, "texture": "#1"}
			}
		},
		{
			"name": "rught",
			"from": [3.5, 2, 4],
			"to": [4, 4, 5],
			"faces": {
				"north": {"uv": [8, 1, 9, 3], "texture": "#1"},
				"east": {"uv": [8, 1, 9, 3], "texture": "#1"},
				"south": {"uv": [8, 1, 9, 3], "texture": "#1"},
				"west": {"uv": [8, 1, 9, 3], "texture": "#1"}
			}
		},
		{
			"name": "band",
			"from": [7.5, 3, 4],
			"to": [8.5, 4, 5],
			"faces": {
				"north": {"uv": [4, 2, 5, 3], "texture": "#1"},
				"south": {"uv": [4, 2, 5, 3], "texture": "#1"},
				"up": {"uv": [4, 2, 5, 3], "rotation": 180, "texture": "#1"},
				"down": {"uv": [4, 2, 5, 3], "rotation": 180, "texture": "#1"}
			}
		},
		{
			"name": "band",
			"from": [3.6, 3, 12.5],
			"to": [12.4, 4, 13.5],
			"faces": {
				"north": {"uv": [4, 4, 11, 5], "texture": "#1"},
				"east": {"uv": [0, 4, 1, 5], "texture": "#1"},
				"south": {"uv": [4, 4, 11, 5], "texture": "#1"},
				"west": {"uv": [8, 4, 9, 5], "texture": "#1"},
				"up": {"uv": [4, 4, 11, 5], "texture": "#1"},
				"down": {"uv": [4, 4, 11, 5], "texture": "#1"}
			}
		},
		{
			"name": "band",
			"from": [3.6, 3, 5],
			"to": [4.4, 4, 12.5],
			"faces": {
				"east": {"uv": [0, 4, 9, 5], "texture": "#1"},
				"south": {"uv": [0, 4, 1, 5], "texture": "#1"},
				"west": {"uv": [0, 4, 9, 5], "texture": "#1"},
				"up": {"uv": [0, 4, 9, 5], "rotation": 90, "texture": "#1"},
				"down": {"uv": [0, 4, 9, 5], "rotation": 90, "texture": "#1"}
			}
		},
		{
			"name": "band",
			"from": [11.6, 3, 5],
			"to": [12.4, 4, 12.5],
			"faces": {
				"east": {"uv": [0, 4, 9, 5], "texture": "#1"},
				"south": {"uv": [0, 4, 1, 5], "texture": "#1"},
				"west": {"uv": [0, 4, 9, 5], "texture": "#1"},
				"up": {"uv": [0, 4, 9, 5], "rotation": 90, "texture": "#1"},
				"down": {"uv": [0, 4, 9, 5], "rotation": 90, "texture": "#1"}
			}
		},
		{
			"name": "rught",
			"from": [7, 2, 4],
			"to": [7.5, 4, 5],
			"faces": {
				"north": {"uv": [5, 1, 6, 3], "texture": "#1"},
				"east": {"uv": [5, 1, 6, 3], "texture": "#1"},
				"south": {"uv": [5, 1, 6, 3], "texture": "#1"},
				"west": {"uv": [5, 1, 6, 3], "texture": "#1"}
			}
		},
		{
			"name": "rught",
			"from": [3.5, 4, 4],
			"to": [7.5, 4.5, 5],
			"faces": {
				"north": {"uv": [5, 0, 9, 1], "texture": "#1"},
				"east": {"uv": [5, 0, 6, 1], "texture": "#1"},
				"south": {"uv": [5, 0, 9, 1], "rotation": 180, "texture": "#1"},
				"west": {"uv": [8, 0, 9, 1], "texture": "#1"},
				"up": {"uv": [0, 0, 4, 1], "rotation": 180, "texture": "#1"},
				"down": {"uv": [0, 0, 4, 1], "rotation": 180, "texture": "#1"}
			}
		},
		{
			"name": "left",
			"from": [8.5, 1.5, 4],
			"to": [12.5, 2, 5],
			"faces": {
				"north": {"uv": [0, 3, 4, 4], "texture": "#1"},
				"east": {"uv": [0, 3, 1, 4], "texture": "#1"},
				"south": {"uv": [0, 3, 4, 4], "rotation": 180, "texture": "#1"},
				"west": {"uv": [3, 3, 4, 4], "texture": "#1"},
				"up": {"uv": [0, 3, 4, 4], "texture": "#1"},
				"down": {"uv": [0, 3, 4, 4], "texture": "#1"}
			}
		},
		{
			"name": "left",
			"from": [8.5, 2, 4],
			"to": [9, 4, 5],
			"faces": {
				"north": {"uv": [3, 1, 4, 3], "texture": "#1"},
				"east": {"uv": [3, 1, 4, 3], "texture": "#1"},
				"south": {"uv": [3, 1, 4, 3], "texture": "#1"},
				"west": {"uv": [3, 1, 4, 3], "texture": "#1"}
			}
		},
		{
			"name": "left",
			"from": [12, 2, 4],
			"to": [12.5, 4, 5],
			"faces": {
				"north": {"uv": [0, 1, 1, 3], "texture": "#1"},
				"east": {"uv": [0, 1, 1, 3], "texture": "#1"},
				"south": {"uv": [0, 1, 1, 3], "texture": "#1"},
				"west": {"uv": [0, 1, 1, 3], "texture": "#1"}
			}
		},
		{
			"name": "left",
			"from": [8.5, 4, 4],
			"to": [12.5, 4.5, 5],
			"faces": {
				"north": {"uv": [0, 0, 4, 1], "texture": "#1"},
				"east": {"uv": [0, 0, 1, 1], "texture": "#1"},
				"south": {"uv": [0, 0, 4, 1], "rotation": 180, "texture": "#1"},
				"west": {"uv": [3, 0, 4, 1], "texture": "#1"},
				"up": {"uv": [0, 0, 4, 1], "rotation": 180, "texture": "#1"},
				"down": {"uv": [0, 0, 4, 1], "rotation": 180, "texture": "#1"}
			}
		},
		{
			"name": "glass",
			"from": [9, 2, 4.5],
			"to": [12, 4, 4.5],
			"faces": {
				"north": {"uv": [0, 5, 15, 16], "texture": "#1"}
			}
		},
		{
			"name": "glass",
			"from": [4, 2, 4.5],
			"to": [7, 4, 4.5],
			"faces": {
				"north": {"uv": [0, 5, 15, 16], "texture": "#1"}
			}
		}
	],
	"display": {
		"thirdperson_righthand": {
			"scale": [0.8, 0.8, 0.8]
		},
		"ground": {
			"translation": [0, 4.5, 0]
		},
		"gui": {
			"rotation": [30, 135, 0],
			"translation": [0, 3.25, 0]
		},
		"head": {
			"translation": [0, 7.75, -1.25],
			"scale": [1.7, 1.7, 1.7]
		},
		"fixed": {
			"rotation": [0, -180, 0],
			"translation": [0, 16.5, 21],
			"scale": [4, 4, 4]
		}
	}
}