{
	"credit": "Made with Blockbench",
	"textures": {
		"fedora": "hat/misc/hebtex/fedora",
		"copter": "hat/misc/hebtex/copter"
	},
	"elements": [
		{
			"from": [19, 15.5, 7],
			"to": [24, 16, 9],
			"faces": {
				"north": {"uv": [0.25, 0.25, 15.75, 3.75], "texture": "#copter"},
				"east": {"uv": [0.25, 0.25, 14.75, 3.75], "texture": "#copter"},
				"south": {"uv": [15.75, 0.25, 0.25, 3.75], "texture": "#copter"},
				"west": {"uv": [15.25, 0.25, 15.75, 3.75], "texture": "#copter"},
				"up": {"uv": [15.75, 0.25, 0.25, 3.75], "texture": "#copter"},
				"down": {"uv": [15.75, 0.25, 0.25, 3.75], "texture": "#copter"}
			}
		},
		{
			"from": [6.5, 15, 6.5],
			"to": [9.5, 16.5, 9.5],
			"faces": {
				"north": {"uv": [15.25, 0.25, 15.75, 3.75], "texture": "#copter"},
				"east": {"uv": [15.25, 0.25, 15.75, 3.75], "texture": "#copter"},
				"south": {"uv": [15.25, 0.25, 15.75, 3.75], "texture": "#copter"},
				"west": {"uv": [15.25, 0.25, 15.75, 3.75], "texture": "#copter"},
				"up": {"uv": [15.25, 0.25, 15.75, 3.75], "texture": "#copter"},
				"down": {"uv": [15.25, 0.25, 15.75, 3.75], "texture": "#copter"}
			}
		},
		{
			"from": [7.5, 13, 7.5],
			"to": [8.5, 15, 8.5],
			"faces": {
				"north": {"uv": [15.25, 0.25, 15.75, 3.75], "texture": "#copter"},
				"east": {"uv": [15.25, 0.25, 15.75, 3.75], "texture": "#copter"},
				"south": {"uv": [15.25, 0.25, 15.75, 3.75], "texture": "#copter"},
				"west": {"uv": [15.25, 0.25, 15.75, 3.75], "texture": "#copter"}
			}
		},
		{
			"from": [7, 15.5, 19],
			"to": [9, 16, 24],
			"faces": {
				"north": {"uv": [15.25, 0.25, 15.75, 3.75], "texture": "#copter"},
				"east": {"uv": [0.25, 0.25, 15.75, 3.75], "texture": "#copter"},
				"south": {"uv": [0.25, 0.25, 14.75, 3.75], "texture": "#copter"},
				"west": {"uv": [15.75, 0.25, 0.25, 3.75], "texture": "#copter"},
				"up": {"uv": [15.75, 0.25, 0.25, 3.75], "rotation": 90, "texture": "#copter"},
				"down": {"uv": [15.75, 0.25, 0.25, 3.75], "rotation": 270, "texture": "#copter"}
			}
		},
		{
			"from": [9.5, 15.5, 7.5],
			"to": [14, 16, 8.5],
			"faces": {
				"north": {"uv": [0.25, 0.25, 15.75, 3.75], "texture": "#copter"},
				"south": {"uv": [15.75, 0.25, 0.25, 3.75], "texture": "#copter"},
				"up": {"uv": [15.75, 0.25, 0.25, 3.75], "texture": "#copter"},
				"down": {"uv": [15.75, 0.25, 0.25, 3.75], "texture": "#copter"}
			}
		},
		{
			"from": [7.5, 15.5, 9.5],
			"to": [8.5, 16, 14],
			"faces": {
				"east": {"uv": [0.25, 0.25, 15.75, 3.75], "texture": "#copter"},
				"west": {"uv": [15.75, 0.25, 0.25, 3.75], "texture": "#copter"},
				"up": {"uv": [15.75, 0.25, 0.25, 3.75], "rotation": 90, "texture": "#copter"},
				"down": {"uv": [15.75, 0.25, 0.25, 3.75], "rotation": 270, "texture": "#copter"}
			}
		},
		{
			"from": [14, 15.5, 7.25],
			"to": [19, 16, 8.75],
			"faces": {
				"north": {"uv": [0.25, 0.25, 15.75, 3.75], "texture": "#copter"},
				"south": {"uv": [15.75, 0.25, 0.25, 3.75], "texture": "#copter"},
				"west": {"uv": [15.25, 0.25, 15.75, 3.75], "texture": "#copter"},
				"up": {"uv": [15.75, 0.25, 0.25, 3.75], "texture": "#copter"},
				"down": {"uv": [15.75, 0.25, 0.25, 3.75], "texture": "#copter"}
			}
		},
		{
			"from": [7.25, 15.5, 14],
			"to": [8.75, 16, 19],
			"faces": {
				"north": {"uv": [15.25, 0.25, 15.75, 3.75], "texture": "#copter"},
				"east": {"uv": [0.25, 0.25, 15.75, 3.75], "texture": "#copter"},
				"west": {"uv": [15.75, 0.25, 0.25, 3.75], "texture": "#copter"},
				"up": {"uv": [15.75, 0.25, 0.25, 3.75], "rotation": 90, "texture": "#copter"},
				"down": {"uv": [15.75, 0.25, 0.25, 3.75], "rotation": 270, "texture": "#copter"}
			}
		},
		{
			"from": [5, 11.5, 4.5],
			"to": [11, 13, 11.5],
			"faces": {
				"north": {"uv": [8.5, 0.5, 15.5, 7.5], "texture": "#fedora"},
				"east": {"uv": [8.5, 0.5, 15.5, 7.5], "texture": "#fedora"},
				"south": {"uv": [8.5, 0.5, 15.5, 7.5], "texture": "#fedora"},
				"west": {"uv": [8.5, 0.5, 15.5, 7.5], "texture": "#fedora"},
				"up": {"uv": [8.5, 0.5, 15.5, 7.5], "texture": "#fedora"}
			}
		},
		{
			"from": [4.75, 10, 4.25],
			"to": [11.25, 11.5, 11.75],
			"faces": {
				"north": {"uv": [8.5, 0.5, 15.5, 7.5], "texture": "#fedora"},
				"east": {"uv": [8.5, 0.5, 15.5, 7.5], "texture": "#fedora"},
				"south": {"uv": [8.5, 0.5, 15.5, 7.5], "texture": "#fedora"},
				"west": {"uv": [8.5, 0.5, 15.5, 7.5], "texture": "#fedora"},
				"up": {"uv": [8.5, 0.5, 15.5, 7.5], "texture": "#fedora"}
			}
		},
		{
			"from": [4.5, 9, 4],
			"to": [11.5, 10, 12],
			"faces": {
				"north": {"uv": [8.5, 8.5, 15.5, 15.5], "texture": "#fedora"},
				"east": {"uv": [8.5, 8.5, 15.5, 15.5], "texture": "#fedora"},
				"south": {"uv": [8.5, 8.5, 15.5, 15.5], "texture": "#fedora"},
				"west": {"uv": [8.5, 8.5, 15.5, 15.5], "texture": "#fedora"},
				"up": {"uv": [8.5, 8.5, 15.5, 15.5], "texture": "#fedora"}
			}
		},
		{
			"from": [4, 8.75, 3.5],
			"to": [12, 9, 12.5],
			"faces": {
				"north": {"uv": [8.5, 0.5, 15.5, 7.5], "texture": "#fedora"},
				"east": {"uv": [8.5, 0.5, 15.5, 7.5], "texture": "#fedora"},
				"south": {"uv": [8.5, 0.5, 15.5, 7.5], "texture": "#fedora"},
				"west": {"uv": [8.5, 0.5, 15.5, 7.5], "texture": "#fedora"},
				"up": {"uv": [8.5, 0.5, 15.5, 7.5], "texture": "#fedora"}
			}
		},
		{
			"from": [3.5, 8.5, 3],
			"to": [12.5, 8.75, 13],
			"faces": {
				"north": {"uv": [8.5, 0.5, 15.5, 7.5], "texture": "#fedora"},
				"east": {"uv": [8.5, 0.5, 15.5, 7.5], "texture": "#fedora"},
				"south": {"uv": [8.5, 0.5, 15.5, 7.5], "texture": "#fedora"},
				"west": {"uv": [8.5, 0.5, 15.5, 7.5], "texture": "#fedora"},
				"up": {"uv": [8.5, 0.5, 15.5, 7.5], "texture": "#fedora"}
			}
		},
		{
			"from": [3, 8.25, 2.5],
			"to": [13, 8.5, 13.5],
			"faces": {
				"north": {"uv": [8.5, 0.5, 15.5, 7.5], "texture": "#fedora"},
				"east": {"uv": [8.5, 0.5, 15.5, 7.5], "texture": "#fedora"},
				"south": {"uv": [8.5, 0.5, 15.5, 7.5], "texture": "#fedora"},
				"west": {"uv": [8.5, 0.5, 15.5, 7.5], "texture": "#fedora"},
				"up": {"uv": [8.5, 0.5, 15.5, 7.5], "texture": "#fedora"},
				"down": {"uv": [8.5, 0.5, 15.5, 7.5], "texture": "#fedora"}
			}
		},
		{
			"from": [2, 15.5, 7.5],
			"to": [6.5, 16, 8.5],
			"faces": {
				"north": {"uv": [15.75, 0.25, 0.25, 3.75], "texture": "#copter"},
				"south": {"uv": [0.25, 0.25, 15.75, 3.75], "texture": "#copter"},
				"up": {"uv": [0.25, 0.25, 15.75, 3.75], "texture": "#copter"},
				"down": {"uv": [0.25, 0.25, 15.75, 3.75], "texture": "#copter"}
			}
		},
		{
			"from": [-3, 15.5, 7.25],
			"to": [2, 16, 8.75],
			"faces": {
				"north": {"uv": [15.75, 0.25, 0.25, 3.75], "texture": "#copter"},
				"east": {"uv": [15.25, 0.25, 15.75, 3.75], "texture": "#copter"},
				"south": {"uv": [0.25, 0.25, 15.75, 3.75], "texture": "#copter"},
				"up": {"uv": [0.25, 0.25, 15.75, 3.75], "texture": "#copter"},
				"down": {"uv": [0.25, 0.25, 15.75, 3.75], "texture": "#copter"}
			}
		},
		{
			"from": [-8, 15.5, 7],
			"to": [-3, 16, 9],
			"faces": {
				"north": {"uv": [15.75, 0.25, 0.25, 3.75], "texture": "#copter"},
				"east": {"uv": [15.25, 0.25, 15.75, 3.75], "texture": "#copter"},
				"south": {"uv": [0.25, 0.25, 15.75, 3.75], "texture": "#copter"},
				"west": {"uv": [0.25, 0.25, 14.75, 3.75], "texture": "#copter"},
				"up": {"uv": [0.25, 0.25, 15.75, 3.75], "texture": "#copter"},
				"down": {"uv": [0.25, 0.25, 15.75, 3.75], "texture": "#copter"}
			}
		},
		{
			"from": [7.5, 15.5, 2],
			"to": [8.5, 16, 6.5],
			"faces": {
				"east": {"uv": [15.75, 0.25, 0.25, 3.75], "texture": "#copter"},
				"west": {"uv": [0.25, 0.25, 15.75, 3.75], "texture": "#copter"},
				"up": {"uv": [0.25, 0.25, 15.75, 3.75], "rotation": 90, "texture": "#copter"},
				"down": {"uv": [0.25, 0.25, 15.75, 3.75], "rotation": 270, "texture": "#copter"}
			}
		},
		{
			"from": [7.25, 15.5, -3],
			"to": [8.75, 16, 2],
			"faces": {
				"east": {"uv": [15.75, 0.25, 0.25, 3.75], "texture": "#copter"},
				"south": {"uv": [15.25, 0.25, 15.75, 3.75], "texture": "#copter"},
				"west": {"uv": [0.25, 0.25, 15.75, 3.75], "texture": "#copter"},
				"up": {"uv": [15.75, 0.25, 0.25, 3.75], "rotation": 270, "texture": "#copter"},
				"down": {"uv": [15.75, 0.25, 0.25, 3.75], "rotation": 90, "texture": "#copter"}
			}
		},
		{
			"from": [7, 15.5, -8],
			"to": [9, 16, -3],
			"faces": {
				"north": {"uv": [0.25, 0.25, 14.75, 3.75], "texture": "#copter"},
				"east": {"uv": [15.75, 0.25, 0.25, 3.75], "texture": "#copter"},
				"south": {"uv": [15.25, 0.25, 15.75, 3.75], "texture": "#copter"},
				"west": {"uv": [0.25, 0.25, 15.75, 3.75], "texture": "#copter"},
				"up": {"uv": [0.25, 0.25, 15.75, 3.75], "rotation": 90, "texture": "#copter"},
				"down": {"uv": [0.25, 0.25, 15.75, 3.75], "rotation": 270, "texture": "#copter"}
			}
		},
		{
			"from": [-2, 8, 7.5],
			"to": [6, 9, 8.5],
			"rotation": {"angle": 22.5, "axis": "z", "origin": [-2, 9, 7.5], "rescale": true},
			"faces": {
				"north": {"uv": [0.5, 8.5, 7.5, 15.5], "texture": "#fedora"},
				"south": {"uv": [0.5, 8.5, 7.5, 15.5], "texture": "#fedora"},
				"up": {"uv": [0.5, 8.5, 7.5, 15.5], "texture": "#fedora"},
				"down": {"uv": [0.5, 8.5, 7.5, 15.5], "texture": "#fedora"}
			}
		},
		{
			"from": [10.625, 11.0625, 7.5],
			"to": [18.625, 12.0625, 8.5],
			"rotation": {"angle": -22.5, "axis": "z", "origin": [10.625, 12.0625, 7.5]},
			"faces": {
				"north": {"uv": [0.5, 8.5, 7.5, 15.5], "texture": "#fedora"},
				"south": {"uv": [0.5, 8.5, 7.5, 15.5], "texture": "#fedora"},
				"up": {"uv": [0.5, 8.5, 7.5, 15.5], "texture": "#fedora"},
				"down": {"uv": [0.5, 8.5, 7.5, 15.5], "texture": "#fedora"}
			}
		},
		{
			"from": [-2, 2, 7.5],
			"to": [-1, 9, 8.5],
			"faces": {
				"north": {"uv": [0.5, 8.5, 7.5, 15.5], "texture": "#fedora"},
				"east": {"uv": [0.5, 8.5, 7.5, 15.5], "texture": "#fedora"},
				"south": {"uv": [0.5, 8.5, 7.5, 15.5], "texture": "#fedora"},
				"west": {"uv": [0.5, 8.5, 7.5, 15.5], "texture": "#fedora"}
			}
		},
		{
			"from": [17, 2, 7.5],
			"to": [18, 9, 8.5],
			"faces": {
				"north": {"uv": [0.5, 8.5, 7.5, 15.5], "texture": "#fedora"},
				"east": {"uv": [0.5, 8.5, 7.5, 15.5], "texture": "#fedora"},
				"south": {"uv": [0.5, 8.5, 7.5, 15.5], "texture": "#fedora"},
				"west": {"uv": [0.5, 8.5, 7.5, 15.5], "texture": "#fedora"}
			}
		},
		{
			"from": [-2.25, -2, 7.25],
			"to": [-0.75, 2, 8.75],
			"faces": {
				"north": {"uv": [0.5, 0.5, 7.5, 7.5], "texture": "#fedora"},
				"east": {"uv": [0.5, 0.5, 7.5, 7.5], "texture": "#fedora"},
				"south": {"uv": [0.5, 0.5, 7.5, 7.5], "texture": "#fedora"},
				"west": {"uv": [0.5, 0.5, 7.5, 7.5], "texture": "#fedora"},
				"up": {"uv": [0.5, 0.5, 7.5, 7.5], "texture": "#fedora"},
				"down": {"uv": [0.5, 0.5, 7.5, 7.5], "texture": "#fedora"}
			}
		},
		{
			"from": [16.75, -2, 7.25],
			"to": [18.25, 2, 8.75],
			"faces": {
				"north": {"uv": [0.5, 0.5, 7.5, 7.5], "texture": "#fedora"},
				"east": {"uv": [0.5, 0.5, 7.5, 7.5], "texture": "#fedora"},
				"south": {"uv": [0.5, 0.5, 7.5, 7.5], "texture": "#fedora"},
				"west": {"uv": [0.5, 0.5, 7.5, 7.5], "texture": "#fedora"},
				"up": {"uv": [0.5, 0.5, 7.5, 7.5], "texture": "#fedora"},
				"down": {"uv": [0.5, 0.5, 7.5, 7.5], "texture": "#fedora"}
			}
		},
		{
			"from": [17.75, 15.5, 2.875],
			"to": [22.75, 16, 4.875],
			"rotation": {"angle": 22.5, "axis": "y", "origin": [17.75, 15.5, 2.875]},
			"faces": {
				"north": {"uv": [0.25, 4.25, 15.75, 7.75], "texture": "#copter"},
				"east": {"uv": [0.25, 4.25, 14.75, 7.75], "texture": "#copter"},
				"south": {"uv": [0.25, 4.25, 15.75, 7.75], "texture": "#copter"},
				"west": {"uv": [15.25, 4.25, 15.75, 7.75], "texture": "#copter"},
				"up": {"uv": [15.75, 4.25, 0.25, 7.75], "texture": "#copter"},
				"down": {"uv": [15.75, 4.25, 0.25, 7.75], "texture": "#copter"}
			}
		},
		{
			"from": [6.0625, 15, 7.1875],
			"to": [9.0625, 16.5, 10.1875],
			"rotation": {"angle": 22.5, "axis": "y", "origin": [6.0625, 15, 7.1875]},
			"faces": {
				"north": {"uv": [15.25, 4.25, 15.75, 7.75], "texture": "#copter"},
				"east": {"uv": [15.25, 4.25, 15.75, 7.75], "texture": "#copter"},
				"south": {"uv": [15.25, 4.25, 15.75, 7.75], "texture": "#copter"},
				"west": {"uv": [15.25, 4.25, 15.75, 7.75], "texture": "#copter"},
				"up": {"uv": [15.25, 4.25, 15.75, 7.75], "texture": "#copter"},
				"down": {"uv": [15.25, 4.25, 15.75, 7.75], "texture": "#copter"}
			}
		},
		{
			"from": [7.375, 13, 7.75],
			"to": [8.375, 15, 8.75],
			"rotation": {"angle": 22.5, "axis": "y", "origin": [7.375, 13, 7.75]},
			"faces": {
				"north": {"uv": [15.25, 4.25, 15.75, 7.75], "texture": "#copter"},
				"east": {"uv": [15.25, 4.25, 15.75, 7.75], "texture": "#copter"},
				"south": {"uv": [15.25, 4.25, 15.75, 7.75], "texture": "#copter"},
				"west": {"uv": [15.25, 4.25, 15.75, 7.75], "texture": "#copter"}
			}
		},
		{
			"from": [11.3125, 15.5, 18.5625],
			"to": [13.3125, 16, 23.5625],
			"rotation": {"angle": 22.5, "axis": "y", "origin": [11.3125, 15.5, 18.5625]},
			"faces": {
				"north": {"uv": [15.25, 4.25, 15.75, 7.75], "texture": "#copter"},
				"east": {"uv": [15.75, 4.25, 0.25, 7.75], "texture": "#copter"},
				"south": {"uv": [0.25, 4.25, 14.75, 7.75], "texture": "#copter"},
				"west": {"uv": [15.75, 4.25, 0.25, 7.75], "texture": "#copter"},
				"up": {"uv": [15.75, 4.25, 0.25, 7.75], "rotation": 90, "texture": "#copter"},
				"down": {"uv": [15.75, 4.25, 0.25, 7.75], "rotation": 270, "texture": "#copter"}
			}
		},
		{
			"from": [9.1875, 15.5, 6.9375],
			"to": [13.6875, 16, 7.9375],
			"rotation": {"angle": 22.5, "axis": "y", "origin": [9.1875, 15.5, 6.9375]},
			"faces": {
				"north": {"uv": [0.25, 4.25, 15.75, 7.75], "texture": "#copter"},
				"south": {"uv": [0.25, 4.25, 15.75, 7.75], "texture": "#copter"},
				"up": {"uv": [15.75, 4.25, 0.25, 7.75], "texture": "#copter"},
				"down": {"uv": [15.75, 4.25, 0.25, 7.75], "texture": "#copter"}
			}
		},
		{
			"from": [8.125, 15.5, 9.5625],
			"to": [9.125, 16, 14.0625],
			"rotation": {"angle": 22.5, "axis": "y", "origin": [8.125, 15.5, 9.5625]},
			"faces": {
				"east": {"uv": [15.75, 4.25, 0.25, 7.75], "texture": "#copter"},
				"west": {"uv": [15.75, 4.25, 0.25, 7.75], "texture": "#copter"},
				"up": {"uv": [15.75, 4.25, 0.25, 7.75], "rotation": 90, "texture": "#copter"},
				"down": {"uv": [15.75, 4.25, 0.25, 7.75], "rotation": 270, "texture": "#copter"}
			}
		},
		{
			"from": [13.25, 15.5, 5],
			"to": [18.25, 16, 6.5],
			"rotation": {"angle": 22.5, "axis": "y", "origin": [13.25, 15.5, 5]},
			"faces": {
				"north": {"uv": [0.25, 4.25, 15.75, 7.75], "texture": "#copter"},
				"south": {"uv": [0.25, 4.25, 15.75, 7.75], "texture": "#copter"},
				"west": {"uv": [15.25, 4.25, 15.75, 7.75], "texture": "#copter"},
				"up": {"uv": [15.75, 4.25, 0.25, 7.75], "texture": "#copter"},
				"down": {"uv": [15.75, 4.25, 0.25, 7.75], "texture": "#copter"}
			}
		},
		{
			"from": [9.625, 15.5, 13.8125],
			"to": [11.125, 16, 18.8125],
			"rotation": {"angle": 22.5, "axis": "y", "origin": [9.625, 15.5, 13.8125]},
			"faces": {
				"north": {"uv": [15.25, 4.25, 15.75, 7.75], "texture": "#copter"},
				"east": {"uv": [15.75, 4.25, 0.25, 7.75], "texture": "#copter"},
				"west": {"uv": [15.75, 4.25, 0.25, 7.75], "texture": "#copter"},
				"up": {"uv": [15.75, 4.25, 0.25, 7.75], "rotation": 90, "texture": "#copter"},
				"down": {"uv": [15.75, 4.25, 0.25, 7.75], "rotation": 270, "texture": "#copter"}
			}
		},
		{
			"from": [2.25, 15.5, 9.75],
			"to": [6.75, 16, 10.75],
			"rotation": {"angle": 22.5, "axis": "y", "origin": [2.25, 15.5, 9.75]},
			"faces": {
				"north": {"uv": [15.75, 4.25, 0.25, 7.75], "texture": "#copter"},
				"south": {"uv": [15.75, 4.25, 0.25, 7.75], "texture": "#copter"},
				"up": {"uv": [0.25, 4.25, 15.75, 7.75], "texture": "#copter"},
				"down": {"uv": [0.25, 4.25, 15.75, 7.75], "texture": "#copter"}
			}
		},
		{
			"from": [-2.4375, 15.5, 11.5],
			"to": [2.5625, 16, 13],
			"rotation": {"angle": 22.5, "axis": "y", "origin": [-2.4375, 15.5, 11.5]},
			"faces": {
				"north": {"uv": [15.75, 4.25, 0.25, 7.75], "texture": "#copter"},
				"east": {"uv": [15.25, 4.25, 15.75, 7.75], "texture": "#copter"},
				"south": {"uv": [15.75, 4.25, 0.25, 7.75], "texture": "#copter"},
				"up": {"uv": [0.25, 4.25, 15.75, 7.75], "texture": "#copter"},
				"down": {"uv": [0.25, 4.25, 15.75, 7.75], "texture": "#copter"}
			}
		},
		{
			"from": [-7.1875, 15.5, 13.1875],
			"to": [-2.1875, 16, 15.1875],
			"rotation": {"angle": 22.5, "axis": "y", "origin": [-7.1875, 15.5, 13.1875]},
			"faces": {
				"north": {"uv": [15.75, 4.25, 0.25, 7.75], "texture": "#copter"},
				"east": {"uv": [15.25, 4.25, 15.75, 7.75], "texture": "#copter"},
				"south": {"uv": [15.75, 4.25, 0.25, 7.75], "texture": "#copter"},
				"west": {"uv": [0.25, 4.25, 14.75, 7.75], "texture": "#copter"},
				"up": {"uv": [0.25, 4.25, 15.75, 7.75], "texture": "#copter"},
				"down": {"uv": [0.25, 4.25, 15.75, 7.75], "texture": "#copter"}
			}
		},
		{
			"from": [5.25, 15.5, 2.625],
			"to": [6.25, 16, 7.125],
			"rotation": {"angle": 22.5, "axis": "y", "origin": [5.25, 15.5, 2.625]},
			"faces": {
				"east": {"uv": [0.25, 4.25, 15.75, 7.75], "texture": "#copter"},
				"west": {"uv": [0.25, 4.25, 15.75, 7.75], "texture": "#copter"},
				"up": {"uv": [0.25, 4.25, 15.75, 7.75], "rotation": 90, "texture": "#copter"},
				"down": {"uv": [0.25, 4.25, 15.75, 7.75], "rotation": 270, "texture": "#copter"}
			}
		},
		{
			"from": [3.125, 15.5, -1.875],
			"to": [4.625, 16, 3.125],
			"rotation": {"angle": 22.5, "axis": "y", "origin": [3.125, 15.5, -1.875]},
			"faces": {
				"east": {"uv": [0.25, 4.25, 15.75, 7.75], "texture": "#copter"},
				"south": {"uv": [15.25, 4.25, 15.75, 7.75], "texture": "#copter"},
				"west": {"uv": [0.25, 4.25, 15.75, 7.75], "texture": "#copter"},
				"up": {"uv": [15.75, 4.25, 0.25, 7.75], "rotation": 270, "texture": "#copter"},
				"down": {"uv": [15.75, 4.25, 0.25, 7.75], "rotation": 90, "texture": "#copter"}
			}
		},
		{
			"from": [0.9375, 15.5, -6.375],
			"to": [2.9375, 16, -1.375],
			"rotation": {"angle": 22.5, "axis": "y", "origin": [0.9375, 15.5, -6.375]},
			"faces": {
				"north": {"uv": [0.25, 4.25, 14.75, 7.75], "texture": "#copter"},
				"east": {"uv": [0.25, 4.25, 15.75, 7.75], "texture": "#copter"},
				"south": {"uv": [15.25, 4.25, 15.75, 7.75], "texture": "#copter"},
				"west": {"uv": [0.25, 4.25, 15.75, 7.75], "texture": "#copter"},
				"up": {"uv": [0.25, 4.25, 15.75, 7.75], "rotation": 90, "texture": "#copter"},
				"down": {"uv": [0.25, 4.25, 15.75, 7.75], "rotation": 270, "texture": "#copter"}
			}
		},
		{
			"from": [-2, 8, 7.5],
			"to": [6, 9, 8.5],
			"rotation": {"angle": 22.5, "axis": "z", "origin": [-2, 9, 7.5]},
			"faces": {
				"north": {"uv": [0.5, 8.5, 7.5, 15.5], "texture": "#fedora"},
				"south": {"uv": [0.5, 8.5, 7.5, 15.5], "texture": "#fedora"},
				"up": {"uv": [0.5, 8.5, 7.5, 15.5], "texture": "#fedora"},
				"down": {"uv": [0.5, 8.5, 7.5, 15.5], "texture": "#fedora"}
			}
		},
		{
			"from": [15.0625, 15.5, -0.5],
			"to": [20.0625, 16, 1.5],
			"rotation": {"angle": 45, "axis": "y", "origin": [15.0625, 15.5, -0.5]},
			"faces": {
				"north": {"uv": [0.25, 8.25, 15.75, 11.75], "texture": "#copter"},
				"east": {"uv": [0.25, 8.25, 14.75, 11.75], "texture": "#copter"},
				"south": {"uv": [0.25, 8.25, 15.75, 11.75], "texture": "#copter"},
				"west": {"uv": [15.25, 8.25, 15.75, 11.75], "texture": "#copter"},
				"up": {"uv": [15.75, 8.25, 0.25, 11.75], "texture": "#copter"},
				"down": {"uv": [15.75, 8.25, 0.25, 11.75], "texture": "#copter"}
			}
		},
		{
			"from": [5.875, 15, 8],
			"to": [8.875, 16.5, 11],
			"rotation": {"angle": 45, "axis": "y", "origin": [5.875, 15, 8]},
			"faces": {
				"north": {"uv": [15.25, 8.25, 15.75, 11.75], "texture": "#copter"},
				"east": {"uv": [15.25, 8.25, 15.75, 11.75], "texture": "#copter"},
				"south": {"uv": [15.25, 8.25, 15.75, 11.75], "texture": "#copter"},
				"west": {"uv": [15.25, 8.25, 15.75, 11.75], "texture": "#copter"},
				"up": {"uv": [15.25, 8.25, 15.75, 11.75], "texture": "#copter"},
				"down": {"uv": [15.25, 8.25, 15.75, 11.75], "texture": "#copter"}
			}
		},
		{
			"from": [7.3125, 13, 8],
			"to": [8.3125, 15, 9],
			"rotation": {"angle": 45, "axis": "y", "origin": [7.3125, 13, 8]},
			"faces": {
				"north": {"uv": [15.25, 8.25, 15.75, 11.75], "texture": "#copter"},
				"east": {"uv": [15.25, 8.25, 15.75, 11.75], "texture": "#copter"},
				"south": {"uv": [15.25, 8.25, 15.75, 11.75], "texture": "#copter"},
				"west": {"uv": [15.25, 8.25, 15.75, 11.75], "texture": "#copter"}
			}
		},
		{
			"from": [15.0625, 15.5, 16.5],
			"to": [17.0625, 16, 21.5],
			"rotation": {"angle": 45, "axis": "y", "origin": [15.0625, 15.5, 16.5]},
			"faces": {
				"north": {"uv": [15.25, 8.25, 15.75, 11.75], "texture": "#copter"},
				"east": {"uv": [15.75, 8.25, 0.25, 11.75], "texture": "#copter"},
				"south": {"uv": [0.25, 8.25, 14.75, 11.75], "texture": "#copter"},
				"west": {"uv": [15.75, 8.25, 0.25, 11.75], "texture": "#copter"},
				"up": {"uv": [15.75, 8.25, 0.25, 11.75], "rotation": 90, "texture": "#copter"},
				"down": {"uv": [15.75, 8.25, 0.25, 11.75], "rotation": 270, "texture": "#copter"}
			}
		},
		{
			"from": [8.6875, 15.5, 6.5625],
			"to": [13.1875, 16, 7.5625],
			"rotation": {"angle": 45, "axis": "y", "origin": [8.6875, 15.5, 6.5625]},
			"faces": {
				"north": {"uv": [0.25, 8.25, 15.75, 11.75], "texture": "#copter"},
				"south": {"uv": [0.25, 8.25, 15.75, 11.75], "texture": "#copter"},
				"up": {"uv": [15.75, 8.25, 0.25, 11.75], "texture": "#copter"},
				"down": {"uv": [15.75, 8.25, 0.25, 11.75], "texture": "#copter"}
			}
		},
		{
			"from": [8.6875, 15.5, 9.4375],
			"to": [9.6875, 16, 13.9375],
			"rotation": {"angle": 45, "axis": "y", "origin": [8.6875, 15.5, 9.4375]},
			"faces": {
				"east": {"uv": [15.75, 8.25, 0.25, 11.75], "texture": "#copter"},
				"west": {"uv": [15.75, 8.25, 0.25, 11.75], "texture": "#copter"},
				"up": {"uv": [15.75, 8.25, 0.25, 11.75], "rotation": 90, "texture": "#copter"},
				"down": {"uv": [15.75, 8.25, 0.25, 11.75], "rotation": 270, "texture": "#copter"}
			}
		},
		{
			"from": [11.6875, 15.5, 3.25],
			"to": [16.6875, 16, 4.75],
			"rotation": {"angle": 45, "axis": "y", "origin": [11.6875, 15.5, 3.25]},
			"faces": {
				"north": {"uv": [0.25, 8.25, 15.75, 11.75], "texture": "#copter"},
				"south": {"uv": [0.25, 8.25, 15.75, 11.75], "texture": "#copter"},
				"west": {"uv": [15.25, 8.25, 15.75, 11.75], "texture": "#copter"},
				"up": {"uv": [15.75, 8.25, 0.25, 11.75], "texture": "#copter"},
				"down": {"uv": [15.75, 8.25, 0.25, 11.75], "texture": "#copter"}
			}
		},
		{
			"from": [11.6875, 15.5, 12.75],
			"to": [13.1875, 16, 17.75],
			"rotation": {"angle": 45, "axis": "y", "origin": [11.6875, 15.5, 12.75]},
			"faces": {
				"north": {"uv": [15.25, 8.25, 15.75, 11.75], "texture": "#copter"},
				"east": {"uv": [15.75, 8.25, 0.25, 11.75], "texture": "#copter"},
				"west": {"uv": [15.75, 8.25, 0.25, 11.75], "texture": "#copter"},
				"up": {"uv": [15.75, 8.25, 0.25, 11.75], "rotation": 90, "texture": "#copter"},
				"down": {"uv": [15.75, 8.25, 0.25, 11.75], "rotation": 270, "texture": "#copter"}
			}
		},
		{
			"from": [3.375, 15.5, 11.875],
			"to": [7.875, 16, 12.875],
			"rotation": {"angle": 45, "axis": "y", "origin": [3.375, 15.5, 11.875]},
			"faces": {
				"north": {"uv": [15.75, 8.25, 0.25, 11.75], "texture": "#copter"},
				"south": {"uv": [15.75, 8.25, 0.25, 11.75], "texture": "#copter"},
				"up": {"uv": [0.25, 8.25, 15.75, 11.75], "texture": "#copter"},
				"down": {"uv": [0.25, 8.25, 15.75, 11.75], "texture": "#copter"}
			}
		},
		{
			"from": [-0.3125, 15.5, 15.25],
			"to": [4.6875, 16, 16.75],
			"rotation": {"angle": 45, "axis": "y", "origin": [-0.3125, 15.5, 15.25]},
			"faces": {
				"north": {"uv": [15.75, 8.25, 0.25, 11.75], "texture": "#copter"},
				"east": {"uv": [15.25, 8.25, 15.75, 11.75], "texture": "#copter"},
				"south": {"uv": [15.75, 8.25, 0.25, 11.75], "texture": "#copter"},
				"up": {"uv": [0.25, 8.25, 15.75, 11.75], "texture": "#copter"},
				"down": {"uv": [0.25, 8.25, 15.75, 11.75], "texture": "#copter"}
			}
		},
		{
			"from": [-4, 15.5, 18.625],
			"to": [1, 16, 20.625],
			"rotation": {"angle": 45, "axis": "y", "origin": [-4, 15.5, 18.625]},
			"faces": {
				"north": {"uv": [15.75, 8.25, 0.25, 11.75], "texture": "#copter"},
				"east": {"uv": [15.25, 8.25, 15.75, 11.75], "texture": "#copter"},
				"south": {"uv": [15.75, 8.25, 0.25, 11.75], "texture": "#copter"},
				"west": {"uv": [0.25, 8.25, 14.75, 11.75], "texture": "#copter"},
				"up": {"uv": [0.25, 8.25, 15.75, 11.75], "texture": "#copter"},
				"down": {"uv": [0.25, 8.25, 15.75, 11.75], "texture": "#copter"}
			}
		},
		{
			"from": [3.375, 15.5, 4.125],
			"to": [4.375, 16, 8.625],
			"rotation": {"angle": 45, "axis": "y", "origin": [3.375, 15.5, 4.125]},
			"faces": {
				"east": {"uv": [0.25, 8.25, 15.75, 11.75], "texture": "#copter"},
				"west": {"uv": [0.25, 8.25, 15.75, 11.75], "texture": "#copter"},
				"up": {"uv": [0.25, 8.25, 15.75, 11.75], "rotation": 90, "texture": "#copter"},
				"down": {"uv": [0.25, 8.25, 15.75, 11.75], "rotation": 270, "texture": "#copter"}
			}
		},
		{
			"from": [-0.3125, 15.5, 0.75],
			"to": [1.1875, 16, 5.75],
			"rotation": {"angle": 45, "axis": "y", "origin": [-0.3125, 15.5, 0.75]},
			"faces": {
				"east": {"uv": [0.25, 8.25, 15.75, 11.75], "texture": "#copter"},
				"south": {"uv": [15.25, 8.25, 15.75, 11.75], "texture": "#copter"},
				"west": {"uv": [0.25, 8.25, 15.75, 11.75], "texture": "#copter"},
				"up": {"uv": [15.75, 8.25, 0.25, 11.75], "rotation": 270, "texture": "#copter"},
				"down": {"uv": [15.75, 8.25, 0.25, 11.75], "rotation": 90, "texture": "#copter"}
			}
		},
		{
			"from": [-4, 15.5, -2.625],
			"to": [-2, 16, 2.375],
			"rotation": {"angle": 45, "axis": "y", "origin": [-4, 15.5, -2.625]},
			"faces": {
				"north": {"uv": [0.25, 8.25, 14.75, 11.75], "texture": "#copter"},
				"east": {"uv": [0.25, 8.25, 15.75, 11.75], "texture": "#copter"},
				"south": {"uv": [15.25, 8.25, 15.75, 11.75], "texture": "#copter"},
				"west": {"uv": [0.25, 8.25, 15.75, 11.75], "texture": "#copter"},
				"up": {"uv": [0.25, 8.25, 15.75, 11.75], "rotation": 90, "texture": "#copter"},
				"down": {"uv": [0.25, 8.25, 15.75, 11.75], "rotation": 270, "texture": "#copter"}
			}
		},
		{
			"from": [18.5625, 15.5, 11.3125],
			"to": [23.5625, 16, 13.3125],
			"rotation": {"angle": -22.5, "axis": "y", "origin": [18.5625, 15.5, 11.3125]},
			"faces": {
				"north": {"uv": [0.25, 12.25, 15.75, 15.75], "texture": "#copter"},
				"east": {"uv": [0.25, 12.25, 14.75, 15.75], "texture": "#copter"},
				"south": {"uv": [0.25, 12.25, 15.75, 15.75], "texture": "#copter"},
				"west": {"uv": [15.25, 12.25, 15.75, 15.75], "texture": "#copter"},
				"up": {"uv": [15.75, 12.25, 0.25, 15.75], "texture": "#copter"},
				"down": {"uv": [15.75, 12.25, 0.25, 15.75], "texture": "#copter"}
			}
		},
		{
			"from": [7.1875, 15, 6.0625],
			"to": [10.1875, 16.5, 9.0625],
			"rotation": {"angle": -22.5, "axis": "y", "origin": [7.1875, 15, 6.0625]},
			"faces": {
				"north": {"uv": [15.25, 12.25, 15.75, 15.75], "texture": "#copter"},
				"east": {"uv": [15.25, 12.25, 15.75, 15.75], "texture": "#copter"},
				"south": {"uv": [15.25, 12.25, 15.75, 15.75], "texture": "#copter"},
				"west": {"uv": [15.25, 12.25, 15.75, 15.75], "texture": "#copter"},
				"up": {"uv": [15.25, 12.25, 15.75, 15.75], "texture": "#copter"},
				"down": {"uv": [15.25, 12.25, 15.75, 15.75], "texture": "#copter"}
			}
		},
		{
			"from": [7.75, 13, 7.375],
			"to": [8.75, 15, 8.375],
			"rotation": {"angle": -22.5, "axis": "y", "origin": [7.75, 13, 7.375]},
			"faces": {
				"north": {"uv": [15.25, 12.25, 15.75, 15.75], "texture": "#copter"},
				"east": {"uv": [15.25, 12.25, 15.75, 15.75], "texture": "#copter"},
				"south": {"uv": [15.25, 12.25, 15.75, 15.75], "texture": "#copter"},
				"west": {"uv": [15.25, 12.25, 15.75, 15.75], "texture": "#copter"}
			}
		},
		{
			"from": [2.875, 15.5, 17.75],
			"to": [4.875, 16, 22.75],
			"rotation": {"angle": -22.5, "axis": "y", "origin": [2.875, 15.5, 17.75]},
			"faces": {
				"north": {"uv": [15.25, 12.25, 15.75, 15.75], "texture": "#copter"},
				"east": {"uv": [15.75, 12.25, 0.25, 15.75], "texture": "#copter"},
				"south": {"uv": [0.25, 12.25, 14.75, 15.75], "texture": "#copter"},
				"west": {"uv": [15.75, 12.25, 0.25, 15.75], "texture": "#copter"},
				"up": {"uv": [15.75, 12.25, 0.25, 15.75], "rotation": 90, "texture": "#copter"},
				"down": {"uv": [15.75, 12.25, 0.25, 15.75], "rotation": 270, "texture": "#copter"}
			}
		},
		{
			"from": [9.5625, 15.5, 8.125],
			"to": [14.0625, 16, 9.125],
			"rotation": {"angle": -22.5, "axis": "y", "origin": [9.5625, 15.5, 8.125]},
			"faces": {
				"north": {"uv": [0.25, 12.25, 15.75, 15.75], "texture": "#copter"},
				"south": {"uv": [0.25, 12.25, 15.75, 15.75], "texture": "#copter"},
				"up": {"uv": [15.75, 12.25, 0.25, 15.75], "texture": "#copter"},
				"down": {"uv": [15.75, 12.25, 0.25, 15.75], "texture": "#copter"}
			}
		},
		{
			"from": [6.9375, 15.5, 9.1875],
			"to": [7.9375, 16, 13.6875],
			"rotation": {"angle": -22.5, "axis": "y", "origin": [6.9375, 15.5, 9.1875]},
			"faces": {
				"east": {"uv": [15.75, 12.25, 0.25, 15.75], "texture": "#copter"},
				"west": {"uv": [15.75, 12.25, 0.25, 15.75], "texture": "#copter"},
				"up": {"uv": [15.75, 12.25, 0.25, 15.75], "rotation": 90, "texture": "#copter"},
				"down": {"uv": [15.75, 12.25, 0.25, 15.75], "rotation": 270, "texture": "#copter"}
			}
		},
		{
			"from": [13.8125, 15.5, 9.625],
			"to": [18.8125, 16, 11.125],
			"rotation": {"angle": -22.5, "axis": "y", "origin": [13.8125, 15.5, 9.625]},
			"faces": {
				"north": {"uv": [0.25, 12.25, 15.75, 15.75], "texture": "#copter"},
				"south": {"uv": [0.25, 12.25, 15.75, 15.75], "texture": "#copter"},
				"west": {"uv": [15.25, 12.25, 15.75, 15.75], "texture": "#copter"},
				"up": {"uv": [15.75, 12.25, 0.25, 15.75], "texture": "#copter"},
				"down": {"uv": [15.75, 12.25, 0.25, 15.75], "texture": "#copter"}
			}
		},
		{
			"from": [5, 15.5, 13.25],
			"to": [6.5, 16, 18.25],
			"rotation": {"angle": -22.5, "axis": "y", "origin": [5, 15.5, 13.25]},
			"faces": {
				"north": {"uv": [15.25, 12.25, 15.75, 15.75], "texture": "#copter"},
				"east": {"uv": [15.75, 12.25, 0.25, 15.75], "texture": "#copter"},
				"west": {"uv": [15.75, 12.25, 0.25, 15.75], "texture": "#copter"},
				"up": {"uv": [15.75, 12.25, 0.25, 15.75], "rotation": 90, "texture": "#copter"},
				"down": {"uv": [15.75, 12.25, 0.25, 15.75], "rotation": 270, "texture": "#copter"}
			}
		},
		{
			"from": [2.625, 15.5, 5.25],
			"to": [7.125, 16, 6.25],
			"rotation": {"angle": -22.5, "axis": "y", "origin": [2.625, 15.5, 5.25]},
			"faces": {
				"north": {"uv": [15.75, 12.25, 0.25, 15.75], "texture": "#copter"},
				"south": {"uv": [15.75, 12.25, 0.25, 15.75], "texture": "#copter"},
				"up": {"uv": [0.25, 12.25, 15.75, 15.75], "texture": "#copter"},
				"down": {"uv": [0.25, 12.25, 15.75, 15.75], "texture": "#copter"}
			}
		},
		{
			"from": [-1.875, 15.5, 3.125],
			"to": [3.125, 16, 4.625],
			"rotation": {"angle": -22.5, "axis": "y", "origin": [-1.875, 15.5, 3.125]},
			"faces": {
				"north": {"uv": [15.75, 12.25, 0.25, 15.75], "texture": "#copter"},
				"east": {"uv": [15.25, 12.25, 15.75, 15.75], "texture": "#copter"},
				"south": {"uv": [15.75, 12.25, 0.25, 15.75], "texture": "#copter"},
				"up": {"uv": [0.25, 12.25, 15.75, 15.75], "texture": "#copter"},
				"down": {"uv": [0.25, 12.25, 15.75, 15.75], "texture": "#copter"}
			}
		},
		{
			"from": [-6.375, 15.5, 0.9375],
			"to": [-1.375, 16, 2.9375],
			"rotation": {"angle": -22.5, "axis": "y", "origin": [-6.375, 15.5, 0.9375]},
			"faces": {
				"north": {"uv": [15.75, 12.25, 0.25, 15.75], "texture": "#copter"},
				"east": {"uv": [15.25, 12.25, 15.75, 15.75], "texture": "#copter"},
				"south": {"uv": [15.75, 12.25, 0.25, 15.75], "texture": "#copter"},
				"west": {"uv": [0.25, 12.25, 14.75, 15.75], "texture": "#copter"},
				"up": {"uv": [0.25, 12.25, 15.75, 15.75], "texture": "#copter"},
				"down": {"uv": [0.25, 12.25, 15.75, 15.75], "texture": "#copter"}
			}
		},
		{
			"from": [9.8125, 15.5, 2.25],
			"to": [10.8125, 16, 6.75],
			"rotation": {"angle": -22.5, "axis": "y", "origin": [9.8125, 15.5, 2.25]},
			"faces": {
				"east": {"uv": [0.25, 12.25, 15.75, 15.75], "texture": "#copter"},
				"west": {"uv": [0.25, 12.25, 15.75, 15.75], "texture": "#copter"},
				"up": {"uv": [0.25, 12.25, 15.75, 15.75], "rotation": 90, "texture": "#copter"},
				"down": {"uv": [0.25, 12.25, 15.75, 15.75], "rotation": 270, "texture": "#copter"}
			}
		},
		{
			"from": [11.5, 15.5, -2.4375],
			"to": [13, 16, 2.5625],
			"rotation": {"angle": -22.5, "axis": "y", "origin": [11.5, 15.5, -2.4375]},
			"faces": {
				"east": {"uv": [0.25, 12.25, 15.75, 15.75], "texture": "#copter"},
				"south": {"uv": [15.25, 12.25, 15.75, 15.75], "texture": "#copter"},
				"west": {"uv": [0.25, 12.25, 15.75, 15.75], "texture": "#copter"},
				"up": {"uv": [15.75, 12.25, 0.25, 15.75], "rotation": 270, "texture": "#copter"},
				"down": {"uv": [15.75, 12.25, 0.25, 15.75], "rotation": 90, "texture": "#copter"}
			}
		},
		{
			"from": [13.1875, 15.5, -7.1875],
			"to": [15.1875, 16, -2.1875],
			"rotation": {"angle": -22.5, "axis": "y", "origin": [13.1875, 15.5, -7.1875]},
			"faces": {
				"north": {"uv": [0.25, 12.25, 14.75, 15.75], "texture": "#copter"},
				"east": {"uv": [0.25, 12.25, 15.75, 15.75], "texture": "#copter"},
				"south": {"uv": [15.25, 12.25, 15.75, 15.75], "texture": "#copter"},
				"west": {"uv": [0.25, 12.25, 15.75, 15.75], "texture": "#copter"},
				"up": {"uv": [0.25, 12.25, 15.75, 15.75], "rotation": 90, "texture": "#copter"},
				"down": {"uv": [0.25, 12.25, 15.75, 15.75], "rotation": 270, "texture": "#copter"}
			}
		}
	],
	"display": {
		"thirdperson_righthand": {
			"rotation": [67, 0, 0],
			"translation": [0, 1, -1.75]
		},
		"thirdperson_lefthand": {
			"rotation": [67, 0, 0],
			"translation": [0, 1, -1.75]
		},
		"ground": {
			"translation": [0, 4.75, 0],
			"scale": [0.8, 0.8, 0.8]
		},
		"gui": {
			"rotation": [30, 135, 0],
			"scale": [0.5, 0.5, 0.5]
		},
		"head": {
			"translation": [0, 6, 0],
			"scale": [1.6, 1.6, 1.6]
		},
		"fixed": {
			"rotation": [-90, 0, 0],
			"translation": [0, 0, 2.25],
			"scale": [4, 4, 4]
		}
	}
}