{
	"credit": "Made with Blockbench",
	"textures": {
		"0": "hat/misc/impaler"
	},
	"elements": [
		{
			"from": [12, 2, 0],
			"to": [16, 3, 1],
			"faces": {
				"north": {"uv": [0, 13, 4, 14], "texture": "#0"},
				"east": {"uv": [0, 13, 1, 14], "rotation": 180, "texture": "#0"},
				"south": {"uv": [0, 13, 4, 14], "rotation": 180, "texture": "#0"},
				"west": {"uv": [3, 13, 4, 14], "texture": "#0"},
				"up": {"uv": [0, 13, 4, 14], "rotation": 180, "texture": "#0"},
				"down": {"uv": [0, 13, 4, 14], "rotation": 180, "texture": "#0"}
			}
		},
		{
			"from": [6, 2, 0],
			"to": [8, 3, 1],
			"faces": {
				"north": {"uv": [8, 13, 10, 14], "texture": "#0"},
				"east": {"uv": [8, 13, 9, 14], "texture": "#0"},
				"south": {"uv": [8, 13, 10, 14], "rotation": 180, "texture": "#0"},
				"west": {"uv": [9, 13, 10, 14], "texture": "#0"},
				"down": {"uv": [8, 13, 10, 14], "rotation": 180, "texture": "#0"}
			}
		},
		{
			"from": [12, 9, 0],
			"to": [14, 10, 1],
			"faces": {
				"north": {"uv": [2, 6, 4, 7], "texture": "#0"},
				"east": {"uv": [2, 6, 3, 7], "texture": "#0"},
				"south": {"uv": [2, 6, 4, 7], "rotation": 180, "texture": "#0"},
				"west": {"uv": [3, 6, 4, 7], "texture": "#0"},
				"up": {"uv": [2, 6, 4, 7], "rotation": 180, "texture": "#0"},
				"down": {"uv": [2, 6, 4, 7], "rotation": 180, "texture": "#0"}
			}
		},
		{
			"from": [11, 8, 0],
			"to": [14, 9, 1],
			"faces": {
				"north": {"uv": [2, 7, 5, 8], "texture": "#0"},
				"east": {"uv": [2, 7, 3, 8], "texture": "#0"},
				"south": {"uv": [2, 7, 5, 8], "rotation": 180, "texture": "#0"},
				"west": {"uv": [4, 7, 5, 8], "texture": "#0"},
				"up": {"uv": [2, 7, 5, 8], "rotation": 180, "texture": "#0"},
				"down": {"uv": [2, 7, 5, 8], "rotation": 180, "texture": "#0"}
			}
		},
		{
			"from": [0, 15, 0],
			"to": [3, 16, 1],
			"faces": {
				"north": {"uv": [13, 0, 16, 1], "rotation": 180, "texture": "#0"},
				"east": {"uv": [13, 0, 14, 1], "rotation": 180, "texture": "#0"},
				"south": {"uv": [13, 0, 16, 1], "rotation": 180, "texture": "#0"},
				"west": {"uv": [15, 0, 16, 1], "rotation": 180, "texture": "#0"},
				"up": {"uv": [13, 0, 16, 1], "rotation": 180, "texture": "#0"},
				"down": {"uv": [13, 0, 16, 1], "rotation": 180, "texture": "#0"}
			}
		},
		{
			"from": [0, 14, 0],
			"to": [4, 15, 1],
			"faces": {
				"north": {"uv": [12, 1, 16, 2], "texture": "#0"},
				"east": {"uv": [12, 1, 13, 2], "texture": "#0"},
				"south": {"uv": [12, 1, 16, 2], "rotation": 180, "texture": "#0"},
				"west": {"uv": [15, 1, 16, 2], "texture": "#0"},
				"up": {"uv": [12, 1, 16, 2], "rotation": 180, "texture": "#0"},
				"down": {"uv": [12, 1, 16, 2], "rotation": 180, "texture": "#0"}
			}
		},
		{
			"from": [0, 13, 0],
			"to": [5, 14, 1],
			"faces": {
				"north": {"uv": [6, 7, 11, 8], "texture": "#0"},
				"east": {"uv": [6, 7, 7, 8], "texture": "#0"},
				"south": {"uv": [6, 7, 11, 8], "rotation": 180, "texture": "#0"},
				"west": {"uv": [10, 7, 11, 8], "texture": "#0"},
				"up": {"uv": [6, 7, 11, 8], "rotation": 180, "texture": "#0"},
				"down": {"uv": [6, 7, 11, 8], "rotation": 180, "texture": "#0"}
			}
		},
		{
			"from": [1, 12, 0],
			"to": [6, 13, 1],
			"faces": {
				"north": {"uv": [6, 7, 11, 8], "texture": "#0"},
				"east": {"uv": [6, 7, 7, 8], "texture": "#0"},
				"south": {"uv": [6, 7, 11, 8], "rotation": 180, "texture": "#0"},
				"west": {"uv": [10, 7, 11, 8], "texture": "#0"},
				"up": {"uv": [6, 7, 11, 8], "rotation": 180, "texture": "#0"},
				"down": {"uv": [6, 7, 11, 8], "rotation": 180, "texture": "#0"}
			}
		},
		{
			"from": [2, 11, 0],
			"to": [7, 12, 1],
			"faces": {
				"north": {"uv": [6, 7, 11, 8], "texture": "#0"},
				"east": {"uv": [6, 7, 7, 8], "texture": "#0"},
				"south": {"uv": [6, 7, 11, 8], "rotation": 180, "texture": "#0"},
				"west": {"uv": [10, 7, 11, 8], "texture": "#0"},
				"up": {"uv": [6, 7, 11, 8], "rotation": 180, "texture": "#0"},
				"down": {"uv": [6, 7, 11, 8], "rotation": 180, "texture": "#0"}
			}
		},
		{
			"from": [3, 10, 0],
			"to": [8, 11, 1],
			"faces": {
				"north": {"uv": [6, 7, 11, 8], "texture": "#0"},
				"east": {"uv": [6, 7, 7, 8], "texture": "#0"},
				"south": {"uv": [6, 7, 11, 8], "rotation": 180, "texture": "#0"},
				"west": {"uv": [10, 7, 11, 8], "texture": "#0"},
				"up": {"uv": [6, 7, 11, 8], "rotation": 180, "texture": "#0"},
				"down": {"uv": [6, 7, 11, 8], "rotation": 180, "texture": "#0"}
			}
		},
		{
			"from": [4, 9, 0],
			"to": [9, 10, 1],
			"faces": {
				"north": {"uv": [6, 7, 11, 8], "texture": "#0"},
				"east": {"uv": [6, 7, 7, 8], "texture": "#0"},
				"south": {"uv": [6, 7, 11, 8], "rotation": 180, "texture": "#0"},
				"west": {"uv": [10, 7, 11, 8], "texture": "#0"},
				"up": {"uv": [6, 7, 11, 8], "rotation": 180, "texture": "#0"},
				"down": {"uv": [6, 7, 11, 8], "rotation": 180, "texture": "#0"}
			}
		},
		{
			"from": [5, 8, 0],
			"to": [10, 9, 1],
			"faces": {
				"north": {"uv": [6, 7, 11, 8], "texture": "#0"},
				"east": {"uv": [6, 7, 7, 8], "texture": "#0"},
				"south": {"uv": [6, 7, 11, 8], "rotation": 180, "texture": "#0"},
				"west": {"uv": [10, 7, 11, 8], "texture": "#0"},
				"up": {"uv": [6, 7, 11, 8], "rotation": 180, "texture": "#0"},
				"down": {"uv": [6, 7, 11, 8], "rotation": 180, "texture": "#0"}
			}
		},
		{
			"from": [6, 7, 0],
			"to": [13, 8, 1],
			"faces": {
				"north": {"uv": [3, 8, 10, 9], "texture": "#0"},
				"east": {"uv": [3, 8, 4, 9], "texture": "#0"},
				"south": {"uv": [3, 8, 10, 9], "rotation": 180, "texture": "#0"},
				"west": {"uv": [9, 8, 10, 9], "texture": "#0"},
				"up": {"uv": [3, 8, 10, 9], "rotation": 180, "texture": "#0"},
				"down": {"uv": [3, 8, 10, 9], "rotation": 180, "texture": "#0"}
			}
		},
		{
			"from": [7, 6, 0],
			"to": [13, 7, 1],
			"faces": {
				"north": {"uv": [3, 9, 9, 10], "texture": "#0"},
				"east": {"uv": [3, 9, 4, 10], "texture": "#0"},
				"south": {"uv": [3, 9, 9, 10], "rotation": 180, "texture": "#0"},
				"west": {"uv": [8, 9, 9, 10], "texture": "#0"},
				"down": {"uv": [3, 9, 9, 10], "rotation": 180, "texture": "#0"}
			}
		},
		{
			"from": [8, 5, 0],
			"to": [12, 6, 1],
			"faces": {
				"north": {"uv": [4, 10, 8, 11], "texture": "#0"},
				"east": {"uv": [4, 10, 5, 11], "texture": "#0"},
				"south": {"uv": [4, 10, 8, 11], "rotation": 180, "texture": "#0"},
				"west": {"uv": [7, 10, 8, 11], "texture": "#0"},
				"down": {"uv": [4, 10, 8, 11], "rotation": 180, "texture": "#0"}
			}
		},
		{
			"from": [6, 3, 0],
			"to": [10, 4, 1],
			"faces": {
				"north": {"uv": [6, 12, 10, 13], "texture": "#0"},
				"east": {"uv": [6, 12, 7, 13], "texture": "#0"},
				"south": {"uv": [6, 12, 10, 13], "rotation": 180, "texture": "#0"},
				"west": {"uv": [9, 12, 10, 13], "texture": "#0"},
				"up": {"uv": [6, 12, 10, 13], "rotation": 180, "texture": "#0"},
				"down": {"uv": [6, 12, 10, 13], "rotation": 180, "texture": "#0"}
			}
		},
		{
			"from": [7, 4, 0],
			"to": [13, 5, 1],
			"faces": {
				"north": {"uv": [3, 11, 9, 12], "texture": "#0"},
				"east": {"uv": [3, 11, 4, 12], "texture": "#0"},
				"south": {"uv": [3, 11, 9, 12], "rotation": 180, "texture": "#0"},
				"west": {"uv": [8, 11, 9, 12], "texture": "#0"},
				"up": {"uv": [3, 11, 9, 12], "rotation": 180, "texture": "#0"},
				"down": {"uv": [3, 11, 9, 12], "rotation": 180, "texture": "#0"}
			}
		},
		{
			"from": [11, 3, 0],
			"to": [14, 4, 1],
			"faces": {
				"north": {"uv": [2, 12, 5, 13], "texture": "#0"},
				"east": {"uv": [2, 12, 3, 13], "texture": "#0"},
				"south": {"uv": [2, 12, 5, 13], "rotation": 180, "texture": "#0"},
				"west": {"uv": [4, 12, 5, 13], "texture": "#0"},
				"up": {"uv": [2, 12, 5, 13], "rotation": 180, "texture": "#0"},
				"down": {"uv": [2, 12, 5, 13], "rotation": 180, "texture": "#0"}
			}
		},
		{
			"from": [13, 1, 0],
			"to": [16, 2, 1],
			"faces": {
				"north": {"uv": [0, 14, 3, 15], "texture": "#0"},
				"east": {"uv": [0, 14, 1, 15], "rotation": 180, "texture": "#0"},
				"south": {"uv": [0, 14, 3, 15], "rotation": 180, "texture": "#0"},
				"west": {"uv": [2, 14, 3, 15], "rotation": 180, "texture": "#0"},
				"up": {"uv": [0, 14, 3, 15], "rotation": 180, "texture": "#0"},
				"down": {"uv": [0, 14, 3, 15], "rotation": 180, "texture": "#0"}
			}
		},
		{
			"from": [13, 0, 0],
			"to": [16, 1, 1],
			"faces": {
				"north": {"uv": [0, 15, 3, 16], "texture": "#0"},
				"east": {"uv": [0, 15, 3, 16], "rotation": 180, "texture": "#0"},
				"south": {"uv": [0, 15, 3, 16], "rotation": 180, "texture": "#0"},
				"west": {"uv": [0, 15, 3, 16], "rotation": 180, "texture": "#0"},
				"up": {"uv": [0, 15, 3, 16], "rotation": 180, "texture": "#0"},
				"down": {"uv": [0, 15, 3, 16], "texture": "#0"}
			}
		}
	],
	"display": {
		"thirdperson_righthand": {
			"rotation": [0, 90, 45],
			"translation": [5.5, -2, -2],
			"scale": [0.7, 0.7, 0.7]
		},
		"thirdperson_lefthand": {
			"rotation": [0, 90, 135],
			"translation": [5.5, -2, -2],
			"scale": [0.7, 0.7, 0.7]
		},
		"firstperson_righthand": {
			"translation": [0, -6, 0]
		},
		"firstperson_lefthand": {
			"translation": [0, -6, 0]
		},
		"gui": {
			"rotation": [0, 0, 135],
			"scale": [0.7, 0.7, 0.7]
		},
		"head": {
			"rotation": [180, 90, 75],
			"translation": [11, 3, 9],
			"scale": [1.5, 1.5, 1.5]
		},
		"fixed": {
			"rotation": [0, 90, 45],
			"translation": [13, -0.5, -10.5],
			"scale": [1.7, 1.7, 1.7]
		}
	}
}