{
	"credit": "Made with Blockbench",
	"textures": {
		"0": "hat/misc/lightbulb"
	},
	"elements": [
		{
			"from": [5.5, 3, 8],
			"to": [10.5, 10, 8],
			"faces": {
				"north": {"uv": [8, 0, 13, 7], "texture": "#0"}
			}
		},
		{
			"from": [5.5, 3, 5.5],
			"to": [10.5, 4, 10.5],
			"faces": {
				"north": {"uv": [0, 0, 1, 5], "rotation": 90, "texture": "#0"},
				"east": {"uv": [0, 0, 1, 5], "rotation": 90, "texture": "#0"},
				"south": {"uv": [0, 0, 1, 5], "rotation": 90, "texture": "#0"},
				"west": {"uv": [0, 0, 1, 5], "rotation": 90, "texture": "#0"},
				"up": {"uv": [0, 0, 5, 5], "texture": "#0"},
				"down": {"uv": [0, 0, 5, 5], "texture": "#0"}
			}
		},
		{
			"from": [5.5, 1, 5.5],
			"to": [10.5, 2, 10.5],
			"faces": {
				"north": {"uv": [0, 0, 1, 5], "rotation": 90, "texture": "#0"},
				"east": {"uv": [0, 0, 1, 5], "rotation": 90, "texture": "#0"},
				"south": {"uv": [0, 0, 1, 5], "rotation": 90, "texture": "#0"},
				"west": {"uv": [0, 0, 1, 5], "rotation": 90, "texture": "#0"},
				"up": {"uv": [0, 0, 5, 5], "texture": "#0"},
				"down": {"uv": [0, 0, 5, 5], "texture": "#0"}
			}
		},
		{
			"from": [6, 0, 6],
			"to": [10, 4, 10],
			"faces": {
				"north": {"uv": [0, 0, 4, 4], "texture": "#0"},
				"east": {"uv": [0, 0, 4, 4], "texture": "#0"},
				"south": {"uv": [0, 0, 4, 4], "texture": "#0"},
				"west": {"uv": [0, 0, 4, 4], "texture": "#0"},
				"down": {"uv": [0, 0, 4, 4], "texture": "#0"}
			}
		},
		{
			"from": [5, 5, 5],
			"to": [11, 10, 11],
			"faces": {
				"north": {"uv": [14, 4, 15, 5], "rotation": 90, "texture": "#0"},
				"east": {"uv": [14, 4, 15, 5], "rotation": 90, "texture": "#0"},
				"south": {"uv": [14, 4, 15, 5], "rotation": 90, "texture": "#0"},
				"west": {"uv": [14, 4, 15, 5], "rotation": 90, "texture": "#0"},
				"up": {"uv": [0, 5, 6, 11], "rotation": 90, "texture": "#0"},
				"down": {"uv": [0, 5, 6, 11], "rotation": 90, "texture": "#0"}
			}
		},
		{
			"from": [6, 10, 6],
			"to": [10, 11, 10],
			"faces": {
				"north": {"uv": [14, 4, 15, 5], "rotation": 90, "texture": "#0"},
				"east": {"uv": [14, 4, 15, 5], "rotation": 90, "texture": "#0"},
				"south": {"uv": [14, 4, 15, 5], "rotation": 90, "texture": "#0"},
				"west": {"uv": [14, 4, 15, 5], "rotation": 90, "texture": "#0"},
				"up": {"uv": [14, 4, 15, 5], "rotation": 90, "texture": "#0"}
			}
		},
		{
			"from": [6, 4, 6],
			"to": [10, 5, 10],
			"faces": {
				"north": {"uv": [14, 4, 15, 5], "rotation": 90, "texture": "#0"},
				"east": {"uv": [14, 4, 15, 5], "rotation": 90, "texture": "#0"},
				"south": {"uv": [14, 4, 15, 5], "rotation": 90, "texture": "#0"},
				"west": {"uv": [14, 4, 15, 5], "rotation": 90, "texture": "#0"}
			}
		}
	],
	"display": {
		"head": {
			"scale": [1.7, 1.7, 1.7],
			"translation": [0, 19.5, 0]
		},
		"thirdperson_righthand": {
			"scale": [0.7, 0.7, 0.7],
			"rotation": [0, 0, 0],
			"translation": [0, 0, -1]
		},
		"thirdperson_lefthand": {
			"scale": [0.7, 0.7, 0.7],
			"translation": [0, 0, -1]
		},
		"gui": {
			"rotation": [30, 135, 0],
			"translation": [0, 2.5, 0]
		},
		"fixed": {
			"scale": [2.3, 2.3, 2.3],
			"rotation": [-90, 0, 0],
			"translation": [0, 0, -18.5]
		},
		"ground": {
			"scale": [0.9, 0.9, 0.9],
			"translation": [0, 4, 0]
		}
	}
}