{
	"credit": "Made with Blockbench",
	"textures": {
		"0": "hat/misc/longcat",
		"particle": "hat/misc/longcat"
	},
	"elements": [
		{
			"name": "longcat_0",
			"from": [12.5, 0, -16],
			"to": [13, 0.5, -3],
			"faces": {
				"north": {"uv": [13, 0, 12.5, 0.5], "texture": "#0"},
				"east": {"uv": [12.5, 0, 13, 13], "rotation": 90, "texture": "#0"},
				"south": {"uv": [12.5, 12.5, 13, 13], "texture": "#0"},
				"west": {"uv": [12.5, 0, 13, 13], "rotation": 270, "texture": "#0"},
				"up": {"uv": [12.5, 0, 13, 13], "texture": "#0"},
				"down": {"uv": [12.5, 13, 13, 0], "texture": "#0"}
			}
		},
		{
			"name": "longcat_1",
			"from": [12, 0, -15.5],
			"to": [12.5, 0.5, -3],
			"faces": {
				"north": {"uv": [12.5, 0.5, 12, 1], "texture": "#0"},
				"east": {"uv": [12, 0.5, 12.5, 13], "rotation": 90, "texture": "#0"},
				"south": {"uv": [12, 12.5, 12.5, 13], "texture": "#0"},
				"west": {"uv": [12, 0.5, 12.5, 13], "rotation": 270, "texture": "#0"},
				"up": {"uv": [12, 0.5, 12.5, 13], "texture": "#0"},
				"down": {"uv": [12, 13, 12.5, 0.5], "texture": "#0"}
			}
		},
		{
			"name": "longcat_2",
			"from": [13, 0, -15.5],
			"to": [13.5, 0.5, -3],
			"faces": {
				"north": {"uv": [13.5, 0.5, 13, 1], "texture": "#0"},
				"east": {"uv": [13, 0.5, 13.5, 13], "rotation": 90, "texture": "#0"},
				"south": {"uv": [13, 12.5, 13.5, 13], "texture": "#0"},
				"west": {"uv": [13, 0.5, 13.5, 13], "rotation": 270, "texture": "#0"},
				"up": {"uv": [13, 0.5, 13.5, 13], "texture": "#0"},
				"down": {"uv": [13, 13, 13.5, 0.5], "texture": "#0"}
			}
		},
		{
			"name": "longcat_3",
			"from": [11.5, 0, -15],
			"to": [12, 0.5, -3],
			"faces": {
				"north": {"uv": [12, 1, 11.5, 1.5], "texture": "#0"},
				"east": {"uv": [11.5, 1, 12, 13], "rotation": 90, "texture": "#0"},
				"south": {"uv": [11.5, 12.5, 12, 13], "texture": "#0"},
				"west": {"uv": [11.5, 1, 12, 13], "rotation": 270, "texture": "#0"},
				"up": {"uv": [11.5, 1, 12, 13], "texture": "#0"},
				"down": {"uv": [11.5, 13, 12, 1], "texture": "#0"}
			}
		},
		{
			"name": "longcat_4",
			"from": [13.5, 0, -15],
			"to": [14, 0.5, -3],
			"faces": {
				"north": {"uv": [14, 1, 13.5, 1.5], "texture": "#0"},
				"east": {"uv": [13.5, 1, 14, 13], "rotation": 90, "texture": "#0"},
				"south": {"uv": [13.5, 12.5, 14, 13], "texture": "#0"},
				"west": {"uv": [13.5, 1, 14, 13], "rotation": 270, "texture": "#0"},
				"up": {"uv": [13.5, 1, 14, 13], "texture": "#0"},
				"down": {"uv": [13.5, 13, 14, 1], "texture": "#0"}
			}
		},
		{
			"name": "longcat_5",
			"from": [4, 0, -14.5],
			"to": [5, 0.5, -5],
			"faces": {
				"north": {"uv": [5, 1.5, 4, 2], "texture": "#0"},
				"east": {"uv": [4.5, 1.5, 5, 11], "rotation": 90, "texture": "#0"},
				"south": {"uv": [4, 10.5, 5, 11], "texture": "#0"},
				"west": {"uv": [4, 1.5, 4.5, 11], "rotation": 270, "texture": "#0"},
				"up": {"uv": [4, 1.5, 5, 11], "texture": "#0"},
				"down": {"uv": [4, 11, 5, 1.5], "texture": "#0"}
			}
		},
		{
			"name": "longcat_6",
			"from": [14, 0, -14.5],
			"to": [14.5, 0.5, -3],
			"faces": {
				"north": {"uv": [14.5, 1.5, 14, 2], "texture": "#0"},
				"east": {"uv": [14, 1.5, 14.5, 13], "rotation": 90, "texture": "#0"},
				"south": {"uv": [14, 12.5, 14.5, 13], "texture": "#0"},
				"west": {"uv": [14, 1.5, 14.5, 13], "rotation": 270, "texture": "#0"},
				"up": {"uv": [14, 1.5, 14.5, 13], "texture": "#0"},
				"down": {"uv": [14, 13, 14.5, 1.5], "texture": "#0"}
			}
		},
		{
			"name": "longcat_7",
			"from": [5, 0, -14],
			"to": [6, 0.5, -4.5],
			"faces": {
				"north": {"uv": [6, 2, 5, 2.5], "texture": "#0"},
				"east": {"uv": [5.5, 2, 6, 11.5], "rotation": 90, "texture": "#0"},
				"south": {"uv": [5, 11, 6, 11.5], "texture": "#0"},
				"west": {"uv": [5, 2, 5.5, 11.5], "rotation": 270, "texture": "#0"},
				"up": {"uv": [5, 2, 6, 11.5], "texture": "#0"},
				"down": {"uv": [5, 11.5, 6, 2], "texture": "#0"}
			}
		},
		{
			"name": "longcat_8",
			"from": [11, 0, -14],
			"to": [11.5, 0.5, -3],
			"faces": {
				"north": {"uv": [11.5, 2, 11, 2.5], "texture": "#0"},
				"east": {"uv": [11, 2, 11.5, 13], "rotation": 90, "texture": "#0"},
				"south": {"uv": [11, 12.5, 11.5, 13], "texture": "#0"},
				"west": {"uv": [11, 2, 11.5, 13], "rotation": 270, "texture": "#0"},
				"up": {"uv": [11, 2, 11.5, 13], "texture": "#0"},
				"down": {"uv": [11, 13, 11.5, 2], "texture": "#0"}
			}
		},
		{
			"name": "longcat_9",
			"from": [6, 0, -13.5],
			"to": [7, 0.5, -3],
			"faces": {
				"north": {"uv": [7, 2.5, 6, 3], "texture": "#0"},
				"east": {"uv": [6.5, 2.5, 7, 13], "rotation": 90, "texture": "#0"},
				"south": {"uv": [6, 12.5, 7, 13], "texture": "#0"},
				"west": {"uv": [6, 2.5, 6.5, 13], "rotation": 270, "texture": "#0"},
				"up": {"uv": [6, 2.5, 7, 13], "texture": "#0"},
				"down": {"uv": [6, 13, 7, 2.5], "texture": "#0"}
			}
		},
		{
			"name": "longcat_10",
			"from": [8.5, 0, -13.5],
			"to": [11, 0.5, -3],
			"faces": {
				"north": {"uv": [11, 2.5, 8.5, 3], "texture": "#0"},
				"east": {"uv": [10.5, 2.5, 11, 13], "rotation": 90, "texture": "#0"},
				"south": {"uv": [8.5, 12.5, 11, 13], "texture": "#0"},
				"west": {"uv": [8.5, 2.5, 9, 13], "rotation": 270, "texture": "#0"},
				"up": {"uv": [8.5, 2.5, 11, 13], "texture": "#0"},
				"down": {"uv": [8.5, 13, 11, 2.5], "texture": "#0"}
			}
		},
		{
			"name": "longcat_11",
			"from": [14.5, 0, -13.5],
			"to": [15, 0.5, -3],
			"faces": {
				"north": {"uv": [15, 2.5, 14.5, 3], "texture": "#0"},
				"east": {"uv": [14.5, 2.5, 15, 13], "rotation": 90, "texture": "#0"},
				"south": {"uv": [14.5, 12.5, 15, 13], "texture": "#0"},
				"west": {"uv": [14.5, 2.5, 15, 13], "rotation": 270, "texture": "#0"},
				"up": {"uv": [14.5, 2.5, 15, 13], "texture": "#0"},
				"down": {"uv": [14.5, 13, 15, 2.5], "texture": "#0"}
			}
		},
		{
			"name": "longcat_12",
			"from": [7, 0, -13],
			"to": [8.5, 0.5, -3],
			"faces": {
				"north": {"uv": [8.5, 3, 7, 3.5], "texture": "#0"},
				"east": {"uv": [8, 3, 8.5, 13], "rotation": 90, "texture": "#0"},
				"south": {"uv": [7, 12.5, 8.5, 13], "texture": "#0"},
				"west": {"uv": [7, 3, 7.5, 13], "rotation": 270, "texture": "#0"},
				"up": {"uv": [7, 3, 8.5, 13], "texture": "#0"},
				"down": {"uv": [7, 13, 8.5, 3], "texture": "#0"}
			}
		},
		{
			"name": "longcat_13",
			"from": [15, 0, -12],
			"to": [15.5, 0.5, -3],
			"faces": {
				"north": {"uv": [15.5, 4, 15, 4.5], "texture": "#0"},
				"east": {"uv": [15, 4, 15.5, 13], "rotation": 90, "texture": "#0"},
				"south": {"uv": [15, 12.5, 15.5, 13], "texture": "#0"},
				"west": {"uv": [15, 4, 15.5, 13], "rotation": 270, "texture": "#0"},
				"up": {"uv": [15, 4, 15.5, 13], "texture": "#0"},
				"down": {"uv": [15, 13, 15.5, 4], "texture": "#0"}
			}
		},
		{
			"name": "longcat_14",
			"from": [3.5, 0, -11.5],
			"to": [4, 0.5, -5],
			"faces": {
				"north": {"uv": [4, 4.5, 3.5, 5], "texture": "#0"},
				"east": {"uv": [3.5, 4.5, 4, 11], "rotation": 90, "texture": "#0"},
				"south": {"uv": [3.5, 10.5, 4, 11], "texture": "#0"},
				"west": {"uv": [3.5, 4.5, 4, 11], "rotation": 270, "texture": "#0"},
				"up": {"uv": [3.5, 4.5, 4, 11], "texture": "#0"},
				"down": {"uv": [3.5, 11, 4, 4.5], "texture": "#0"}
			}
		},
		{
			"name": "longcat_15",
			"from": [3, 0, -11],
			"to": [3.5, 0.5, -5],
			"faces": {
				"north": {"uv": [3.5, 5, 3, 5.5], "texture": "#0"},
				"east": {"uv": [3, 5, 3.5, 11], "rotation": 90, "texture": "#0"},
				"south": {"uv": [3, 10.5, 3.5, 11], "texture": "#0"},
				"west": {"uv": [3, 5, 3.5, 11], "rotation": 270, "texture": "#0"},
				"up": {"uv": [3, 5, 3.5, 11], "texture": "#0"},
				"down": {"uv": [3, 11, 3.5, 5], "texture": "#0"}
			}
		},
		{
			"name": "longcat_16",
			"from": [15.5, 0, -10.5],
			"to": [16, 0.5, -3],
			"faces": {
				"north": {"uv": [16, 5.5, 15.5, 6], "texture": "#0"},
				"east": {"uv": [15.5, 5.5, 16, 13], "rotation": 90, "texture": "#0"},
				"south": {"uv": [15.5, 12.5, 16, 13], "texture": "#0"},
				"west": {"uv": [15.5, 5.5, 16, 13], "rotation": 270, "texture": "#0"},
				"up": {"uv": [15.5, 5.5, 16, 13], "texture": "#0"},
				"down": {"uv": [15.5, 13, 16, 5.5], "texture": "#0"}
			}
		},
		{
			"name": "longcat_17",
			"from": [0, 0, -8.5],
			"to": [3, 0.5, -5.5],
			"faces": {
				"north": {"uv": [3, 7.5, 0, 8], "texture": "#0"},
				"east": {"uv": [2.5, 7.5, 3, 10.5], "rotation": 90, "texture": "#0"},
				"south": {"uv": [0, 10, 3, 10.5], "texture": "#0"},
				"west": {"uv": [0, 7.5, 0.5, 10.5], "rotation": 270, "texture": "#0"},
				"up": {"uv": [0, 7.5, 3, 10.5], "texture": "#0"},
				"down": {"uv": [0, 10.5, 3, 7.5], "texture": "#0"}
			}
		},
		{
			"name": "longcat_18",
			"from": [2.5, 0, -5.5],
			"to": [3, 0.5, -5],
			"faces": {
				"north": {"uv": [3, 10.5, 2.5, 11], "texture": "#0"},
				"east": {"uv": [2.5, 10.5, 3, 11], "rotation": 90, "texture": "#0"},
				"south": {"uv": [2.5, 10.5, 3, 11], "texture": "#0"},
				"west": {"uv": [2.5, 10.5, 3, 11], "rotation": 270, "texture": "#0"},
				"up": {"uv": [2.5, 10.5, 3, 11], "texture": "#0"},
				"down": {"uv": [2.5, 11, 3, 10.5], "texture": "#0"}
			}
		},
		{
			"name": "longcat_19",
			"from": [5.5, 0, -4.5],
			"to": [6, 0.5, -4],
			"faces": {
				"north": {"uv": [6, 11.5, 5.5, 12], "texture": "#0"},
				"east": {"uv": [5.5, 11.5, 6, 12], "rotation": 90, "texture": "#0"},
				"south": {"uv": [5.5, 11.5, 6, 12], "texture": "#0"},
				"west": {"uv": [5.5, 11.5, 6, 12], "rotation": 270, "texture": "#0"},
				"up": {"uv": [5.5, 11.5, 6, 12], "texture": "#0"},
				"down": {"uv": [5.5, 12, 6, 11.5], "texture": "#0"}
			}
		},
		{
			"name": "longcat_20",
			"from": [-1, 0, -8.5],
			"to": [0, 0.5, -5],
			"faces": {
				"north": {"uv": [3, 12.5, 2, 13], "texture": "#0"},
				"east": {"uv": [2.5, 12.5, 3, 16], "rotation": 90, "texture": "#0"},
				"south": {"uv": [2, 15.5, 3, 16], "texture": "#0"},
				"west": {"uv": [2, 12.5, 2.5, 16], "rotation": 270, "texture": "#0"},
				"up": {"uv": [2, 12.5, 3, 16], "texture": "#0"},
				"down": {"uv": [2, 16, 3, 12.5], "texture": "#0"}
			}
		},
		{
			"name": "longcat_21",
			"from": [-2, 0, -8],
			"to": [-1, 0.5, -5],
			"faces": {
				"north": {"uv": [2, 13, 1, 13.5], "texture": "#0"},
				"east": {"uv": [1.5, 13, 2, 16], "rotation": 90, "texture": "#0"},
				"south": {"uv": [1, 15.5, 2, 16], "texture": "#0"},
				"west": {"uv": [1, 13, 1.5, 16], "rotation": 270, "texture": "#0"},
				"up": {"uv": [1, 13, 2, 16], "texture": "#0"},
				"down": {"uv": [1, 16, 2, 13], "texture": "#0"}
			}
		},
		{
			"name": "longcat_22",
			"from": [-2.5, 0, -7.5],
			"to": [-2, 0.5, -5],
			"faces": {
				"north": {"uv": [1, 13.5, 0.5, 14], "texture": "#0"},
				"east": {"uv": [0.5, 13.5, 1, 16], "rotation": 90, "texture": "#0"},
				"south": {"uv": [0.5, 15.5, 1, 16], "texture": "#0"},
				"west": {"uv": [0.5, 13.5, 1, 16], "rotation": 270, "texture": "#0"},
				"up": {"uv": [0.5, 13.5, 1, 16], "texture": "#0"},
				"down": {"uv": [0.5, 16, 1, 13.5], "texture": "#0"}
			}
		},
		{
			"name": "longcat_25",
			"from": [-3, 0, -7],
			"to": [-2.5, 0.5, -5.5],
			"faces": {
				"north": {"uv": [0.5, 14, 0, 14.5], "texture": "#0"},
				"east": {"uv": [0, 14, 0.5, 15.5], "rotation": 90, "texture": "#0"},
				"south": {"uv": [0, 15, 0.5, 15.5], "texture": "#0"},
				"west": {"uv": [0, 14, 0.5, 15.5], "rotation": 270, "texture": "#0"},
				"up": {"uv": [0, 14, 0.5, 15.5], "texture": "#0"},
				"down": {"uv": [0, 15.5, 0.5, 14], "texture": "#0"}
			}
		},
		{
			"name": "longcat_28",
			"from": [6, 0, -3.05],
			"to": [16, 0.5, 32],
			"faces": {
				"north": {"uv": [6, 12.5, 16, 13], "texture": "#0"},
				"east": {"uv": [15.5, 12.5, 16, 13], "texture": "#0"},
				"south": {"uv": [6, 12.5, 16, 13], "texture": "#0"},
				"west": {"uv": [6, 12.5, 6.5, 13], "texture": "#0"},
				"up": {"uv": [6, 12.5, 16, 13], "texture": "#0"},
				"down": {"uv": [6, 12.5, 16, 13], "texture": "#0"}
			}
		}
	],
	"display": {
		"thirdperson_righthand": {
			"rotation": [90, 0, 90],
			"translation": [-16, 8.25, 1.25],
			"scale": [0.5, 2, 0.5]
		},
		"thirdperson_lefthand": {
			"rotation": [90, 0, -90],
			"translation": [14.75, 8.25, 1.25],
			"scale": [0.5, 2, 0.5]
		},
		"firstperson_righthand": {
			"rotation": [90, 0, 0],
			"translation": [5, 2, 0],
			"scale": [0.7, 0.7, 0.7]
		},
		"firstperson_lefthand": {
			"rotation": [90, 0, 0],
			"translation": [5, 2, 0],
			"scale": [-0.7, 0.7, 0.7]
		},
		"ground": {
			"rotation": [90, 0, 0],
			"translation": [-1.5, 0, 15],
			"scale": [0.5, 2, 0.5]
		},
		"gui": {
			"rotation": [130, 0, 45],
			"translation": [-5.5, -2.5, 0],
			"scale": [0.35, 1, 0.35]
		},
		"head": {
			"rotation": [90, 0, 0],
			"translation": [-3.75, 17.75, 23],
			"scale": [1, 3, 1]
		},
		"fixed": {
			"rotation": [90, 0, 0],
			"translation": [1.25, -14.25, 31.25],
			"scale": [1, 4, 1]
		}
	},
	"groups": [
		{
			"name": "longcat",
			"children": []
		},
		{
			"name": "longcat",
			"children": [0, 1, 2, 3, 4, 5, 6, 7, 8, 9, 10, 11, 12, 13, 14, 15, 16, 17, 18, 19, 20, 21, 22, 23, 24]
		}
	]
}