{
	"credit": "Made with Blockbench",
	"textures": {
		"0": "hat/misc/oak_tree"
	},
	"elements": [
		{
			"from": [2, 8, -2],
			"to": [14, 16, 2],
			"faces": {
				"north": {"uv": [4, 8, 16, 16], "texture": "#0"},
				"east": {"uv": [9, 8, 13, 16], "texture": "#0"},
				"west": {"uv": [9, 8, 13, 16], "texture": "#0"},
				"up": {"uv": [4, 4, 8, 16], "rotation": 90, "texture": "#0"},
				"down": {"uv": [4, 4, 8, 16], "rotation": 270, "texture": "#0"}
			}
		},
		{
			"from": [2, 8, 14],
			"to": [14, 16, 18],
			"faces": {
				"east": {"uv": [9, 8, 13, 16], "texture": "#0"},
				"south": {"uv": [4, 8, 16, 16], "texture": "#0"},
				"west": {"uv": [9, 8, 13, 16], "texture": "#0"},
				"up": {"uv": [4, 4, 8, 16], "rotation": 90, "texture": "#0"},
				"down": {"uv": [4, 4, 8, 16], "rotation": 270, "texture": "#0"}
			}
		},
		{
			"from": [-2, 8, 2],
			"to": [2, 16, 14],
			"faces": {
				"north": {"uv": [9, 8, 13, 16], "texture": "#0"},
				"south": {"uv": [9, 8, 13, 16], "texture": "#0"},
				"west": {"uv": [4, 8, 16, 16], "texture": "#0"},
				"up": {"uv": [4, 4, 8, 16], "texture": "#0"},
				"down": {"uv": [4, 4, 8, 16], "texture": "#0"}
			}
		},
		{
			"from": [14, 8, 2],
			"to": [18, 16, 14],
			"faces": {
				"north": {"uv": [9, 8, 13, 16], "texture": "#0"},
				"east": {"uv": [4, 8, 16, 16], "texture": "#0"},
				"south": {"uv": [9, 8, 13, 16], "texture": "#0"},
				"up": {"uv": [4, 4, 8, 16], "texture": "#0"},
				"down": {"uv": [4, 4, 8, 16], "texture": "#0"}
			}
		},
		{
			"from": [2, 8, 2],
			"to": [14, 20, 14],
			"faces": {
				"north": {"uv": [4, 4, 16, 16], "texture": "#0"},
				"east": {"uv": [4, 4, 16, 16], "texture": "#0"},
				"south": {"uv": [4, 4, 16, 16], "texture": "#0"},
				"west": {"uv": [4, 4, 16, 16], "texture": "#0"},
				"up": {"uv": [4, 4, 16, 16], "texture": "#0"},
				"down": {"uv": [4, 4, 16, 16], "texture": "#0"}
			}
		},
		{
			"from": [6, 20, 2],
			"to": [10, 24, 14],
			"faces": {
				"north": {"uv": [4, 4, 8, 8], "texture": "#0"},
				"east": {"uv": [4, 4, 16, 8], "texture": "#0"},
				"south": {"uv": [4, 4, 8, 8], "texture": "#0"},
				"west": {"uv": [4, 4, 16, 8], "texture": "#0"},
				"up": {"uv": [4, 4, 8, 16], "texture": "#0"}
			}
		},
		{
			"from": [2, 20, 2],
			"to": [6, 24, 10],
			"faces": {
				"north": {"uv": [4, 4, 8, 8], "texture": "#0"},
				"south": {"uv": [4, 4, 8, 8], "texture": "#0"},
				"west": {"uv": [4, 4, 12, 8], "texture": "#0"},
				"up": {"uv": [4, 4, 8, 12], "texture": "#0"}
			}
		},
		{
			"from": [10, 20, 6],
			"to": [14, 24, 14],
			"faces": {
				"north": {"uv": [4, 4, 8, 8], "texture": "#0"},
				"east": {"uv": [4, 4, 12, 8], "texture": "#0"},
				"south": {"uv": [4, 4, 8, 8], "texture": "#0"},
				"up": {"uv": [4, 4, 8, 12], "texture": "#0"}
			}
		},
		{
			"from": [14, 8, 14],
			"to": [18, 16, 18],
			"faces": {
				"east": {"uv": [7, 5, 11, 13], "texture": "#0"},
				"south": {"uv": [7, 5, 11, 13], "texture": "#0"},
				"up": {"uv": [4, 4, 8, 8], "texture": "#0"},
				"down": {"uv": [4, 4, 8, 8], "texture": "#0"}
			}
		},
		{
			"from": [14, 8, -2],
			"to": [18, 12, 2],
			"faces": {
				"north": {"uv": [4, 4, 8, 8], "texture": "#0"},
				"east": {"uv": [4, 4, 8, 8], "texture": "#0"},
				"up": {"uv": [4, 4, 8, 8], "texture": "#0"},
				"down": {"uv": [4, 4, 8, 8], "texture": "#0"}
			}
		},
		{
			"from": [-2, 8, 14],
			"to": [2, 12, 18],
			"faces": {
				"south": {"uv": [4, 4, 8, 8], "texture": "#0"},
				"west": {"uv": [4, 4, 8, 8], "texture": "#0"},
				"up": {"uv": [4, 4, 8, 8], "texture": "#0"},
				"down": {"uv": [4, 4, 8, 8], "texture": "#0"}
			}
		},
		{
			"name": "log",
			"from": [6, 0, 6],
			"to": [10, 16, 10],
			"faces": {
				"north": {"uv": [0, 0, 4, 16], "texture": "#0"},
				"east": {"uv": [0, 0, 4, 16], "texture": "#0"},
				"south": {"uv": [0, 0, 4, 16], "texture": "#0"},
				"west": {"uv": [0, 0, 4, 16], "texture": "#0"},
				"up": {"uv": [4, 0, 8, 4], "texture": "#0"},
				"down": {"uv": [4, 0, 8, 4], "texture": "#0"}
			}
		}
	],
	"display": {
		"head": {
			"scale": [1.9, 1.9, 1.9],
			"translation": [0, 11.5, 0.5]
		},
		"fixed": {
			"rotation": [-90, 0, 0],
			"scale": [1.7, 1.7, 1.7],
			"translation": [0, 0, -8.5]
		},
		"gui": {
			"rotation": [30, 135, 0],
			"translation": [0, -2, 0],
			"scale": [0.5, 0.5, 0.5]
		},
		"thirdperson_righthand": {
			"scale": [0.8, 0.8, 0.8],
			"rotation": [0, 180, 0]
		},
		"thirdperson_lefthand": {
			"scale": [0.8, 0.8, 0.8],
			"rotation": [0, 180, 0]
		}
	}
}