{
	"credit": "Made with Blockbench",
	"textures": {
		"0": "hat/misc/pc"
	},
	"elements": [
		{
			"from": [3.99, -0.01, 2.99],
			"to": [5.01, 8.01, 4.01],
			"shade": false,
			"faces": {
				"north": {"uv": [7.5, 4, 8, 8], "texture": "#0", "tintindex": 0},
				"east": {"uv": [7.5, 4, 8, 8], "texture": "#0", "tintindex": 0},
				"west": {"uv": [7.5, 4, 8, 8], "texture": "#0", "tintindex": 0},
				"up": {"uv": [7.5, 4, 8, 4.5], "texture": "#0", "tintindex": 0},
				"down": {"uv": [7.5, 7.5, 8, 8], "texture": "#0", "tintindex": 0}
			}
		},
		{
			"from": [10.99, -0.01, 2.99],
			"to": [12.01, 8.01, 4.01],
			"shade": false,
			"faces": {
				"north": {"uv": [4, 4, 4.5, 8], "texture": "#0", "tintindex": 0},
				"east": {"uv": [4, 4, 4.5, 8], "texture": "#0", "tintindex": 0},
				"west": {"uv": [4, 4, 4.5, 8], "texture": "#0", "tintindex": 0},
				"up": {"uv": [4, 4, 4.5, 4.5], "texture": "#0", "tintindex": 0},
				"down": {"uv": [4, 7.5, 4.5, 8], "texture": "#0", "tintindex": 0}
			}
		},
		{
			"from": [4.99, 0.99, 10.99],
			"to": [11.01, 6.01, 12.01],
			"shade": false,
			"faces": {
				"east": {"uv": [15, 5, 15.5, 7.5], "texture": "#0", "tintindex": 0},
				"south": {"uv": [12.5, 5, 15.5, 7.5], "texture": "#0", "tintindex": 0},
				"west": {"uv": [12.5, 5, 13, 7.5], "texture": "#0", "tintindex": 0},
				"up": {"uv": [12.5, 5, 15.5, 5.5], "rotation": 180, "texture": "#0", "tintindex": 0},
				"down": {"uv": [12.5, 7, 15.5, 7.5], "texture": "#0", "tintindex": 0}
			}
		},
		{
			"from": [3.99, -0.01, 3.99],
			"to": [12.01, 8.01, 11.01],
			"shade": false,
			"faces": {
				"north": {"uv": [4, 4, 8, 8], "texture": "#0", "tintindex": 0},
				"east": {"uv": [0, 4, 3.25, 8], "texture": "#0", "tintindex": 0},
				"south": {"uv": [12, 4, 16, 8], "texture": "#0", "tintindex": 0},
				"west": {"uv": [8.5, 4, 12, 8], "texture": "#0", "tintindex": 0},
				"up": {"uv": [4, 0, 8, 3.5], "rotation": 180, "texture": "#0", "tintindex": 0},
				"down": {"uv": [8, 0, 12, 3.5], "texture": "#0", "tintindex": 0}
			}
		},
		{
			"from": [4.99, 6.99, 2.99],
			"to": [11.01, 8.01, 4.01],
			"shade": false,
			"faces": {
				"north": {"uv": [4.5, 4, 7.5, 4.5], "texture": "#0", "tintindex": 0},
				"up": {"uv": [4.5, 4, 7.5, 4.5], "rotation": 180, "texture": "#0", "tintindex": 0},
				"down": {"uv": [4.5, 4, 7.5, 4.5], "rotation": 180, "texture": "#0", "tintindex": 0}
			}
		},
		{
			"from": [4.99, -0.01, 2.99],
			"to": [11.01, 1.01, 4.01],
			"shade": false,
			"faces": {
				"north": {"uv": [4.5, 7.5, 7.5, 8], "texture": "#0", "tintindex": 0},
				"up": {"uv": [4.5, 7.5, 7.5, 8], "rotation": 180, "texture": "#0", "tintindex": 0},
				"down": {"uv": [8.5, 3.5, 11.5, 4], "rotation": 180, "texture": "#0", "tintindex": 0}
			}
		}
	],
	"display": {
		"thirdperson_righthand": {
			"rotation": [32, 0, 0],
			"scale": [0.8, 0.8, 0.8]
		},
		"thirdperson_lefthand": {
			"rotation": [32, 0, 0],
			"scale": [0.8, 0.8, 0.8]
		},
		"ground": {
			"translation": [0, 5.5, 0]
		},
		"gui": {
			"rotation": [30, 135, 0],
			"translation": [0.5, 3.25, 0]
		},
		"head": {
			"translation": [0, 7.5, 2],
			"scale": [2, 2, 2]
		},
		"fixed": {
			"rotation": [-90, 0, 0],
			"translation": [0, 0, -22.5],
			"scale": [3, 3, 3]
		}
	}
}