{
	"credit": "Made with Blockbench",
	"textures": {
		"0": "hat/misc/pikaq"
	},
	"elements": [
		{
			"name": "head",
			"from": [4, 6, 4.75],
			"to": [12, 13, 12.25],
			"faces": {
				"north": {"uv": [3.5, 3.5, 7.5, 7], "texture": "#0"},
				"east": {"uv": [0, 3.5, 3.5, 7], "texture": "#0"},
				"south": {"uv": [11, 3.5, 15, 7], "texture": "#0"},
				"west": {"uv": [7.5, 3.5, 11, 7], "texture": "#0"},
				"up": {"uv": [3.5, 0, 7.5, 3.5], "rotation": 180, "texture": "#0"},
				"down": {"uv": [11, 0, 15, 3.5], "rotation": 180, "texture": "#0"}
			}
		},
		{
			"name": "head",
			"from": [3.5, 0, 5.25],
			"to": [12.5, 7, 11.75],
			"faces": {
				"north": {"uv": [0, 12.5, 4.5, 16], "texture": "#0"},
				"east": {"uv": [12.5, 12.5, 16, 16], "texture": "#0"},
				"south": {"uv": [8, 12.5, 12.5, 16], "texture": "#0"},
				"west": {"uv": [4.5, 12.5, 8, 16], "texture": "#0"},
				"up": {"uv": [0, 9, 4.5, 12.5], "rotation": 180, "texture": "#0"},
				"down": {"uv": [0, 9, 4.5, 12.5], "rotation": 180, "texture": "#0"}
			}
		},
		{
			"name": "head",
			"from": [5.75, 12, 7],
			"to": [7.75, 18, 9],
			"rotation": {"angle": -45, "axis": "z", "origin": [8, 7, 8]},
			"faces": {
				"north": {"uv": [0, 0, 1, 3], "texture": "#0"},
				"east": {"uv": [0, 0, 1, 3], "texture": "#0"},
				"south": {"uv": [0, 0, 1, 3], "texture": "#0"},
				"west": {"uv": [0, 0, 1, 3], "texture": "#0"},
				"up": {"uv": [0, 0, 1, 1], "texture": "#0"},
				"down": {"uv": [11, 0, 15, 3.5], "rotation": 180, "texture": "#0"}
			}
		},
		{
			"name": "head",
			"from": [8.25, 12, 7],
			"to": [10.25, 18, 9],
			"rotation": {"angle": 45, "axis": "z", "origin": [8, 7, 8]},
			"faces": {
				"north": {"uv": [1, 0, 0, 3], "texture": "#0"},
				"east": {"uv": [1, 0, 0, 3], "texture": "#0"},
				"south": {"uv": [1, 0, 0, 3], "texture": "#0"},
				"west": {"uv": [1, 0, 0, 3], "texture": "#0"},
				"up": {"uv": [1, 0, 0, 1], "texture": "#0"},
				"down": {"uv": [15, 0, 11, 3.5], "rotation": 180, "texture": "#0"}
			}
		},
		{
			"name": "head",
			"from": [9, 0, 3.25],
			"to": [12, 2, 5.25],
			"faces": {
				"north": {"uv": [1, 1, 2.5, 2], "texture": "#0"},
				"east": {"uv": [1, 0, 2, 1], "rotation": 180, "texture": "#0"},
				"west": {"uv": [1, 0, 2, 1], "rotation": 180, "texture": "#0"},
				"up": {"uv": [1, 0, 2.5, 1], "rotation": 180, "texture": "#0"},
				"down": {"uv": [1, 0, 2.5, 1], "rotation": 180, "texture": "#0"}
			}
		},
		{
			"name": "head",
			"from": [4, 0, 3.25],
			"to": [7, 2, 5.25],
			"faces": {
				"north": {"uv": [2.5, 1, 1, 2], "texture": "#0"},
				"east": {"uv": [2, 0, 1, 1], "rotation": 180, "texture": "#0"},
				"west": {"uv": [2, 0, 1, 1], "rotation": 180, "texture": "#0"},
				"up": {"uv": [2.5, 0, 1, 1], "rotation": 180, "texture": "#0"},
				"down": {"uv": [2.5, 0, 1, 1], "rotation": 180, "texture": "#0"}
			}
		},
		{
			"name": "head",
			"from": [6, 0.25, 6],
			"to": [8, 4.25, 8],
			"rotation": {"angle": -45, "axis": "z", "origin": [8, 8, 8]},
			"faces": {
				"north": {"uv": [1.5, 0, 2.5, 2], "texture": "#0"},
				"east": {"uv": [1, 0, 3, 1], "rotation": 90, "texture": "#0"},
				"south": {"uv": [1, 0, 3, 1], "rotation": 90, "texture": "#0"},
				"west": {"uv": [1, 0, 2, 2], "texture": "#0"},
				"up": {"uv": [2, 0, 1, 1], "rotation": 180, "texture": "#0"},
				"down": {"uv": [1, 1, 2, 2], "texture": "#0"}
			}
		},
		{
			"name": "head",
			"from": [8, 0.25, 6],
			"to": [10, 4.25, 8],
			"rotation": {"angle": 45, "axis": "z", "origin": [8, 8, 8]},
			"faces": {
				"north": {"uv": [2.5, 0, 1.5, 2], "texture": "#0"},
				"east": {"uv": [2, 0, 1, 2], "texture": "#0"},
				"south": {"uv": [1, 1, 3, 0], "rotation": 90, "texture": "#0"},
				"west": {"uv": [1, 1, 3, 0], "rotation": 90, "texture": "#0"},
				"up": {"uv": [1, 0, 2, 1], "rotation": 180, "texture": "#0"},
				"down": {"uv": [2, 1, 1, 2], "texture": "#0"}
			}
		},
		{
			"name": "head",
			"from": [7.5, 2.25, 12.25],
			"to": [8.5, 6.25, 14.25],
			"rotation": {"angle": 22.5, "axis": "x", "origin": [13, 3, 13]},
			"faces": {
				"north": {"uv": [0, 9, 4.5, 12.5], "texture": "#0"},
				"east": {"uv": [5.5, 11, 7.5, 12], "rotation": 270, "texture": "#0"},
				"south": {"uv": [5.5, 11, 7.5, 11.5], "rotation": 270, "texture": "#0"},
				"west": {"uv": [5.5, 12, 7.5, 11], "rotation": 270, "texture": "#0"},
				"up": {"uv": [7, 11, 7.5, 12], "rotation": 180, "texture": "#0"},
				"down": {"uv": [5.5, 11.5, 6, 12.5], "rotation": 180, "texture": "#0"}
			}
		},
		{
			"name": "head",
			"from": [7.5, 0.25, 11.25],
			"to": [8.5, 3.25, 13.25],
			"rotation": {"angle": 22.5, "axis": "x", "origin": [13, 3, 13]},
			"faces": {
				"north": {"uv": [0, 9, 4.5, 12.5], "texture": "#0"},
				"east": {"uv": [4.5, 11.5, 6, 12.5], "rotation": 270, "texture": "#0"},
				"south": {"uv": [4.5, 11.5, 6, 12], "rotation": 270, "texture": "#0"},
				"west": {"uv": [4.5, 12.5, 6, 11.5], "rotation": 270, "texture": "#0"},
				"up": {"uv": [5.5, 11.5, 6, 12.5], "rotation": 180, "texture": "#0"},
				"down": {"uv": [4.5, 11.5, 5, 12.5], "rotation": 180, "texture": "#0"}
			}
		},
		{
			"name": "head",
			"from": [7.5, 4.25, 13.25],
			"to": [8.5, 10.25, 17.25],
			"rotation": {"angle": 22.5, "axis": "x", "origin": [13, 3, 13]},
			"faces": {
				"north": {"uv": [6.5, 11, 9.5, 11.5], "rotation": 270, "texture": "#0"},
				"east": {"uv": [6.5, 9.5, 9.5, 11.5], "rotation": 270, "texture": "#0"},
				"south": {"uv": [6.5, 9.5, 9.5, 10], "rotation": 270, "texture": "#0"},
				"west": {"uv": [6.5, 11.5, 9.5, 9.5], "rotation": 270, "texture": "#0"},
				"up": {"uv": [9, 9.5, 9.5, 11.5], "rotation": 180, "texture": "#0"},
				"down": {"uv": [6.5, 9.5, 7, 11.5], "rotation": 270, "texture": "#0"}
			}
		},
		{
			"name": "head",
			"from": [7.5, 8.25, 4.25],
			"to": [8.5, 9.25, 4.75],
			"faces": {
				"north": {"uv": [0, 0, 0.5, 0.5], "texture": "#0"},
				"east": {"uv": [0, 0, 0.5, 0.5], "texture": "#0"},
				"south": {"uv": [0, 0, 0.5, 0.5], "texture": "#0"},
				"west": {"uv": [0, 0, 0.5, 0.5], "texture": "#0"},
				"up": {"uv": [0, 0, 0.5, 0.5], "texture": "#0"},
				"down": {"uv": [0, 0, 0.5, 0.5], "texture": "#0"}
			}
		}
	],
	"display": {
		"thirdperson_righthand": {
			"rotation": [67.5, 0, 0],
			"translation": [0, 0, 1.5],
			"scale": [0.6, 0.6, 0.6]
		},
		"thirdperson_lefthand": {
			"rotation": [67.5, 0, 0],
			"translation": [0, 0, 1.5],
			"scale": [0.6, 0.6, 0.6]
		},
		"ground": {
			"translation": [0, 3, 0],
			"scale": [0.8, 0.8, 0.8]
		},
		"gui": {
			"rotation": [30, 135, 0],
			"translation": [0, 1, 0],
			"scale": [0.7, 0.7, 0.7]
		},
		"head": {
			"translation": [0, 15, 0],
			"scale": [1.1, 1.1, 1.1]
		},
		"fixed": {
			"rotation": [-90, 0, 0],
			"translation": [0, 0, -10],
			"scale": [1.2, 1.2, 1.2]
		}
	}
}