{
	"credit": "Made with Blockbench",
	"textures": {
		"0": "hat/misc/propeller_hat"
	},
	"elements": [
		{
			"from": [4, 11, 4],
			"to": [12, 11, 12],
			"faces": {
				"up": {"uv": [8, 0, 12, 4], "rotation": 180, "texture": "#0"}
			}
		},
		{
			"from": [7.5, 8, 7.5],
			"to": [8.5, 11, 8.5],
			"faces": {
				"north": {"uv": [0, 0, 0.5, 1.5], "texture": "#0"},
				"east": {"uv": [0, 0, 0.5, 1.5], "texture": "#0"},
				"south": {"uv": [0, 0, 0.5, 1.5], "texture": "#0"},
				"west": {"uv": [0, 0, 0.5, 1.5], "texture": "#0"}
			}
		},
		{
			"from": [3.75, 0, 3.75],
			"to": [12.25, 8, 12.25],
			"faces": {
				"north": {"uv": [4, 4, 8, 8], "texture": "#0"},
				"east": {"uv": [0, 4, 4, 8], "texture": "#0"},
				"south": {"uv": [12, 4, 16, 8], "texture": "#0"},
				"west": {"uv": [8, 4, 12, 8], "texture": "#0"},
				"up": {"uv": [4, 0, 8, 4], "rotation": 180, "texture": "#0"},
				"down": {"uv": [12, 0, 16, 4], "texture": "#0"}
			}
		}
	],
	"display": {
		"head": {
			"scale": [1.9, 1.9, 1.9],
			"translation": [0, 7.5, 0]
		},
		"thirdperson_righthand": {
			"scale": [0.8, 0.8, 0.8],
			"rotation": [32, 0, 0]
		},
		"thirdperson_lefthand": {
			"scale": [0.8, 0.8, 0.8],
			"rotation": [32, 0, 0]
		},
		"gui": {
			"rotation": [30, 135, 0],
			"translation": [0, 1.5, 0]
		},
		"fixed": {
			"scale": [4, 4, 4],
			"rotation": [-90, 0, 0],
			"translation": [0, 0, -1.5]
		}
	}
}