{
	"credit": "Made with Blockbench",
	"textures": {
		"1": "hat/misc/sacred_ears"
	},
	"elements": [
		{
			"from": [10, 0, 4.25],
			"to": [11, 3, 6],
			"faces": {
				"north": {"uv": [2, 1, 1, 4], "texture": "#1"},
				"south": {"uv": [1, 0, 0, 3], "texture": "#1"},
				"down": {"uv": [0, 4, 1, 3], "rotation": 90, "texture": "#1"}
			}
		},
		{
			"from": [10.04, 2.16, 4],
			"to": [11.7, 3.16, 6],
			"rotation": {"angle": 45, "axis": "z", "origin": [10, 1.75, 5]},
			"faces": {
				"north": {"uv": [0.25, 1.25, 0.75, 1.75], "texture": "#1"},
				"east": {"uv": [0.25, 1.25, 0.75, 1.75], "texture": "#1"},
				"south": {"uv": [0.25, 1.25, 0.75, 1.75], "texture": "#1"},
				"west": {"uv": [0.25, 1.25, 0.75, 1.75], "texture": "#1"},
				"up": {"uv": [0.25, 1.25, 0.75, 1.75], "rotation": 270, "texture": "#1"},
				"down": {"uv": [0.25, 1.25, 0.75, 1.75], "rotation": 90, "texture": "#1"}
			}
		},
		{
			"from": [10.41, 1.33, 4],
			"to": [11.41, 3.49, 6],
			"rotation": {"angle": 45, "axis": "z", "origin": [10, 2.75, 5]},
			"faces": {
				"north": {"uv": [0.25, 1.25, 0.75, 1.75], "texture": "#1"},
				"east": {"uv": [0.25, 1.25, 0.75, 1.75], "texture": "#1"},
				"south": {"uv": [0.25, 1.25, 0.75, 1.75], "texture": "#1"},
				"west": {"uv": [0.25, 1.25, 0.75, 1.75], "texture": "#1"},
				"up": {"uv": [0.25, 1.25, 0.75, 1.75], "rotation": 270, "texture": "#1"},
				"down": {"uv": [0.25, 1.25, 0.75, 1.75], "rotation": 90, "texture": "#1"}
			}
		},
		{
			"from": [9, 0.75, 4],
			"to": [10, 2.75, 6],
			"faces": {
				"north": {"uv": [0.25, 1.25, 0.75, 1.75], "texture": "#1"},
				"east": {"uv": [0.25, 1.25, 0.75, 1.75], "texture": "#1"},
				"south": {"uv": [0.25, 1.25, 0.75, 1.75], "texture": "#1"},
				"west": {"uv": [0.25, 1.25, 0.75, 1.75], "texture": "#1"},
				"up": {"uv": [0.25, 1.25, 0.75, 1.75], "rotation": 270, "texture": "#1"},
				"down": {"uv": [0.25, 1.25, 0.75, 1.75], "rotation": 90, "texture": "#1"}
			}
		},
		{
			"from": [11, -0.25, 4],
			"to": [12, 2.75, 6],
			"faces": {
				"north": {"uv": [0.25, 1, 0.75, 4], "texture": "#1"},
				"east": {"uv": [0.25, 1, 0.75, 4], "texture": "#1"},
				"south": {"uv": [0.25, 1, 0.75, 4], "texture": "#1"},
				"west": {"uv": [0.25, 1, 0.75, 4], "texture": "#1"},
				"up": {"uv": [0.25, 1.25, 0.75, 1.75], "rotation": 270, "texture": "#1"},
				"down": {"uv": [0.25, 3.25, 0.75, 3.75], "rotation": 90, "texture": "#1"}
			}
		},
		{
			"from": [5, 0, 4.25],
			"to": [6, 3, 6],
			"faces": {
				"north": {"uv": [1, 1, 2, 4], "texture": "#1"},
				"south": {"uv": [0, 0, 1, 3], "texture": "#1"},
				"down": {"uv": [0, 3, 1, 4], "rotation": 90, "texture": "#1"}
			}
		},
		{
			"from": [4.3, 2.16, 4],
			"to": [5.96, 3.16, 6],
			"rotation": {"angle": -45, "axis": "z", "origin": [6, 1.75, 5]},
			"faces": {
				"north": {"uv": [0.75, 1.25, 0.25, 1.75], "texture": "#1"},
				"east": {"uv": [0.75, 1.25, 0.25, 1.75], "texture": "#1"},
				"south": {"uv": [0.75, 1.25, 0.25, 1.75], "texture": "#1"},
				"west": {"uv": [0.75, 1.25, 0.25, 1.75], "texture": "#1"},
				"up": {"uv": [0.25, 1.75, 0.75, 1.25], "rotation": 270, "texture": "#1"},
				"down": {"uv": [0.25, 1.75, 0.75, 1.25], "rotation": 90, "texture": "#1"}
			}
		},
		{
			"from": [4.59, 1.33, 4],
			"to": [5.59, 3.49, 6],
			"rotation": {"angle": -45, "axis": "z", "origin": [6, 2.75, 5]},
			"faces": {
				"north": {"uv": [0.75, 1.25, 0.25, 1.75], "texture": "#1"},
				"east": {"uv": [0.75, 1.25, 0.25, 1.75], "texture": "#1"},
				"south": {"uv": [0.75, 1.25, 0.25, 1.75], "texture": "#1"},
				"west": {"uv": [0.75, 1.25, 0.25, 1.75], "texture": "#1"},
				"up": {"uv": [0.25, 1.75, 0.75, 1.25], "rotation": 270, "texture": "#1"},
				"down": {"uv": [0.25, 1.75, 0.75, 1.25], "rotation": 90, "texture": "#1"}
			}
		},
		{
			"from": [6, 0.75, 4],
			"to": [7, 2.75, 6],
			"faces": {
				"north": {"uv": [0.75, 1.25, 0.25, 1.75], "texture": "#1"},
				"east": {"uv": [0.75, 1.25, 0.25, 1.75], "texture": "#1"},
				"south": {"uv": [0.75, 1.25, 0.25, 1.75], "texture": "#1"},
				"west": {"uv": [0.75, 1.25, 0.25, 1.75], "texture": "#1"},
				"up": {"uv": [0.25, 1.75, 0.75, 1.25], "rotation": 270, "texture": "#1"},
				"down": {"uv": [0.25, 1.75, 0.75, 1.25], "rotation": 90, "texture": "#1"}
			}
		},
		{
			"from": [4, -0.25, 4],
			"to": [5, 2.75, 6],
			"faces": {
				"north": {"uv": [0.75, 1, 0.25, 4], "texture": "#1"},
				"east": {"uv": [0.75, 1, 0.25, 4], "texture": "#1"},
				"south": {"uv": [0.75, 1, 0.25, 4], "texture": "#1"},
				"west": {"uv": [0.75, 1, 0.25, 4], "texture": "#1"},
				"up": {"uv": [0.25, 1.75, 0.75, 1.25], "rotation": 270, "texture": "#1"},
				"down": {"uv": [0.25, 3.75, 0.75, 3.25], "rotation": 90, "texture": "#1"}
			}
		}
	],
	"display": {
		"head": {
			"scale": [1.81, 1.81, 1.81],
			"translation": [0, 16, -0.5],
			"rotation": [0, 0, 0]
		},
		"thirdperson_righthand": {
			"translation": [0, 3.5, 2.5],
			"rotation": [2, 0, 0],
			"scale": [0.8, 0.8, 0.8]
		},
		"gui": {
			"rotation": [30, -135, 0],
			"scale": [0.8, 0.8, 0.8],
			"translation": [0, 0.5, 0]
		},
		"firstperson_lefthand": {
			"translation": [0, 6, 0]
		},
		"firstperson_righthand": {
			"translation": [0, 6, 0]
		},
		"thirdperson_lefthand": {
			"rotation": [2, 0, 0],
			"translation": [0, 3.5, 2.5],
			"scale": [0.8, 0.8, 0.8]
		},
		"ground": {
			"translation": [0, 3, 0]
		},
		"fixed": {
			"scale": [3.9, 3.9, 3.9],
			"rotation": [-90, 0, 0],
			"translation": [0, 0, -26.5]
		}
	},
	"groups": [
		{
			"name": "group",
			"isOpen": true,
			"export": true,
			"visibility": true,
			"children": [0, 1, 2, 3, 4]
		},
		{
			"name": "group",
			"isOpen": false,
			"export": true,
			"visibility": true,
			"children": [5, 6, 7, 8, 9]
		}
	]
}