{
	"credit": "Made with Blockbench",
	"textures": {
		"0": "hat/misc/sailor"
	},
	"elements": [
		{
			"from": [4.5, 0.5, 4.5],
			"to": [11.5, 4.5, 11.5],
			"faces": {
				"north": {"uv": [3.5, 3.5, 7, 5.5], "texture": "#0"},
				"east": {"uv": [0, 3.5, 3.5, 5.5], "texture": "#0"},
				"south": {"uv": [14, 3.5, 10.5, 5.5], "texture": "#0"},
				"west": {"uv": [7, 3.5, 10.5, 5.5], "texture": "#0"},
				"up": {"uv": [3.5, 0, 7, 3.5], "texture": "#0"},
				"down": {"uv": [7, 0, 10.5, 3.5], "texture": "#0"}
			}
		},
		{
			"from": [4.25, 0.5, 3],
			"to": [11.75, 3.5, 4],
			"rotation": {"angle": -22.5, "axis": "x", "origin": [8, 3.5, 4]},
			"faces": {
				"north": {"uv": [3.5, 3.5, 7, 5.5], "texture": "#0"},
				"east": {"uv": [0, 0, 0.5, 2], "texture": "#0"},
				"south": {"uv": [3.5, 3.5, 7, 5.5], "texture": "#0"},
				"west": {"uv": [0, 0, 0.5, 2], "texture": "#0"},
				"up": {"uv": [3.5, 3.5, 7, 4], "texture": "#0"},
				"down": {"uv": [3.5, 3.5, 7, 4], "texture": "#0"}
			}
		},
		{
			"from": [12, 0.5, 4.25],
			"to": [13, 3.5, 11.75],
			"rotation": {"angle": -22.5, "axis": "z", "origin": [12, 3.5, 8]},
			"faces": {
				"north": {"uv": [0, 0, 0.5, 2], "texture": "#0"},
				"east": {"uv": [0, 3.5, 3.5, 5.5], "texture": "#0"},
				"south": {"uv": [0, 0, 0.5, 2], "texture": "#0"},
				"west": {"uv": [0, 3.5, 3.5, 5.5], "texture": "#0"},
				"up": {"uv": [0, 3.5, 3.5, 4], "rotation": 90, "texture": "#0"},
				"down": {"uv": [0, 3.5, 3.5, 4], "rotation": 90, "texture": "#0"}
			}
		},
		{
			"from": [3, 0.5, 4.25],
			"to": [4, 3.5, 11.75],
			"rotation": {"angle": 22.5, "axis": "z", "origin": [4, 3.5, 8]},
			"faces": {
				"north": {"uv": [0, 0, 0.5, 2], "texture": "#0"},
				"east": {"uv": [7, 3.5, 10.5, 5.5], "texture": "#0"},
				"south": {"uv": [0, 0, 0.5, 2], "texture": "#0"},
				"west": {"uv": [7, 3.5, 10.5, 5.5], "texture": "#0"},
				"up": {"uv": [7, 3.5, 10.5, 4], "rotation": 90, "texture": "#0"},
				"down": {"uv": [7, 3.5, 10.5, 4], "rotation": 90, "texture": "#0"}
			}
		},
		{
			"from": [4.25, 0.5, 12],
			"to": [11.75, 3.5, 13],
			"rotation": {"angle": 22.5, "axis": "x", "origin": [8, 3.5, 12]},
			"faces": {
				"north": {"uv": [14, 3.5, 10.5, 5.5], "texture": "#0"},
				"east": {"uv": [0, 0, 0.5, 2], "texture": "#0"},
				"south": {"uv": [14, 3.5, 10.5, 5.5], "texture": "#0"},
				"west": {"uv": [0, 0, 0.5, 2], "texture": "#0"},
				"up": {"uv": [10.5, 3.5, 14, 4], "texture": "#0"},
				"down": {"uv": [10.5, 3.5, 14, 4], "texture": "#0"}
			}
		}
	],
	"display": {
		"thirdperson_righthand": {
			"translation": [0, 4.25, 0],
			"scale": [0.8, 0.8, 0.8]
		},
		"thirdperson_lefthand": {
			"translation": [0, 4.25, 0],
			"scale": [0.8, 0.8, 0.8]
		},
		"firstperson_righthand": {
			"translation": [0, 4.25, 0],
			"scale": [0.8, 0.8, 0.8]
		},
		"firstperson_lefthand": {
			"translation": [0, 4.25, 0],
			"scale": [0.8, 0.8, 0.8]
		},
		"ground": {
			"translation": [0, 5.25, 0]
		},
		"gui": {
			"rotation": [30, 135, 0],
			"translation": [0, 3.5, 0],
			"scale": [0.8, 0.8, 0.8]
		},
		"head": {
			"translation": [0, 14.8, 0.2],
			"scale": [1.9, 1.9, 1.9]
		},
		"fixed": {
			"rotation": [-90, 0, 0],
			"translation": [0, 0, -26.25],
			"scale": [3.9, 3.9, 3.9]
		}
	}
}