{
	"credit": "Made with Blockbench",
	"textures": {
		"0": "hat/misc/shovel_knight"
	},
	"elements": [
		{
			"from": [4, 0, 3],
			"to": [12, 9, 4],
			"faces": {
				"north": {"uv": [5.5, 0, 9.5, 5], "texture": "#0"},
				"east": {"uv": [5, 0, 5.5, 5], "texture": "#0"},
				"south": {"uv": [0.5, 0, 4.5, 5], "texture": "#0"},
				"west": {"uv": [9.5, 0, 10, 5], "texture": "#0"},
				"up": {"uv": [5.5, 0, 9.5, 0.5], "rotation": 180, "texture": "#0"},
				"down": {"uv": [5.5, 4.5, 9.5, 5], "texture": "#0"}
			}
		},
		{
			"from": [4, 0, 12],
			"to": [12, 9, 13],
			"faces": {
				"north": {"uv": [0.5, 0, 4.5, 5], "texture": "#0"},
				"east": {"uv": [9.5, 0, 10, 5], "texture": "#0"},
				"south": {"uv": [10.5, 0, 14.5, 5], "texture": "#0"},
				"west": {"uv": [5, 0, 5.5, 5], "texture": "#0"},
				"up": {"uv": [5.5, 0, 9.5, 0.5], "texture": "#0"},
				"down": {"uv": [5.5, 4.5, 9.5, 5], "texture": "#0"}
			}
		},
		{
			"from": [4, 9, 4],
			"to": [12, 9, 12],
			"faces": {
				"up": {"uv": [0, 0, 4, 4], "texture": "#0"}
			}
		},
		{
			"from": [-4, 3, 8],
			"to": [3, 15, 8],
			"faces": {
				"north": {"uv": [8.5, 5, 12, 11], "texture": "#0"},
				"south": {"uv": [0, 5, 3.5, 11], "texture": "#0"}
			}
		},
		{
			"from": [13, 3, 8],
			"to": [20, 15, 8],
			"faces": {
				"north": {"uv": [0, 5, 3.5, 11], "texture": "#0"},
				"south": {"uv": [8.5, 5, 12, 11], "texture": "#0"}
			}
		},
		{
			"from": [3, 0, 4],
			"to": [4, 9, 12],
			"faces": {
				"north": {"uv": [9.5, 0, 10, 5], "texture": "#0"},
				"east": {"uv": [10.5, 0, 14.5, 5], "texture": "#0"},
				"south": {"uv": [5, 0, 5.5, 5], "texture": "#0"},
				"west": {"uv": [0.5, 0, 4.5, 5], "texture": "#0"},
				"up": {"uv": [5.5, 0, 9.5, 0.5], "rotation": 270, "texture": "#0"},
				"down": {"uv": [5.5, 4.5, 9.5, 5], "texture": "#0"}
			}
		},
		{
			"from": [12, 0, 4],
			"to": [13, 9, 12],
			"faces": {
				"north": {"uv": [5, 0, 5.5, 5], "texture": "#0"},
				"east": {"uv": [0.5, 0, 4.5, 5], "texture": "#0"},
				"south": {"uv": [9.5, 0, 10, 5], "texture": "#0"},
				"west": {"uv": [10.5, 0, 14.5, 5], "texture": "#0"},
				"up": {"uv": [5.5, 0, 9.5, 0.5], "rotation": 90, "texture": "#0"},
				"down": {"uv": [5.5, 4.5, 9.5, 5], "texture": "#0"}
			}
		}
	],
	"display": {
		"thirdperson_righthand": {
			"rotation": [-90, 180, 0],
			"translation": [0, -2, -1],
			"scale": [0.6, 0.6, 0.6]
		},
		"thirdperson_lefthand": {
			"rotation": [-90, 180, 0],
			"translation": [0, -2, -1],
			"scale": [0.6, 0.6, 0.6]
		},
		"firstperson_righthand": {
			"rotation": [0, -180, 0],
			"translation": [0, 4.5, 0],
			"scale": [0.6, 0.6, 0.6]
		},
		"firstperson_lefthand": {
			"rotation": [0, -180, 0],
			"translation": [0, 4.5, 0],
			"scale": [0.6, 0.6, 0.6]
		},
		"ground": {
			"translation": [0, 4, 0]
		},
		"gui": {
			"rotation": [30, 135, 0],
			"translation": [0, 0.5, 0],
			"scale": [0.8, 0.8, 0.8]
		},
		"head": {
			"translation": [0, 5.5, 0],
			"scale": [1.8, 1.8, 1.8]
		},
		"fixed": {
			"rotation": [-90, 0, 0],
			"translation": [0, 0, 2.5],
			"scale": [4, 4, 4]
		}
	}
}