{
	"credit": "Made with Blockbench",
	"textures": {
		"0": "hat/misc/sleepy_fox"
	},
	"elements": [
		{
			"from": [8, 0.5, 2.5],
			"to": [12, 2.5, 5.5],
			"faces": {
				"north": {"uv": [2, 5.25, 3, 5.75], "texture": "#0"},
				"east": {"uv": [1.25, 5.25, 2, 5.75], "texture": "#0"},
				"west": {"uv": [3, 5.25, 3.75, 5.75], "texture": "#0"},
				"up": {"uv": [2, 4.5, 3, 5.25], "rotation": 180, "texture": "#0"},
				"down": {"uv": [3, 4.5, 4, 5.25], "rotation": 180, "texture": "#0"}
			}
		},
		{
			"name": "head",
			"from": [12, 6.5, 6.5],
			"to": [14, 8.5, 7.5],
			"faces": {
				"north": {"uv": [2, 0.5, 2.5, 1], "texture": "#0"},
				"east": {"uv": [1.75, 0.5, 2, 1], "texture": "#0"},
				"south": {"uv": [2.75, 0.5, 3.25, 1], "texture": "#0"},
				"west": {"uv": [2.5, 0.5, 2.75, 1], "texture": "#0"},
				"up": {"uv": [2, 0.25, 2.5, 0.5], "texture": "#0"},
				"down": {"uv": [2, 0.5, 2.5, 1], "texture": "#0"}
			}
		},
		{
			"name": "tail",
			"from": [3.5, 0.7, 1.55],
			"to": [9.1, 3.5, 5.05],
			"faces": {
				"north": {"uv": [10.75, 1.25, 11.75, 3.5], "rotation": 90, "texture": "#0"},
				"east": {"uv": [9.5, 0, 10.5, 1.25], "rotation": 90, "texture": "#0"},
				"south": {"uv": [8.5, 1.25, 9.5, 3.5], "rotation": 270, "texture": "#0"},
				"west": {"uv": [8.5, 0, 9.5, 1.25], "rotation": 90, "texture": "#0"},
				"up": {"uv": [9.5, 1.25, 10.75, 3.5], "rotation": 270, "texture": "#0"},
				"down": {"uv": [7.25, 1.25, 8.5, 3.5], "rotation": 270, "texture": "#0"}
			}
		},
		{
			"name": "head",
			"from": [6, 0.5, 5.5],
			"to": [14, 6.5, 11.5],
			"faces": {
				"north": {"uv": [1.5, 2.75, 3.5, 4.25], "texture": "#0"},
				"east": {"uv": [0, 2.75, 1.5, 4.25], "texture": "#0"},
				"south": {"uv": [5, 2.75, 7, 4.25], "texture": "#0"},
				"west": {"uv": [3.5, 2.75, 5, 4.25], "texture": "#0"},
				"up": {"uv": [1.5, 1.25, 3.5, 2.75], "rotation": 180, "texture": "#0"},
				"down": {"uv": [3.5, 1.25, 5.5, 2.75], "rotation": 180, "texture": "#0"}
			}
		},
		{
			"name": "tail",
			"from": [3.5, 0.25, 4.6],
			"to": [11.2, 4.45, 8.8],
			"rotation": {"angle": -22.5, "axis": "y", "origin": [3.85, 0, 4.85]},
			"faces": {
				"north": {"uv": [7.25, 5.25, 8.75, 8], "rotation": 270, "texture": "#0"},
				"east": {"uv": [7.25, 3.75, 8.75, 5.25], "rotation": 270, "texture": "#0"},
				"south": {"uv": [10.25, 5.25, 11.75, 8], "rotation": 270, "texture": "#0"},
				"west": {"uv": [8.75, 3.75, 10.25, 5.25], "rotation": 270, "texture": "#0"},
				"up": {"uv": [8.75, 5.25, 10.25, 8], "rotation": 90, "texture": "#0"},
				"down": {"uv": [5.75, 5.25, 7.25, 8], "rotation": 90, "texture": "#0"}
			}
		},
		{
			"name": "head",
			"from": [6, 6.5, 6.5],
			"to": [8, 8.5, 7.5],
			"faces": {
				"north": {"uv": [3.75, 0.5, 4.25, 1], "texture": "#0"},
				"east": {"uv": [3.5, 0.5, 3.75, 1], "texture": "#0"},
				"south": {"uv": [4.5, 0.5, 5, 1], "texture": "#0"},
				"west": {"uv": [4.25, 0.5, 4.5, 1], "texture": "#0"},
				"up": {"uv": [3.75, 0.25, 4.25, 0.5], "texture": "#0"}
			}
		}
	],
	"display": {
		"thirdperson_righthand": {
			"rotation": [67.5, 0, 0],
			"translation": [0, 0, 1.5],
			"scale": [0.6, 0.6, 0.6]
		},
		"thirdperson_lefthand": {
			"rotation": [67.5, 0, 0],
			"translation": [0, 0, 1.5],
			"scale": [0.6, 0.6, 0.6]
		},
		"firstperson_righthand": {
			"rotation": [0, -180, 0],
			"translation": [0, 6, 1],
			"scale": [0.6, 0.6, 0.6]
		},
		"firstperson_lefthand": {
			"rotation": [0, 90, 0],
			"translation": [0, 6, 1],
			"scale": [0.6, 0.6, 0.6]
		},
		"ground": {
			"translation": [0, 3, 0],
			"scale": [0.8, 0.8, 0.8]
		},
		"gui": {
			"rotation": [30, 135, 0],
			"translation": [0.25, 2.5, 0],
			"scale": [0.7, 0.7, 0.7]
		},
		"head": {
			"translation": [0, 14, 1.5]
		},
		"fixed": {
			"rotation": [-90, 0, 0],
			"translation": [0, 3.75, -13.5],
			"scale": [2, 2, 2]
		}
	}
}