{
	"credit": "Made with Blockbench",
	"textures": {
		"0": "hat/misc/sloppy_santa_hat"
	},
	"elements": [
		{
			"from": [3.9, 2, 3.5],
			"to": [12.1, 5, 12],
			"faces": {
				"north": {"uv": [0, 13, 8, 16], "texture": "#0"},
				"east": {"uv": [0, 13, 8, 16], "texture": "#0"},
				"south": {"uv": [0, 13, 8, 16], "texture": "#0"},
				"west": {"uv": [0, 13, 8, 16], "texture": "#0"},
				"up": {"uv": [0, 13, 8, 16], "texture": "#0"},
				"down": {"uv": [0, 13, 8, 16], "texture": "#0"}
			}
		},
		{
			"from": [4.5, 3, 3],
			"to": [11.5, 6.5, 10],
			"rotation": {"angle": 22.5, "axis": "x", "origin": [8, 2, 7.5]},
			"faces": {
				"north": {"uv": [0, 0, 7, 3.5], "texture": "#0"},
				"east": {"uv": [0, 0, 7, 3.5], "texture": "#0"},
				"south": {"uv": [0, 0, 7, 3.5], "texture": "#0"},
				"west": {"uv": [0, 0, 7, 3.5], "texture": "#0"},
				"up": {"uv": [0, 0, 7, 7], "texture": "#0"},
				"down": {"uv": [0, 0, 7, 3.5], "texture": "#0"}
			}
		},
		{
			"from": [5.5, 3, 2.25],
			"to": [10.5, 9, 7.25],
			"rotation": {"angle": 45, "axis": "x", "origin": [8, 1, 7.5]},
			"faces": {
				"north": {"uv": [8, 5, 13, 11], "texture": "#0"},
				"east": {"uv": [0, 0, 5, 6], "texture": "#0"},
				"south": {"uv": [4, 3, 9, 9], "texture": "#0"},
				"west": {"uv": [6, 4, 11, 10], "texture": "#0"},
				"up": {"uv": [0, 0, 5, 5], "texture": "#0"},
				"down": {"uv": [0, 0, 10, 10], "texture": "#0"}
			}
		},
		{
			"from": [6.5, 4.25, 14.125],
			"to": [9.5, 7.25, 17.125],
			"rotation": {"angle": -22.5, "axis": "x", "origin": [8, 0, 8.5]},
			"faces": {
				"north": {"uv": [0, 0, 3, 3], "rotation": 180, "texture": "#0"},
				"east": {"uv": [5, 0, 8, 3], "rotation": 270, "texture": "#0"},
				"south": {"uv": [0, 0, 6, 6], "texture": "#0"},
				"west": {"uv": [0, 0, 3, 3], "rotation": 90, "texture": "#0"},
				"up": {"uv": [7, 1, 10, 4], "rotation": 180, "texture": "#0"},
				"down": {"uv": [0, 0, 3, 3], "texture": "#0"}
			}
		},
		{
			"from": [7, 6.125, 13.125],
			"to": [9, 8.125, 15.125],
			"faces": {
				"north": {"uv": [13, 0, 16, 3], "rotation": 180, "texture": "#0"},
				"east": {"uv": [13, 0, 16, 3], "rotation": 270, "texture": "#0"},
				"south": {"uv": [13, 0, 16, 3], "texture": "#0"},
				"west": {"uv": [13, 0, 16, 3], "texture": "#0"},
				"up": {"uv": [13, 0, 16, 3], "rotation": 180, "texture": "#0"},
				"down": {"uv": [13, 0, 16, 3], "texture": "#0"}
			}
		}
	],
	"display": {
		"head": {
			"scale": [1.9, 1.9, 1.9],
			"translation": [0, 11.5, 0.5]
		},
		"fixed": {
			"rotation": [-90, 0, 0],
			"scale": [4, 4, 4],
			"translation": [0, 1, -11]
		},
		"gui": {
			"rotation": [30, 135, 0],
			"translation": [0, 0, 0],
			"scale": [0.8, 0.8, 0.8]
		},
		"thirdperson_righthand": {
			"scale": [0.8, 0.8, 0.8],
			"rotation": [0, 180, 0]
		},
		"thirdperson_lefthand": {
			"scale": [0.8, 0.8, 0.8],
			"rotation": [0, 180, 0]
		}
	}
}