{
	"credit": "Made with Blockbench",
	"ambientocclusion": false,
	"textures": {
		"0": "hat/misc/snow_mobile",
		"particle": "hat/misc/snow_mobile"
	},
	"elements": [
		{
			"from": [3, 0, 11],
			"to": [5, 0.5, 19],
			"faces": {
				"north": {"uv": [13.532, 0.532, 14.468, 1.468], "texture": "#0"},
				"east": {"uv": [13.532, 0.532, 14.468, 1.468], "texture": "#0"},
				"south": {"uv": [13.532, 0.532, 14.468, 1.468], "texture": "#0"},
				"west": {"uv": [13.532, 0.532, 14.468, 1.468], "texture": "#0"},
				"up": {"uv": [13.532, 0.532, 14.468, 1.468], "texture": "#0"},
				"down": {"uv": [13.532, 0.532, 14.468, 1.468], "texture": "#0"}
			}
		},
		{
			"from": [11, 0, 11],
			"to": [13, 0.5, 19],
			"faces": {
				"north": {"uv": [13.532, 0.532, 14.468, 1.468], "texture": "#0"},
				"east": {"uv": [13.532, 0.532, 14.468, 1.468], "texture": "#0"},
				"south": {"uv": [13.532, 0.532, 14.468, 1.468], "texture": "#0"},
				"west": {"uv": [13.532, 0.532, 14.468, 1.468], "texture": "#0"},
				"up": {"uv": [13.532, 0.532, 14.468, 1.468], "texture": "#0"},
				"down": {"uv": [13.532, 0.532, 14.468, 1.468], "texture": "#0"}
			}
		},
		{
			"from": [3.25, -4.46447, 14.22183],
			"to": [4.75, -3.96447, 15.72183],
			"rotation": {"angle": -45, "axis": "x", "origin": [8, 3.53553, 11.22183]},
			"faces": {
				"north": {"uv": [13.532, 0.532, 14.468, 1.468], "texture": "#0"},
				"east": {"uv": [13.532, 0.532, 14.468, 1.468], "texture": "#0"},
				"south": {"uv": [13.532, 0.532, 14.468, 1.468], "texture": "#0"},
				"west": {"uv": [13.532, 0.532, 14.468, 1.468], "texture": "#0"},
				"up": {"uv": [13.532, 0.532, 14.468, 1.468], "texture": "#0"},
				"down": {"uv": [13.532, 0.532, 14.468, 1.468], "texture": "#0"}
			}
		},
		{
			"from": [11.25, -4.46447, 14.22183],
			"to": [12.75, -3.96447, 15.72183],
			"rotation": {"angle": -45, "axis": "x", "origin": [8, 3.53553, 11.22183]},
			"faces": {
				"north": {"uv": [13.532, 0.532, 14.468, 1.468], "texture": "#0"},
				"east": {"uv": [13.532, 0.532, 14.468, 1.468], "texture": "#0"},
				"south": {"uv": [13.532, 0.532, 14.468, 1.468], "texture": "#0"},
				"west": {"uv": [13.532, 0.532, 14.468, 1.468], "texture": "#0"},
				"up": {"uv": [13.532, 0.532, 14.468, 1.468], "texture": "#0"},
				"down": {"uv": [13.532, 0.532, 14.468, 1.468], "texture": "#0"}
			}
		},
		{
			"from": [5, 3.5, 0],
			"to": [11, 6.5, 9],
			"faces": {
				"north": {"uv": [0.032, 0.032, 5.468, 5.468], "texture": "#0"},
				"east": {"uv": [5.53125, 0.03125, 12.96719, 2.96719], "texture": "#0"},
				"south": {"uv": [0.032, 0.032, 5.468, 5.468], "texture": "#0"},
				"west": {"uv": [5.53125, 0.03125, 12.96719, 2.96719], "texture": "#0"},
				"up": {"uv": [5.53125, 0.03125, 12.96719, 2.96719], "rotation": 90, "texture": "#0"},
				"down": {"uv": [5.53125, 0.03125, 12.96719, 2.96719], "rotation": 90, "texture": "#0"}
			}
		},
		{
			"from": [6, 4.5, 1],
			"to": [10, 7.5, 13],
			"faces": {
				"north": {"uv": [10.532, 5.532, 14.968, 9.468], "texture": "#0"},
				"east": {"uv": [0.032, 5.532, 10.468, 9.468], "texture": "#0"},
				"south": {"uv": [10.532, 5.532, 14.968, 9.468], "texture": "#0"},
				"west": {"uv": [0.032, 5.532, 10.468, 9.468], "texture": "#0"},
				"up": {"uv": [0.032, 5.532, 10.468, 9.468], "rotation": 90, "texture": "#0"},
				"down": {"uv": [0.032, 5.532, 10.468, 9.468], "rotation": 90, "texture": "#0"}
			}
		},
		{
			"from": [6, 0, -1],
			"to": [10, 3, 9],
			"faces": {
				"north": {"uv": [7.032, 9.532, 10.468, 12.968], "rotation": 90, "texture": "#0"},
				"east": {"uv": [0.032, 12.532, 10.968, 15.968], "texture": "#0"},
				"south": {"uv": [0.532, 9.532, 3.968, 12.968], "rotation": 90, "texture": "#0"},
				"west": {"uv": [0.032, 12.532, 10.968, 15.968], "texture": "#0"},
				"up": {"uv": [0.032, 9.532, 11.468, 12.968], "rotation": 90, "texture": "#0"},
				"down": {"uv": [0.032, 9.532, 11.468, 12.968], "rotation": 90, "texture": "#0"}
			}
		},
		{
			"from": [6.5, 5.25, -3],
			"to": [9.5, 8.25, 2],
			"rotation": {"angle": 22.5, "axis": "x", "origin": [8, 9.25, -1]},
			"faces": {
				"north": {"uv": [10.532, 5.532, 14.968, 9.468], "texture": "#0"},
				"east": {"uv": [0.032, 5.532, 10.468, 9.468], "texture": "#0"},
				"south": {"uv": [10.532, 5.532, 14.968, 9.468], "texture": "#0"},
				"west": {"uv": [0.032, 5.532, 10.468, 9.468], "texture": "#0"},
				"up": {"uv": [0.032, 5.532, 10.468, 9.468], "rotation": 90, "texture": "#0"},
				"down": {"uv": [0.032, 5.532, 10.468, 9.468], "rotation": 90, "texture": "#0"}
			}
		},
		{
			"from": [5, 5.25, 13],
			"to": [11, 8.25, 20],
			"rotation": {"angle": 22.5, "axis": "x", "origin": [8, 9.25, 15]},
			"faces": {
				"north": {"uv": [0, 3.5, 5.5, 5.5], "texture": "#0"},
				"east": {"uv": [5.532, 0.032, 12.968, 5.468], "texture": "#0"},
				"south": {"uv": [0, 0, 5.5, 2], "texture": "#0"},
				"west": {"uv": [5.532, 0.032, 12.968, 5.468], "texture": "#0"},
				"up": {"uv": [0.032, 0.032, 5.468, 5.468], "texture": "#0"},
				"down": {"uv": [0.032, 0.032, 5.468, 5.468], "texture": "#0"}
			}
		},
		{
			"from": [4, 3.25, 11.5],
			"to": [12, 6.25, 18.5],
			"rotation": {"angle": 0, "axis": "x", "origin": [8, 7.25, 13.5]},
			"faces": {
				"north": {"uv": [0, 0, 5.5, 2], "texture": "#0"},
				"east": {"uv": [0, 0, 5.5, 2], "texture": "#0"},
				"south": {"uv": [0, 0, 5.5, 2], "texture": "#0"},
				"west": {"uv": [0, 0, 5.5, 2], "texture": "#0"},
				"up": {"uv": [0, 0, 5.5, 5.5], "texture": "#0"},
				"down": {"uv": [0, 0, 5.5, 5.5], "texture": "#0"}
			}
		},
		{
			"from": [6.5, 2.5, 9],
			"to": [9.5, 5.5, 18],
			"faces": {
				"north": {"uv": [10.5, 5.5, 15, 9.5], "texture": "#0"},
				"east": {"uv": [0, 5.5, 10.5, 9.5], "texture": "#0"},
				"south": {"uv": [10.5, 5.5, 15, 9.5], "texture": "#0"},
				"west": {"uv": [0, 5.5, 10.5, 9.5], "texture": "#0"},
				"up": {"uv": [0, 5.5, 10.5, 9.5], "rotation": 90, "texture": "#0"},
				"down": {"uv": [0, 5.5, 10.5, 9.5], "rotation": 90, "texture": "#0"}
			}
		},
		{
			"from": [5, 2.25, 12.25],
			"to": [11, 3.25, 17.25],
			"rotation": {"angle": 0, "axis": "x", "origin": [8, 4.25, 13.25]},
			"faces": {
				"north": {"uv": [13.5, 2.5, 14.5, 3.5], "texture": "#0"},
				"east": {"uv": [13.5, 2.5, 14.5, 3.5], "texture": "#0"},
				"south": {"uv": [13.5, 2.5, 14.5, 3.5], "texture": "#0"},
				"west": {"uv": [13.5, 2.5, 14.5, 3.5], "texture": "#0"},
				"up": {"uv": [13.5, 2.5, 14.5, 3.5], "texture": "#0"},
				"down": {"uv": [13.5, 2.5, 14.5, 3.5], "texture": "#0"}
			}
		},
		{
			"from": [7, 6.75, 12.75],
			"to": [9, 7.75, 14.75],
			"rotation": {"angle": 45, "axis": "x", "origin": [8, 9.75, 14.75]},
			"faces": {
				"north": {"uv": [13.5, 0.5, 14.5, 1.5], "texture": "#0"},
				"east": {"uv": [13.5, 0.5, 14.5, 1.5], "texture": "#0"},
				"south": {"uv": [13.5, 0.5, 14.5, 1.5], "texture": "#0"},
				"west": {"uv": [13.5, 0.5, 14.5, 1.5], "texture": "#0"},
				"up": {"uv": [13.5, 0.5, 14.5, 1.5], "texture": "#0"},
				"down": {"uv": [13.5, 0.5, 14.5, 1.5], "texture": "#0"}
			}
		},
		{
			"from": [4, 9.25, 11.25],
			"to": [12, 9.75, 11.75],
			"rotation": {"angle": 0, "axis": "x", "origin": [8, 9.5, 11.5]},
			"faces": {
				"north": {"uv": [13.5, 2.5, 14.5, 3.5], "texture": "#0"},
				"east": {"uv": [13.5, 2.5, 14.5, 3.5], "texture": "#0"},
				"south": {"uv": [13.5, 2.5, 14.5, 3.5], "texture": "#0"},
				"west": {"uv": [13.5, 2.5, 14.5, 3.5], "texture": "#0"},
				"up": {"uv": [13.5, 2.5, 14.5, 3.5], "texture": "#0"},
				"down": {"uv": [13.5, 2.5, 14.5, 3.5], "texture": "#0"}
			}
		},
		{
			"from": [11.59985, 9.25, 9.7383],
			"to": [13.59985, 9.75, 10.2383],
			"rotation": {"angle": 22.5, "axis": "y", "origin": [15.59985, 9.5, 9.9883]},
			"faces": {
				"north": {"uv": [13.5, 2.5, 14.5, 3.5], "texture": "#0"},
				"east": {"uv": [13.5, 2.5, 14.5, 3.5], "texture": "#0"},
				"south": {"uv": [13.5, 2.5, 14.5, 3.5], "texture": "#0"},
				"west": {"uv": [13.5, 2.5, 14.5, 3.5], "texture": "#0"},
				"up": {"uv": [13.5, 2.5, 14.5, 3.5], "texture": "#0"},
				"down": {"uv": [13.5, 2.5, 14.5, 3.5], "texture": "#0"}
			}
		},
		{
			"from": [1.94343, 9.25, 12.0344],
			"to": [3.94343, 9.75, 12.5344],
			"rotation": {"angle": -22.5, "axis": "y", "origin": [5.94343, 9.5, 12.2844]},
			"faces": {
				"north": {"uv": [13.5, 2.5, 14.5, 3.5], "texture": "#0"},
				"east": {"uv": [13.5, 2.5, 14.5, 3.5], "texture": "#0"},
				"south": {"uv": [13.5, 2.5, 14.5, 3.5], "texture": "#0"},
				"west": {"uv": [13.5, 2.5, 14.5, 3.5], "texture": "#0"},
				"up": {"uv": [13.5, 2.5, 14.5, 3.5], "texture": "#0"},
				"down": {"uv": [13.5, 2.5, 14.5, 3.5], "texture": "#0"}
			}
		},
		{
			"from": [6.25, -1.75, 15],
			"to": [7.25, 2.25, 16],
			"rotation": {"angle": -22.5, "axis": "z", "origin": [10.25, 6.25, 8]},
			"faces": {
				"north": {"uv": [13.5, 2.5, 14.5, 3.5], "texture": "#0"},
				"east": {"uv": [13.5, 2.5, 14.5, 3.5], "texture": "#0"},
				"south": {"uv": [13.5, 2.5, 14.5, 3.5], "texture": "#0"},
				"west": {"uv": [13.5, 2.5, 14.5, 3.5], "texture": "#0"},
				"up": {"uv": [13.5, 2.5, 14.5, 3.5], "texture": "#0"},
				"down": {"uv": [13.5, 2.5, 14.5, 3.5], "texture": "#0"}
			}
		},
		{
			"from": [8.75, -1.75, 15],
			"to": [9.75, 2.25, 16],
			"rotation": {"angle": 22.5, "axis": "z", "origin": [5.75, 6.25, 8]},
			"faces": {
				"north": {"uv": [13.5, 2.5, 14.5, 3.5], "texture": "#0"},
				"east": {"uv": [13.5, 2.5, 14.5, 3.5], "texture": "#0"},
				"south": {"uv": [13.5, 2.5, 14.5, 3.5], "texture": "#0"},
				"west": {"uv": [13.5, 2.5, 14.5, 3.5], "texture": "#0"},
				"up": {"uv": [13.5, 2.5, 14.5, 3.5], "texture": "#0"},
				"down": {"uv": [13.5, 2.5, 14.5, 3.5], "texture": "#0"}
			}
		},
		{
			"from": [6, 3.75, 2.75],
			"to": [10, 6.75, 3.25],
			"rotation": {"angle": 45, "axis": "x", "origin": [8, 9.25, -1]},
			"faces": {
				"north": {"uv": [10.5, 5.5, 15, 9.5], "texture": "#0"},
				"east": {"uv": [10, 5.5, 10.5, 9.5], "texture": "#0"},
				"south": {"uv": [10.5, 5.5, 15, 9.5], "texture": "#0"},
				"west": {"uv": [10, 5.5, 10.5, 9.5], "texture": "#0"},
				"up": {"uv": [6.5, 9, 10.5, 9.5], "texture": "#0"},
				"down": {"uv": [6.5, 9, 10.5, 9.5], "texture": "#0"}
			}
		},
		{
			"from": [4.5, 3.75, 17.75],
			"to": [11.5, 5.75, 18.75],
			"rotation": {"angle": 0, "axis": "x", "origin": [8, 9.5, 11.5]},
			"faces": {
				"north": {"uv": [13.5, 2.5, 14.5, 3.5], "texture": "#0"},
				"east": {"uv": [13.5, 2.5, 14.5, 3.5], "texture": "#0"},
				"south": {"uv": [13.5, 2.5, 14.5, 3.5], "texture": "#0"},
				"west": {"uv": [13.5, 2.5, 14.5, 3.5], "texture": "#0"},
				"up": {"uv": [13.5, 2.5, 14.5, 3.5], "texture": "#0"},
				"down": {"uv": [13.5, 2.5, 14.5, 3.5], "texture": "#0"}
			}
		}
	],
	"display": {
		"thirdperson_righthand": {
			"rotation": [75, -126, 0],
			"translation": [0, 2.5, 0],
			"scale": [0.375, 0.375, 0.375]
		},
		"thirdperson_lefthand": {
			"rotation": [75, -126, 0],
			"translation": [0, 2.5, 0],
			"scale": [0.375, 0.375, 0.375]
		},
		"firstperson_righthand": {
			"rotation": [-7, -164, 1],
			"translation": [0, 2.5, 0],
			"scale": [0.375, 0.375, 0.375]
		},
		"firstperson_lefthand": {
			"rotation": [-7, -164, 1],
			"translation": [0, 2.5, 0],
			"scale": [0.375, 0.375, 0.375]
		},
		"ground": {
			"translation": [0, 2.5, 0],
			"scale": [0.5, 0.5, 0.5]
		},
		"gui": {
			"rotation": [13, -23, 0],
			"translation": [1, 1.5, 0],
			"scale": [0.775, 0.775, 0.775]
		},
		"head": {
			"rotation": [0, -180, 0],
			"translation": [0, -17, 0],
			"scale": [3.475, 3.475, 3.475]
		},
		"fixed": {
			"rotation": [-90, 0, 0],
			"translation": [0, 0, -31.25],
			"scale": [4, 4, 4]
		}
	}
}