{
	"credit": "Made with Blockbench",
	"textures": {
		"1": "hat/misc/spongebob_square_hat",
		"particle": "hat/misc/spongebob_square_hat"
	},
	"elements": [
		{
			"from": [1.5, 0, 1.5],
			"to": [14.5, 1, 14.5],
			"faces": {
				"north": {"uv": [0, 0, 6.5, 0.5], "texture": "#1"},
				"east": {"uv": [0, 3, 6.5, 3.5], "texture": "#1"},
				"south": {"uv": [0, 5, 6.5, 5.5], "texture": "#1"},
				"west": {"uv": [0, 1.5, 6.5, 2], "texture": "#1"},
				"up": {"uv": [0, 0, 6.5, 6.5], "texture": "#1"},
				"down": {"uv": [0, 0, 6.5, 6.5], "texture": "#1"}
			}
		},
		{
			"from": [3.5, 1, 3.5],
			"to": [12.5, 7, 12.5],
			"faces": {
				"north": {"uv": [0, 7, 13.5, 16], "texture": "#1"},
				"east": {"uv": [0, 0, 4.5, 3], "texture": "#1"},
				"south": {"uv": [0, 0, 4.5, 3], "texture": "#1"},
				"west": {"uv": [0, 0, 4.5, 3], "texture": "#1"},
				"up": {"uv": [0, 0, 4.5, 4.5], "texture": "#1"}
			}
		}
	],
	"display": {
		"thirdperson_righthand": {
			"scale": [0.6, 0.6, 0.6]
		},
		"thirdperson_lefthand": {
			"scale": [0.6, 0.6, 0.6]
		},
		"firstperson_righthand": {
			"translation": [0, 3.5, 0]
		},
		"firstperson_lefthand": {
			"translation": [0, 3.5, 0]
		},
		"ground": {
			"translation": [0, 3, 0],
			"scale": [0.8, 0.8, 0.8]
		},
		"gui": {
			"rotation": [30, 135, 0],
			"translation": [0, 3.5, 0],
			"scale": [0.75, 0.75, 0.75]
		},
		"head": {
			"translation": [0, 13.75, 0],
			"scale": [1.7, 1.7, 1.7]
		},
		"fixed": {
			"rotation": [-90, 0, 0],
			"translation": [0, 0, -15],
			"scale": [3.6, 3.6, 3.6]
		}
	}
}