{
	"credit": "Made with Blockbench",
	"textures": {
		"0": "hat/misc/cap",
		"1": "hat/misc/steelseries",
		"particle": "hat/misc/steelseries"
	},
	"elements": [
		{
			"from": [3.5, 0, 0.5],
			"to": [12.5, 1, 3.5],
			"faces": {
				"north": {"uv": [7, 12, 16, 13], "texture": "#0"},
				"east": {"uv": [7, 12, 8, 16], "rotation": 90, "texture": "#0"},
				"west": {"uv": [7, 12, 8, 16], "rotation": 90, "texture": "#0"},
				"up": {"uv": [7, 12, 16, 15], "texture": "#0"},
				"down": {"uv": [7, 12, 16, 15], "texture": "#0"}
			}
		},
		{
			"from": [4.5, 4, 4.5],
			"to": [11.5, 5, 11.5],
			"faces": {
				"north": {"uv": [8, 13, 15, 14], "texture": "#0"},
				"east": {"uv": [7, 12, 14, 13], "texture": "#0"},
				"south": {"uv": [8, 13, 15, 14], "texture": "#0"},
				"west": {"uv": [8, 13, 15, 14], "texture": "#0"},
				"up": {"uv": [8, 1, 15, 8], "texture": "#0"}
			}
		},
		{
			"from": [3.5, 0, 3.5],
			"to": [12.5, 4, 12.5],
			"faces": {
				"north": {"uv": [7, 12, 16, 16], "texture": "#0"},
				"east": {"uv": [7, 12, 16, 16], "texture": "#0"},
				"south": {"uv": [7, 12, 16, 16], "texture": "#0"},
				"west": {"uv": [7, 12, 16, 16], "texture": "#0"},
				"up": {"uv": [7, 0, 16, 9], "texture": "#0"},
				"down": {"uv": [7, 0, 16, 9], "texture": "#0"}
			}
		},
		{
			"from": [6.35, 1, 3.45],
			"to": [10.35, 5, 3.45],
			"faces": {
				"north": {"uv": [0, 0, 16, 16], "texture": "#1"}
			}
		}
	],
	"display": {
		"head": {
			"scale": [1.7, 1.7, 1.7],
			"translation": [0, 14.1, 0]
		},
		"fixed": {
			"rotation": [-90, 0, 0],
			"scale": [4, 4, 4],
			"translation": [0, 0, -15.5]
		},
		"gui": {
			"rotation": [30, 135, 0],
			"translation": [0, 4.5, 0],
			"scale": [0.8, 0.8, 0.8]
		},
		"thirdperson_righthand": {
			"scale": [0.7, 0.7, 0.7],
			"rotation": [-22, 0, 0],
			"translation": [0, 4, 0]
		},
		"thirdperson_lefthand": {
			"scale": [0.7, 0.7, 0.7],
			"translation": [0, 4, 0],
			"rotation": [-22, 0, 0]
		},
		"firstperson_righthand": {
			"translation": [0, 4.5, 0]
		},
		"firstperson_lefthand": {
			"translation": [0, 4.5, 0]
		},
		"ground": {
			"scale": [0.7, 0.7, 0.7],
			"translation": [0, 4, 0]
		}
	}
}