{
	"credit": "Made with Blockbench",
	"textures": {
		"0": "hat/misc/suspicious"
	},
	"elements": [
		{
			"from": [8.43, 2.42, 3.5],
			"to": [9.43, 4.82, 4.5],
			"rotation": {"angle": -22.5, "axis": "z", "origin": [8.15, 8.5, 8.5]},
			"faces": {
				"north": {"uv": [10, 10, 6, 12], "texture": "#0"},
				"east": {"uv": [10, 10, 6, 12], "texture": "#0"},
				"south": {"uv": [10, 10, 6, 12], "texture": "#0"},
				"west": {"uv": [10, 10, 6, 12], "texture": "#0"},
				"up": {"uv": [10, 10, 6, 12], "texture": "#0"},
				"down": {"uv": [10, 10, 6, 12], "texture": "#0"}
			}
		},
		{
			"from": [6.57, 2.42, 3.5],
			"to": [7.57, 4.82, 4.5],
			"rotation": {"angle": 22.5, "axis": "z", "origin": [7.85, 8.5, 8.5]},
			"faces": {
				"north": {"uv": [6, 10, 10, 12], "texture": "#0"},
				"east": {"uv": [6, 10, 10, 12], "texture": "#0"},
				"south": {"uv": [6, 10, 10, 12], "texture": "#0"},
				"west": {"uv": [6, 10, 10, 12], "texture": "#0"},
				"up": {"uv": [6, 10, 10, 12], "texture": "#0"},
				"down": {"uv": [6, 10, 10, 12], "texture": "#0"}
			}
		},
		{
			"from": [7, 2.39, 3.5],
			"to": [9, 5, 4.5],
			"faces": {
				"north": {"uv": [6, 10, 10, 12], "texture": "#0"},
				"east": {"uv": [6, 10, 10, 12], "texture": "#0"},
				"south": {"uv": [6, 10, 10, 12], "texture": "#0"},
				"west": {"uv": [6, 10, 10, 12], "texture": "#0"},
				"up": {"uv": [6, 10, 10, 12], "texture": "#0"},
				"down": {"uv": [6, 10, 10, 12], "texture": "#0"}
			}
		},
		{
			"from": [3.75, 4, 3.75],
			"to": [12.25, 8, 12.25],
			"faces": {
				"north": {"uv": [0, 0, 16, 8], "texture": "#0"},
				"east": {"uv": [0, 4, 2, 12], "texture": "#0"},
				"south": {"uv": [0, 4, 2, 12], "texture": "#0"},
				"west": {"uv": [0, 4, 2, 12], "texture": "#0"}
			}
		}
	],
	"display": {
		"head": {
			"scale": [1.9, 1.9, 1.9],
			"translation": [0, 3, 0]
		},
		"thirdperson_righthand": {
			"scale": [0.8, 0.8, 0.8],
			"rotation": [32, 0, 0]
		},
		"thirdperson_lefthand": {
			"scale": [0.8, 0.8, 0.8],
			"rotation": [32, 0, 0]
		},
		"gui": {
			"rotation": [30, 135, 0],
			"translation": [0, 2.5, 0]
		},
		"fixed": {
			"scale": [4, 4, 4],
			"rotation": [-90, 0, 0],
			"translation": [0, 0, 1]
		}
	}
}