{
	"credit": "Made with Blockbench",
	"textures": {
		"0": "hat/misc/synergyception"
	},
	"elements": [
		{
			"from": [4.5, 0, 4],
			"to": [11.5, 1, 6],
			"rotation": {"angle": -22.5, "axis": "y", "origin": [8, 0, 5]},
			"faces": {
				"north": {"uv": [9, 1, 15, 7], "rotation": 180, "texture": "#0"},
				"east": {"uv": [9, 1, 15, 7], "rotation": 270, "texture": "#0"},
				"south": {"uv": [9, 1, 15, 7], "texture": "#0"},
				"west": {"uv": [9, 1, 15, 7], "rotation": 90, "texture": "#0"},
				"up": {"uv": [9, 1, 15, 7], "rotation": 180, "texture": "#0"},
				"down": {"uv": [9, 1, 15, 7], "texture": "#0"}
			}
		},
		{
			"from": [4.5, 0.1, 7],
			"to": [11.5, 0.9, 9],
			"rotation": {"angle": 22.5, "axis": "y", "origin": [8, 0, 8]},
			"faces": {
				"north": {"uv": [1, 1, 7, 7], "rotation": 180, "texture": "#0"},
				"east": {"uv": [1, 1, 7, 7], "rotation": 270, "texture": "#0"},
				"south": {"uv": [1, 1, 7, 7], "texture": "#0"},
				"west": {"uv": [1, 1, 7, 7], "rotation": 90, "texture": "#0"},
				"up": {"uv": [1, 1, 7, 7], "rotation": 180, "texture": "#0"},
				"down": {"uv": [1, 1, 7, 7], "texture": "#0"}
			}
		},
		{
			"from": [4.5, 0, 10],
			"to": [11.5, 1, 12],
			"rotation": {"angle": -22.5, "axis": "y", "origin": [8, 0, 11]},
			"faces": {
				"north": {"uv": [9, 1, 15, 7], "rotation": 180, "texture": "#0"},
				"east": {"uv": [9, 1, 15, 7], "rotation": 270, "texture": "#0"},
				"south": {"uv": [9, 1, 15, 7], "texture": "#0"},
				"west": {"uv": [9, 1, 15, 7], "rotation": 90, "texture": "#0"},
				"up": {"uv": [9, 1, 15, 7], "rotation": 180, "texture": "#0"},
				"down": {"uv": [9, 1, 15, 7], "texture": "#0"}
			}
		},
		{
			"from": [10, 1, 4.5],
			"to": [12, 2, 11.5],
			"rotation": {"angle": -22.5, "axis": "y", "origin": [11, 2, 8]},
			"faces": {
				"north": {"uv": [9, 1, 15, 7], "rotation": 90, "texture": "#0"},
				"east": {"uv": [9, 1, 15, 7], "rotation": 180, "texture": "#0"},
				"south": {"uv": [9, 1, 15, 7], "rotation": 270, "texture": "#0"},
				"west": {"uv": [9, 1, 15, 7], "texture": "#0"},
				"up": {"uv": [9, 1, 15, 7], "rotation": 270, "texture": "#0"},
				"down": {"uv": [9, 1, 15, 7], "rotation": 270, "texture": "#0"}
			}
		},
		{
			"from": [7, 1.1, 4.5],
			"to": [9, 1.9, 11.5],
			"rotation": {"angle": 22.5, "axis": "y", "origin": [8, 2, 8]},
			"faces": {
				"north": {"uv": [1, 1, 7, 7], "rotation": 90, "texture": "#0"},
				"east": {"uv": [1, 1, 7, 7], "rotation": 180, "texture": "#0"},
				"south": {"uv": [1, 1, 7, 7], "rotation": 270, "texture": "#0"},
				"west": {"uv": [1, 1, 7, 7], "texture": "#0"},
				"up": {"uv": [1, 1, 7, 7], "rotation": 270, "texture": "#0"},
				"down": {"uv": [1, 1, 7, 7], "rotation": 270, "texture": "#0"}
			}
		},
		{
			"from": [4, 1, 4.5],
			"to": [6, 2, 11.5],
			"rotation": {"angle": -22.5, "axis": "y", "origin": [5, 2, 8]},
			"faces": {
				"north": {"uv": [9, 1, 15, 7], "rotation": 90, "texture": "#0"},
				"east": {"uv": [9, 1, 15, 7], "rotation": 180, "texture": "#0"},
				"south": {"uv": [9, 1, 15, 7], "rotation": 270, "texture": "#0"},
				"west": {"uv": [9, 1, 15, 7], "texture": "#0"},
				"up": {"uv": [9, 1, 15, 7], "rotation": 270, "texture": "#0"},
				"down": {"uv": [9, 1, 15, 7], "rotation": 270, "texture": "#0"}
			}
		}
	],
	"display": {
		"thirdperson_righthand": {
			"scale": [0.8, 0.8, 0.8]
		},
		"thirdperson_lefthand": {
			"scale": [0.8, 0.8, 0.8]
		},
		"firstperson_righthand": {
			"translation": [0, 3, 0]
		},
		"firstperson_lefthand": {
			"translation": [0, 3, 0]
		},
		"ground": {
			"translation": [0, 3, 0]
		},
		"gui": {
			"rotation": [30, 135, 0],
			"translation": [0, 7.5, 0],
			"scale": [1.3, 1.3, 1.3]
		},
		"head": {
			"rotation": [0, 180, 0],
			"translation": [0, 19.5, 0],
			"scale": [1.7, 1.7, 1.7]
		},
		"fixed": {
			"rotation": [-90, 0, 0],
			"translation": [0, 0, -21],
			"scale": [2.5, 2.5, 2.5]
		}
	},
	"groups": [
		{
			"name": "group",
			"origin": [8.5, 1, 11],
			"children": [0, 1, 2]
		},
		{
			"name": "group",
			"origin": [8.5, 1, 11],
			"children": [3, 4, 5]
		}
	]
}