{
	"credit": "Made with Blockbench",
	"textures": {
		"0": "hat/misc/the_topest_of_hats"
	},
	"elements": [
		{
			"from": [3.5, -2, 3.5],
			"to": [12.5, 0, 12.5],
			"faces": {
				"north": {"uv": [11.5, 3.5, 16, 4.5], "texture": "#0"},
				"east": {"uv": [11.5, 3.5, 16, 4.5], "texture": "#0"},
				"south": {"uv": [11.5, 3.5, 16, 4.5], "texture": "#0"},
				"west": {"uv": [11.5, 3.5, 16, 4.5], "texture": "#0"},
				"up": {"uv": [11.5, 0, 16, 4.5], "texture": "#0"},
				"down": {"uv": [11.5, 0, 16, 4.5], "texture": "#0"}
			}
		},
		{
			"from": [5, 0, 5],
			"to": [11, 31, 11],
			"faces": {
				"north": {"uv": [3, 0, 6, 15.5], "texture": "#0"},
				"east": {"uv": [0, 0, 3, 15.5], "texture": "#0"},
				"south": {"uv": [9, 0, 12, 15.5], "texture": "#0"},
				"west": {"uv": [6, 0, 9, 15.5], "texture": "#0"},
				"up": {"uv": [12.5, 0.5, 15.5, 3.5], "texture": "#0"},
				"down": {"uv": [0, 0, 3, 16], "texture": "#0"}
			}
		}
	],
	"display": {
		"head": {
			"scale": [1.7, 1.7, 1.7],
			"translation": [0, 21, 0]
		},
		"thirdperson_righthand": {
			"scale": [0.5, 0.5, 0.5],
			"translation": [0, -2, 1]
		},
		"thirdperson_lefthand": {
			"scale": [0.5, 0.5, 0.5],
			"translation": [0, -2, 1]
		},
		"firstperson_righthand": {
			"scale": [0.5, 0.5, 0.5],
			"translation": [0, -4.5, 0]
		},
		"firstperson_lefthand": {
			"scale": [0.5, 0.5, 0.5],
			"translation": [0, -4.5, 0]
		},
		"ground": {
			"scale": [0.8, 0.8, 0.8],
			"translation": [0, 1.5, 0]
		},
		"fixed": {
			"scale": [3.8, 3.8, 3.7],
			"translation": [0, 0, -32],
			"rotation": [-90, 0, 0]
		},
		"gui": {
			"scale": [0.47, 0.47, 0.47],
			"rotation": [30, 45, 0],
			"translation": [0, -2.5, 0]
		}
	}
}