{
	"credit": "Made with Blockbench",
	"textures": {
		"1": "hat/misc/toaster",
		"particle": "hat/misc/toaster"
	},
	"elements": [
		{
			"from": [2.5, 1, 4.5],
			"to": [13.5, 8, 11.5],
			"faces": {
				"north": {"uv": [0, 0, 5.5, 3.5], "texture": "#1"},
				"east": {"uv": [5.5, 3.5, 9, 7], "texture": "#1"},
				"south": {"uv": [0, 0, 5.5, 3.5], "texture": "#1"},
				"west": {"uv": [5.5, 0, 9, 3.5], "texture": "#1"},
				"up": {"uv": [0, 3.5, 5.5, 7], "texture": "#1"},
				"down": {"uv": [0, 0, 5.5, 3.5], "texture": "#1"}
			}
		},
		{
			"from": [3.5, 0, 5.5],
			"to": [5.5, 1, 10.5],
			"faces": {
				"north": {"uv": [1.5, 4, 2, 4.5], "texture": "#1"},
				"east": {"uv": [1.5, 4, 4, 4.5], "texture": "#1"},
				"south": {"uv": [1.5, 4, 2, 4.5], "texture": "#1"},
				"west": {"uv": [1.5, 4, 4, 4.5], "texture": "#1"},
				"down": {"uv": [1.5, 4, 4, 4.5], "rotation": 90, "texture": "#1"}
			}
		},
		{
			"from": [10.5, 0, 5.5],
			"to": [12.5, 1, 10.5],
			"faces": {
				"north": {"uv": [1.5, 4, 2, 4.5], "texture": "#1"},
				"east": {"uv": [1.5, 4, 4, 4.5], "texture": "#1"},
				"south": {"uv": [1.5, 4, 2, 4.5], "texture": "#1"},
				"west": {"uv": [1.5, 4, 4, 4.5], "texture": "#1"},
				"down": {"uv": [1.5, 4, 4, 4.5], "rotation": 90, "texture": "#1"}
			}
		},
		{
			"from": [13.5, 6, 6.5],
			"to": [14.5, 7, 9.5],
			"faces": {
				"north": {"uv": [1.5, 4, 2, 4.5], "texture": "#1"},
				"east": {"uv": [1.5, 4, 3, 4.5], "texture": "#1"},
				"south": {"uv": [1.5, 4, 2, 4.5], "texture": "#1"},
				"up": {"uv": [1.5, 4, 3, 4.5], "rotation": 90, "texture": "#1"},
				"down": {"uv": [1.5, 4, 3, 4.5], "rotation": 90, "texture": "#1"}
			}
		}
	],
	"display": {
		"head": {
			"scale": [1.2, 1.2, 1.2],
			"translation": [0, 16, 0]
		},
		"fixed": {
			"rotation": [-90, 0, 0],
			"translation": [0, 0, -17.5],
			"scale": [2.3, 2.3, 2.3]
		},
		"gui": {
			"rotation": [30, -45, 0],
			"translation": [0, 3.5, 0],
			"scale": [0.8, 0.8, 0.8]
		},
		"thirdperson_righthand": {
			"scale": [0.6, 0.6, 0.6],
			"rotation": [0, 0, 0],
			"translation": [0, 1, 0]
		},
		"thirdperson_lefthand": {
			"scale": [0.6, 0.6, 0.6],
			"translation": [0, 1, 0]
		},
		"firstperson_righthand": {
			"translation": [0, 2.5, 0]
		},
		"firstperson_lefthand": {
			"translation": [0, 2.5, 0]
		},
		"ground": {
			"scale": [0.8, 0.8, 0.8],
			"translation": [0, 3, 0]
		}
	}
}