{
	"credit": "Made with Blockbench",
	"textures": {
		"0": "hat/misc/villager_ceo",
		"particle": "hat/misc/villager_ceo"
	},
	"elements": [
		{
			"from": [3.35, -8.5, -2],
			"to": [12.65, 10.5, 5.2],
			"rotation": {"angle": 0, "axis": "y", "origin": [4, 6, -2]},
			"faces": {
				"north": {"uv": [10, 7, 14, 16], "texture": "#0"},
				"east": {"uv": [7, 7, 10, 16], "texture": "#0"},
				"south": {"uv": [3, 7, 7, 16], "texture": "#0"},
				"west": {"uv": [7, 7, 10, 16], "texture": "#0"},
				"up": {"uv": [3, 4, 7, 7], "texture": "#0"},
				"down": {"uv": [7, 4, 11, 7], "texture": "#0"}
			}
		},
		{
			"from": [-0.05, 3.4, -0.2],
			"to": [16.05, 7.75, 8.05],
			"rotation": {"angle": 45, "axis": "x", "origin": [8, 5.5, 3.8]},
			"faces": {
				"north": {"uv": [4, 0, 12, 2], "texture": "#0"},
				"east": {"uv": [12, 2, 16, 4], "texture": "#0"},
				"south": {"uv": [4, 2, 12, 4], "texture": "#0"},
				"west": {"uv": [0, 2, 4, 4], "texture": "#0"},
				"up": {"uv": [4, 2, 12, 4], "texture": "#0"},
				"down": {"uv": [4, 0, 12, 2], "texture": "#0"}
			}
		}
	],
	"display": {
		"thirdperson_righthand": {
			"rotation": [69, 0, 0],
			"translation": [0, -1.75, 2.75],
			"scale": [0.5, 0.5, 0.5]
		},
		"thirdperson_lefthand": {
			"rotation": [69, 0, 0],
			"translation": [0, -1.75, 2.75],
			"scale": [0.5, 0.5, 0.5]
		},
		"firstperson_righthand": {
			"scale": [0.8, 0.8, 0.8]
		},
		"firstperson_lefthand": {
			"scale": [0.8, 0.8, 0.8]
		},
		"ground": {
			"translation": [0, 4.5, 0]
		},
		"gui": {
			"rotation": [30, 45, 0],
			"translation": [2, 1.75, 0],
			"scale": [0.6, 0.6, 0.6]
		},
		"head": {
			"rotation": [0, -180, 0],
			"translation": [0, 22.75, -6.25]
		},
		"fixed": {
			"rotation": [-89, 0, 0],
			"translation": [0, 12.75, -31.75],
			"scale": [2, 2, 2]
		}
	},
	"groups": [0, 1,
		{
			"name": "pizza_cheese2",
			"origin": [8, 8, 8],
			"children": []
		}
	]
}