{
	"credit": "Made with Blockbench",
	"textures": {
		"2": "hat/misc/fortress_warrior",
		"particle": "hat/misc/fortress_warrior"
	},
	"elements": [
		{
			"name": "right",
			"from": [5.25, 1.5, 3],
			"to": [6.25, 5.5, 6],
			"rotation": {"angle": 45, "axis": "y", "origin": [2.75, 18, 8.25]},
			"faces": {
				"north": {"uv": [5.5, 10, 6, 12], "rotation": 180, "texture": "#2"},
				"east": {"uv": [8, 9.5, 10, 11], "rotation": 270, "texture": "#2"},
				"south": {"uv": [0, 0, 0, 0], "texture": "#2"},
				"west": {"uv": [8, 9.5, 10, 11], "rotation": 270, "texture": "#2"},
				"up": {"uv": [5.5, 10, 6, 11.5], "rotation": 180, "texture": "#2"},
				"down": {"uv": [5.5, 10, 6, 11.5], "rotation": 180, "texture": "#2"}
			}
		},
		{
			"name": "right",
			"from": [3.25, 0.5, 4],
			"to": [4.25, 5.5, 13],
			"faces": {
				"north": {"uv": [11, 7, 11.5, 9.5], "rotation": 180, "texture": "#2"},
				"east": {"uv": [6.5, 7, 11, 9.5], "rotation": 180, "texture": "#2"},
				"south": {"uv": [6, 7, 6.5, 9.5], "rotation": 180, "texture": "#2"},
				"west": {"uv": [11.5, 7, 16, 9.5], "rotation": 180, "texture": "#2"},
				"up": {"uv": [0, 0, 0, 0], "texture": "#2"},
				"down": {"uv": [6.5, 6.5, 11, 7], "rotation": 180, "texture": "#2"}
			}
		},
		{
			"name": "right",
			"from": [5.75, -3.25, 6],
			"to": [6.75, 1.75, 11],
			"rotation": {"angle": -22.5, "axis": "z", "origin": [6.25, 0, 8.5]},
			"faces": {
				"north": {"uv": [11, 7, 11.5, 9.5], "rotation": 180, "texture": "#2"},
				"east": {"uv": [8.5, 7, 11, 9.5], "rotation": 90, "texture": "#2"},
				"south": {"uv": [6, 7, 6.5, 9.5], "rotation": 180, "texture": "#2"},
				"west": {"uv": [8.5, 7, 11, 9.5], "rotation": 90, "texture": "#2"},
				"up": {"uv": [10, 7, 10.5, 9.5], "texture": "#2"},
				"down": {"uv": [10, 7, 10.5, 9.5], "texture": "#2"}
			}
		},
		{
			"name": "right",
			"from": [6.75, -2.25, 7],
			"to": [7.75, 1.75, 10],
			"rotation": {"angle": -22.5, "axis": "z", "origin": [6.25, 0, 8.5]},
			"faces": {
				"north": {"uv": [10.5, 2, 11, 4], "texture": "#2"},
				"east": {"uv": [6.5, 1.5, 8, 3.5], "rotation": 180, "texture": "#2"},
				"south": {"uv": [10.5, 2, 11, 4], "texture": "#2"},
				"west": {"uv": [8.5, 7, 11, 9.5], "rotation": 90, "texture": "#2"},
				"up": {"uv": [10, 8, 10.5, 9.5], "texture": "#2"},
				"down": {"uv": [10, 8, 10.5, 9.5], "texture": "#2"}
			}
		},
		{
			"name": "left",
			"from": [8.5, 7.25, 2],
			"to": [12.5, 8.25, 5],
			"rotation": {"angle": 45, "axis": "x", "origin": [3.75, 9.75, 8.25]},
			"faces": {
				"north": {"uv": [5.5, 10, 6, 12], "rotation": 90, "texture": "#2"},
				"east": {"uv": [5.5, 10, 6, 11.5], "rotation": 90, "texture": "#2"},
				"south": {"uv": [0, 0, 0, 0], "texture": "#2"},
				"west": {"uv": [5.5, 10.5, 6, 12], "rotation": 90, "texture": "#2"},
				"up": {"uv": [8, 9.5, 10, 11], "texture": "#2"},
				"down": {"uv": [8, 9.5, 10, 11], "texture": "#2"}
			}
		},
		{
			"name": "left",
			"from": [8.5, 9.75, 4],
			"to": [13.5, 10.75, 13],
			"faces": {
				"north": {"uv": [11, 7, 11.5, 9.5], "rotation": 270, "texture": "#2"},
				"east": {"uv": [6.5, 6.5, 11, 7], "rotation": 90, "texture": "#2"},
				"south": {"uv": [6, 7, 6.5, 9.5], "rotation": 90, "texture": "#2"},
				"west": {"uv": [5.5, 10, 6, 11.5], "rotation": 180, "texture": "#2"},
				"up": {"uv": [6.5, 7, 11, 9.5], "rotation": 90, "texture": "#2"},
				"down": {"uv": [11.5, 7, 16, 9.5], "rotation": 90, "texture": "#2"}
			}
		},
		{
			"name": "left",
			"from": [12.25, 7.25, 6],
			"to": [17.25, 8.25, 11],
			"rotation": {"angle": 22.5, "axis": "z", "origin": [14, 7.75, 8.5]},
			"faces": {
				"north": {"uv": [11, 7, 11.5, 9.5], "rotation": 270, "texture": "#2"},
				"east": {"uv": [10, 7, 10.5, 9.5], "rotation": 90, "texture": "#2"},
				"south": {"uv": [6, 7, 6.5, 9.5], "rotation": 90, "texture": "#2"},
				"west": {"uv": [10.5, 7, 11, 9.5], "rotation": 90, "texture": "#2"},
				"up": {"uv": [8.5, 7, 11, 9.5], "rotation": 90, "texture": "#2"},
				"down": {"uv": [8.5, 7, 11, 9.5], "rotation": 90, "texture": "#2"}
			}
		},
		{
			"name": "left",
			"from": [12.25, 6.25, 7],
			"to": [16.25, 7.25, 10],
			"rotation": {"angle": 22.5, "axis": "z", "origin": [14, 7.75, 8.5]},
			"faces": {
				"north": {"uv": [10.5, 2, 11, 4], "rotation": 270, "texture": "#2"},
				"east": {"uv": [10, 8, 10.5, 9.5], "rotation": 90, "texture": "#2"},
				"south": {"uv": [10.5, 2, 11, 4], "rotation": 270, "texture": "#2"},
				"west": {"uv": [10, 8, 10.5, 9.5], "rotation": 90, "texture": "#2"},
				"up": {"uv": [8.5, 7, 11, 9.5], "rotation": 90, "texture": "#2"},
				"down": {"uv": [6.5, 1.5, 8, 3.5], "rotation": 270, "texture": "#2"}
			}
		},
		{
			"name": "wing",
			"from": [5, 9, 2],
			"to": [6, 13, 3],
			"faces": {
				"north": {"uv": [10, 15.5, 12, 16], "rotation": 270, "texture": "#2"},
				"east": {"uv": [10, 15.5, 12, 16], "rotation": 90, "texture": "#2"},
				"south": {"uv": [10, 15.5, 12, 16], "rotation": 270, "texture": "#2"},
				"west": {"uv": [10, 15.5, 12, 16], "rotation": 90, "texture": "#2"},
				"up": {"uv": [10, 15.5, 10.5, 16], "rotation": 180, "texture": "#2"},
				"down": {"uv": [10, 15.5, 10.5, 16], "rotation": 180, "texture": "#2"}
			}
		},
		{
			"name": "wing",
			"from": [1, 8, 2],
			"to": [5, 9, 3],
			"faces": {
				"north": {"uv": [10, 15.5, 12, 16], "texture": "#2"},
				"east": {"uv": [10, 15.5, 10.5, 16], "rotation": 180, "texture": "#2"},
				"south": {"uv": [10, 15.5, 12, 16], "texture": "#2"},
				"west": {"uv": [10, 15.5, 10.5, 16], "rotation": 180, "texture": "#2"},
				"up": {"uv": [10, 15.5, 12, 16], "texture": "#2"},
				"down": {"uv": [10, 15.5, 12, 16], "texture": "#2"}
			}
		},
		{
			"from": [-6.75, 8, 1.95],
			"to": [2.35, 9, 4.05],
			"rotation": {"angle": 45, "axis": "z", "origin": [2.5, 18, 8]},
			"faces": {
				"north": {"uv": [6.5, 0, 7, 4.5], "rotation": 90, "texture": "#2"},
				"east": {"uv": [6.5, 0, 7, 0.5], "rotation": 90, "texture": "#2"},
				"south": {"uv": [2.5, 4.5, 7, 6.5], "texture": "#2"},
				"west": {"uv": [6.5, 0, 7, 0.5], "rotation": 90, "texture": "#2"},
				"up": {"uv": [6.5, 0, 7.5, 4.5], "rotation": 90, "texture": "#2"},
				"down": {"uv": [6.5, 0, 7, 4.5], "rotation": 90, "texture": "#2"}
			}
		},
		{
			"from": [-6.75, 3.75, 13],
			"to": [2.35, 7.75, 14],
			"rotation": {"angle": 45, "axis": "z", "origin": [2.5, 18, 8]},
			"faces": {
				"north": {"uv": [6.5, 6.5, 11, 8.5], "texture": "#2"},
				"east": {"uv": [5, 0, 7, 0.5], "rotation": 90, "texture": "#2"},
				"south": {"uv": [6.5, 6.5, 11, 8.5], "texture": "#2"},
				"west": {"uv": [5, 0, 7, 0.5], "rotation": 90, "texture": "#2"},
				"up": {"uv": [7, 3.5, 11.5, 4], "texture": "#2"},
				"down": {"uv": [6.5, 7.5, 11, 8], "texture": "#2"}
			}
		},
		{
			"from": [-6.75, 7.75, 3.95],
			"to": [2.35, 11.75, 13.05],
			"rotation": {"angle": 45, "axis": "z", "origin": [2.5, 18, 8]},
			"faces": {
				"north": {"uv": [7, 4.5, 11.5, 6.5], "texture": "#2"},
				"east": {"uv": [2.5, 4.5, 7, 6.5], "texture": "#2"},
				"south": {"uv": [2.5, 4.5, 7, 6.5], "texture": "#2"},
				"west": {"uv": [11.5, 4.5, 16, 6.5], "texture": "#2"},
				"up": {"uv": [2.5, 0, 7, 4.5], "texture": "#2"},
				"down": {"uv": [7, 0, 11.5, 4.5], "texture": "#2"}
			}
		}
	],
	"display": {
		"thirdperson_righthand": {
			"scale": [0.6, 0.6, 0.6]
		},
		"thirdperson_lefthand": {
			"scale": [0.6, 0.6, 0.6]
		},
		"firstperson_righthand": {
			"scale": [0.7, 0.7, 0.7]
		},
		"firstperson_lefthand": {
			"scale": [0.7, 0.7, 0.7]
		},
		"ground": {
			"translation": [0, 3, 0],
			"scale": [0.7, 0.7, 0.7]
		},
		"gui": {
			"rotation": [30, 135, 0],
			"translation": [0, 0.75, 0],
			"scale": [0.9, 0.9, 0.9]
		},
		"head": {
			"rotation": [0, 0, -45],
			"translation": [2.5, -1.25, -1],
			"scale": [1.7, 1.7, 1.7]
		},
		"fixed": {
			"rotation": [-90, 0, 0],
			"translation": [0, 0, -9.5],
			"scale": [1.3, 1.3, 1.3]
		}
	},
	"groups": [
		{
			"name": "group",
			"origin": [2.5, 18, 8],
			"children": []
		},
		{
			"name": "group",
			"origin": [8, 8, 8],
			"children": []
		},
		{
			"name": "group",
			"origin": [2.5, 18, 8],
			"children": [0, 1, 2, 3, 4, 5, 6, 7, 8, 9, 10, 11, 12]
		}
	]
}