{
	"credit": "Made with Blockbench",
	"parent": "block/cube_top",
	"textures": {
		"4": "block/gray_concrete",
		"5": "block/light_gray_concrete",
		"6": "block/cyan_terracotta",
		"7": "block/black_concrete",
		"8": "item/music_disc_strad",
		"9": "block/iron_bars",
		"particle": "block/iron_bars",
		"top": "block/light_gray_wool"
	},
	"elements": [
		{
			"name": "hexadecagon",
			"from": [3.19432, 17.5, 2.92737],
			"to": [4.98453, 17.925, 11.92737],
			"rotation": {"angle": -45, "axis": "y", "origin": [4.54905, 7.85, 10.18508]},
			"faces": {
				"north": {"uv": [0, 0, 1, 1], "texture": "#4"},
				"east": {"uv": [0, 0, 1, 1], "texture": "#4"},
				"south": {"uv": [0, 0, 1, 1], "texture": "#4"},
				"west": {"uv": [0, 0, 1, 1], "texture": "#4"},
				"up": {"uv": [0, 0, 1, 1], "texture": "#4"},
				"down": {"uv": [0, 0, 1, 1], "texture": "#4"}
			}
		},
		{
			"name": "hexadecagon",
			"from": [4.28464, 17.5, 2.9614],
			"to": [6.07485, 17.925, 11.9614],
			"rotation": {"angle": -22.5, "axis": "y", "origin": [4.54905, 7.85, 10.18508]},
			"faces": {
				"north": {"uv": [0, 0, 1, 1], "texture": "#4"},
				"east": {"uv": [0, 0, 1, 1], "texture": "#4"},
				"south": {"uv": [0, 0, 1, 1], "texture": "#4"},
				"west": {"uv": [0, 0, 1, 1], "texture": "#4"},
				"up": {"uv": [0, 0, 1, 1], "texture": "#4"},
				"down": {"uv": [0, 0, 1, 1], "texture": "#4"}
			}
		},
		{
			"name": "hexadecagon",
			"from": [5.27894, 17.5, 3.41008],
			"to": [7.06915, 17.925, 12.41008],
			"rotation": {"angle": 0, "axis": "y", "origin": [4.54905, 7.85, 10.18508]},
			"faces": {
				"north": {"uv": [0, 0, 1, 1], "texture": "#4"},
				"east": {"uv": [0, 0, 1, 1], "texture": "#4"},
				"south": {"uv": [0, 0, 1, 1], "texture": "#4"},
				"west": {"uv": [0, 0, 1, 1], "texture": "#4"},
				"up": {"uv": [0, 0, 1, 1], "texture": "#4"},
				"down": {"uv": [0, 0, 1, 1], "texture": "#4"}
			}
		},
		{
			"name": "hexadecagon",
			"from": [6.02585, 17.5, 4.20512],
			"to": [7.81606, 17.925, 13.20512],
			"rotation": {"angle": 22.5, "axis": "y", "origin": [4.54905, 7.85, 10.18508]},
			"faces": {
				"north": {"uv": [0, 0, 1, 1], "texture": "#4"},
				"east": {"uv": [0, 0, 1, 1], "texture": "#4"},
				"south": {"uv": [0, 0, 1, 1], "texture": "#4"},
				"west": {"uv": [0, 0, 1, 1], "texture": "#4"},
				"up": {"uv": [0, 0, 1, 1], "texture": "#4"},
				"down": {"uv": [0, 0, 1, 1], "texture": "#4"}
			}
		},
		{
			"name": "hexadecagon",
			"from": [6.41166, 17.5, 5.22546],
			"to": [8.20187, 17.925, 14.22546],
			"rotation": {"angle": 45, "axis": "y", "origin": [4.54905, 7.85, 10.18508]},
			"faces": {
				"north": {"uv": [0, 0, 1, 1], "texture": "#4"},
				"east": {"uv": [0, 0, 1, 1], "texture": "#4"},
				"south": {"uv": [0, 0, 1, 1], "texture": "#4"},
				"west": {"uv": [0, 0, 1, 1], "texture": "#4"},
				"up": {"uv": [0, 0, 1, 1], "texture": "#4"},
				"down": {"uv": [0, 0, 1, 1], "texture": "#4"}
			}
		},
		{
			"name": "hexadecagon",
			"from": [0.67974, 17.5, 6.56629],
			"to": [9.67974, 17.925, 8.3565],
			"rotation": {"angle": -22.5, "axis": "y", "origin": [4.54905, 7.85, 10.18508]},
			"faces": {
				"north": {"uv": [0, 0, 1, 1], "texture": "#4"},
				"east": {"uv": [0, 0, 1, 1], "texture": "#4"},
				"south": {"uv": [0, 0, 1, 1], "texture": "#4"},
				"west": {"uv": [0, 0, 1, 1], "texture": "#4"},
				"up": {"uv": [0, 0, 1, 1], "texture": "#4"},
				"down": {"uv": [0, 0, 1, 1], "texture": "#4"}
			}
		},
		{
			"name": "hexadecagon",
			"from": [1.67405, 17.5, 7.01498],
			"to": [10.67405, 17.925, 8.80519],
			"rotation": {"angle": 0, "axis": "y", "origin": [4.54905, 7.85, 10.18508]},
			"faces": {
				"north": {"uv": [0, 0, 1, 1], "texture": "#4"},
				"east": {"uv": [0, 0, 1, 1], "texture": "#4"},
				"south": {"uv": [0, 0, 1, 1], "texture": "#4"},
				"west": {"uv": [0, 0, 1, 1], "texture": "#4"},
				"up": {"uv": [0, 0, 1, 1], "texture": "#4"},
				"down": {"uv": [0, 0, 1, 1], "texture": "#4"}
			}
		},
		{
			"name": "hexadecagon",
			"from": [2.42095, 17.5, 7.81001],
			"to": [11.42095, 17.925, 9.60022],
			"rotation": {"angle": 22.5, "axis": "y", "origin": [4.54905, 7.85, 10.18508]},
			"faces": {
				"north": {"uv": [0, 0, 1, 1], "texture": "#4"},
				"east": {"uv": [0, 0, 1, 1], "texture": "#4"},
				"south": {"uv": [0, 0, 1, 1], "texture": "#4"},
				"west": {"uv": [0, 0, 1, 1], "texture": "#4"},
				"up": {"uv": [0, 0, 1, 1], "texture": "#4"},
				"down": {"uv": [0, 0, 1, 1], "texture": "#4"}
			}
		},
		{
			"name": "hexadecagon",
			"from": [5.63492, 17.8, 5.25307],
			"to": [7.266, 18.125, 13.45307],
			"rotation": {"angle": -45, "axis": "y", "origin": [8.09448, 7.9, 8.31008]},
			"faces": {
				"north": {"uv": [0, 0, 1, 1], "texture": "#6"},
				"east": {"uv": [0, 0, 1, 1], "texture": "#6"},
				"south": {"uv": [0, 0, 1, 1], "texture": "#6"},
				"west": {"uv": [0, 0, 1, 1], "texture": "#6"},
				"up": {"uv": [0, 0, 1, 1], "texture": "#6"},
				"down": {"uv": [0, 0, 1, 1], "texture": "#6"}
			}
		},
		{
			"name": "hexadecagon",
			"from": [5.36093, 17.8, 4.54453],
			"to": [6.99201, 18.125, 12.74453],
			"rotation": {"angle": -22.5, "axis": "y", "origin": [8.09448, 7.9, 8.31008]},
			"faces": {
				"north": {"uv": [0, 0, 1, 1], "texture": "#6"},
				"east": {"uv": [0, 0, 1, 1], "texture": "#6"},
				"south": {"uv": [0, 0, 1, 1], "texture": "#6"},
				"west": {"uv": [0, 0, 1, 1], "texture": "#6"},
				"up": {"uv": [0, 0, 1, 1], "texture": "#6"},
				"down": {"uv": [0, 0, 1, 1], "texture": "#6"}
			}
		},
		{
			"name": "hexadecagon",
			"from": [5.37894, 17.8, 3.78508],
			"to": [7.01002, 18.125, 11.98508],
			"rotation": {"angle": 0, "axis": "y", "origin": [8.09448, 7.9, 8.31008]},
			"faces": {
				"north": {"uv": [0, 0, 1, 1], "texture": "#6"},
				"east": {"uv": [0, 0, 1, 1], "texture": "#6"},
				"south": {"uv": [0, 0, 1, 1], "texture": "#6"},
				"west": {"uv": [0, 0, 1, 1], "texture": "#6"},
				"up": {"uv": [0, 0, 1, 1], "texture": "#6"},
				"down": {"uv": [0, 0, 1, 1], "texture": "#6"}
			}
		},
		{
			"name": "hexadecagon",
			"from": [5.68621, 17.8, 3.09034],
			"to": [7.31729, 18.125, 11.29034],
			"rotation": {"angle": 22.5, "axis": "y", "origin": [8.09448, 7.9, 8.31008]},
			"faces": {
				"north": {"uv": [0, 0, 1, 1], "texture": "#6"},
				"east": {"uv": [0, 0, 1, 1], "texture": "#6"},
				"south": {"uv": [0, 0, 1, 1], "texture": "#6"},
				"west": {"uv": [0, 0, 1, 1], "texture": "#6"},
				"up": {"uv": [0, 0, 1, 1], "texture": "#6"},
				"down": {"uv": [0, 0, 1, 1], "texture": "#6"}
			}
		},
		{
			"name": "hexadecagon",
			"from": [6.23596, 17.8, 2.56606],
			"to": [7.86704, 18.125, 10.76606],
			"rotation": {"angle": 45, "axis": "y", "origin": [8.09448, 7.9, 8.31008]},
			"faces": {
				"north": {"uv": [0, 0, 1, 1], "texture": "#6"},
				"east": {"uv": [0, 0, 1, 1], "texture": "#6"},
				"south": {"uv": [0, 0, 1, 1], "texture": "#6"},
				"west": {"uv": [0, 0, 1, 1], "texture": "#6"},
				"up": {"uv": [0, 0, 1, 1], "texture": "#6"},
				"down": {"uv": [0, 0, 1, 1], "texture": "#6"}
			}
		},
		{
			"name": "hexadecagon",
			"from": [2.07647, 17.8, 7.82899],
			"to": [10.27647, 18.125, 9.46007],
			"rotation": {"angle": -22.5, "axis": "y", "origin": [8.09448, 7.9, 8.31008]},
			"faces": {
				"north": {"uv": [0, 0, 1, 1], "texture": "#6"},
				"east": {"uv": [0, 0, 1, 1], "texture": "#6"},
				"south": {"uv": [0, 0, 1, 1], "texture": "#6"},
				"west": {"uv": [0, 0, 1, 1], "texture": "#6"},
				"up": {"uv": [0, 0, 1, 1], "texture": "#6"},
				"down": {"uv": [0, 0, 1, 1], "texture": "#6"}
			}
		},
		{
			"name": "hexadecagon",
			"from": [2.09448, 17.8, 7.06954],
			"to": [10.29448, 18.125, 8.70062],
			"rotation": {"angle": 0, "axis": "y", "origin": [8.09448, 7.9, 8.31008]},
			"faces": {
				"north": {"uv": [0, 0, 1, 1], "texture": "#6"},
				"east": {"uv": [0, 0, 1, 1], "texture": "#6"},
				"south": {"uv": [0, 0, 1, 1], "texture": "#6"},
				"west": {"uv": [0, 0, 1, 1], "texture": "#6"},
				"up": {"uv": [0, 0, 1, 1], "texture": "#6"},
				"down": {"uv": [0, 0, 1, 1], "texture": "#6"}
			}
		},
		{
			"name": "hexadecagon",
			"from": [2.40175, 17.8, 6.3748],
			"to": [10.60175, 18.125, 8.00588],
			"rotation": {"angle": 22.5, "axis": "y", "origin": [8.09448, 7.9, 8.31008]},
			"faces": {
				"north": {"uv": [0, 0, 1, 1], "texture": "#6"},
				"east": {"uv": [0, 0, 1, 1], "texture": "#6"},
				"south": {"uv": [0, 0, 1, 1], "texture": "#6"},
				"west": {"uv": [0, 0, 1, 1], "texture": "#6"},
				"up": {"uv": [0, 0, 1, 1], "texture": "#6"},
				"down": {"uv": [0, 0, 1, 1], "texture": "#6"}
			}
		},
		{
			"from": [3, 16.5, 2],
			"to": [12, 17.5, 14],
			"faces": {
				"north": {"uv": [0, 0, 14, 1], "texture": "#5"},
				"east": {"uv": [0, 0, 12, 1], "texture": "#5"},
				"south": {"uv": [0, 0, 14, 1], "texture": "#5"},
				"west": {"uv": [0, 0, 12, 1], "texture": "#5"},
				"up": {"uv": [0, 0, 16, 16], "texture": "#5"},
				"down": {"uv": [0, 0, 14, 12], "texture": "#5"}
			}
		},
		{
			"from": [1, 16.5, 2],
			"to": [1.5, 17.5, 14],
			"faces": {
				"north": {"uv": [0, 0, 14, 1], "texture": "#5"},
				"east": {"uv": [0, 0, 12, 1], "texture": "#5"},
				"south": {"uv": [0, 0, 14, 1], "texture": "#5"},
				"west": {"uv": [0, 0, 12, 1], "texture": "#5"},
				"up": {"uv": [0, 0, 16, 16], "texture": "#5"},
				"down": {"uv": [0, 0, 14, 12], "texture": "#5"}
			}
		},
		{
			"from": [1, 16.5, 3.575],
			"to": [3.5, 17.5, 14],
			"faces": {
				"north": {"uv": [0, 0, 14, 1], "texture": "#5"},
				"east": {"uv": [0, 0, 12, 1], "texture": "#5"},
				"south": {"uv": [0, 0, 14, 1], "texture": "#5"},
				"west": {"uv": [0, 0, 12, 1], "texture": "#5"},
				"up": {"uv": [0, 0, 1, 1], "texture": "#5"},
				"down": {"uv": [0, 0, 14, 12], "texture": "#5"}
			}
		},
		{
			"from": [1, 16.5, 2],
			"to": [2.9, 17.5, 2.5],
			"faces": {
				"north": {"uv": [0, 0, 14, 1], "texture": "#5"},
				"east": {"uv": [0, 0, 12, 1], "texture": "#5"},
				"south": {"uv": [0, 0, 14, 1], "texture": "#5"},
				"west": {"uv": [0, 0, 12, 1], "texture": "#5"},
				"up": {"uv": [0, 0, 16, 16], "texture": "#5"},
				"down": {"uv": [0, 0, 14, 12], "texture": "#5"}
			}
		},
		{
			"from": [1, 16.5, 2],
			"to": [2.9, 16.85, 3.575],
			"faces": {
				"north": {"uv": [0, 0, 14, 1], "texture": "#5"},
				"east": {"uv": [0, 0, 12, 1], "texture": "#5"},
				"south": {"uv": [0, 0, 14, 1], "texture": "#5"},
				"west": {"uv": [0, 0, 12, 1], "texture": "#5"},
				"up": {"uv": [0, 0, 16, 16], "texture": "#5"},
				"down": {"uv": [0, 0, 14, 12], "texture": "#5"}
			}
		},
		{
			"from": [2.575, 16.5, 2],
			"to": [3.1, 17.5, 14],
			"faces": {
				"north": {"uv": [0, 0, 14, 1], "texture": "#5"},
				"east": {"uv": [0, 0, 12, 1], "texture": "#5"},
				"south": {"uv": [0, 0, 14, 1], "texture": "#5"},
				"west": {"uv": [0, 0, 12, 1], "texture": "#5"},
				"up": {"uv": [0, 0, 16, 16], "texture": "#5"},
				"down": {"uv": [0, 0, 14, 12], "texture": "#5"}
			}
		},
		{
			"from": [14, 16.5, 2],
			"to": [15, 17.5, 14],
			"faces": {
				"north": {"uv": [0, 0, 14, 1], "texture": "#5"},
				"east": {"uv": [0, 0, 12, 1], "texture": "#5"},
				"south": {"uv": [0, 0, 14, 1], "texture": "#5"},
				"west": {"uv": [0, 0, 12, 1], "texture": "#5"},
				"up": {"uv": [0, 0, 16, 16], "texture": "#5"},
				"down": {"uv": [0, 0, 14, 12], "texture": "#5"}
			}
		},
		{
			"from": [12.75, 16.5, 2],
			"to": [14, 17.5, 9],
			"faces": {
				"north": {"uv": [0, 0, 14, 1], "texture": "#5"},
				"east": {"uv": [0, 0, 12, 1], "texture": "#5"},
				"south": {"uv": [0, 0, 14, 1], "texture": "#5"},
				"west": {"uv": [0, 0, 12, 1], "texture": "#5"},
				"up": {"uv": [0, 0, 16, 16], "texture": "#5"},
				"down": {"uv": [0, 0, 14, 12], "texture": "#5"}
			}
		},
		{
			"from": [13.475, 16.5, 9],
			"to": [14.2, 17.25, 13],
			"faces": {
				"north": {"uv": [0, 0, 14, 1], "texture": "#top"},
				"east": {"uv": [0, 0, 12, 1], "texture": "#top"},
				"south": {"uv": [0, 0, 14, 1], "texture": "#top"},
				"west": {"uv": [0, 0, 12, 1], "texture": "#top"},
				"up": {"uv": [3, 0, 4, 1], "texture": "#top"},
				"down": {"uv": [0, 0, 14, 12], "texture": "#top"}
			}
		},
		{
			"from": [13.15, 16.5, 5.775],
			"to": [13.8, 17.25, 9.775],
			"faces": {
				"north": {"uv": [3, 0, 4, 1], "texture": "#top"},
				"east": {"uv": [3, 0, 4, 1], "texture": "#top"},
				"south": {"uv": [3, 0, 4, 1], "texture": "#top"},
				"west": {"uv": [3, 0, 4, 1], "texture": "#top"},
				"up": {"uv": [3, 0, 4, 1], "texture": "#top"},
				"down": {"uv": [3, 0, 4, 1], "texture": "#top"}
			}
		},
		{
			"from": [13.225, 17.25, 10.575],
			"to": [13.65, 17.575, 10.7],
			"faces": {
				"north": {"uv": [0, 0, 14, 1], "texture": "#4"},
				"east": {"uv": [0, 0, 12, 1], "texture": "#4"},
				"south": {"uv": [0, 0, 14, 1], "texture": "#4"},
				"west": {"uv": [0, 0, 12, 1], "texture": "#4"},
				"up": {"uv": [3, 0, 4, 1], "texture": "#4"},
				"down": {"uv": [0, 0, 14, 12], "texture": "#4"}
			}
		},
		{
			"from": [13.15, 16.5, 7.775],
			"to": [13.8, 17.025, 11.775],
			"faces": {
				"north": {"uv": [0, 0, 14, 1], "texture": "#7"},
				"east": {"uv": [0, 0, 12, 1], "texture": "#7"},
				"south": {"uv": [0, 0, 14, 1], "texture": "#7"},
				"west": {"uv": [0, 0, 12, 1], "texture": "#7"},
				"up": {"uv": [3, 0, 4, 1], "texture": "#7"},
				"down": {"uv": [0, 0, 14, 12], "texture": "#7"}
			}
		},
		{
			"from": [13.15, 16.5, 11.85],
			"to": [13.8, 17.25, 13.85],
			"faces": {
				"north": {"uv": [0, 0, 14, 1], "texture": "#top"},
				"east": {"uv": [0, 0, 12, 1], "texture": "#top"},
				"south": {"uv": [0, 0, 14, 1], "texture": "#top"},
				"west": {"uv": [0, 0, 12, 1], "texture": "#top"},
				"up": {"uv": [3, 0, 4, 1], "texture": "#top"},
				"down": {"uv": [0, 0, 14, 12], "texture": "#top"}
			}
		},
		{
			"from": [12.75, 16.5, 9],
			"to": [13.4, 17.25, 13],
			"faces": {
				"north": {"uv": [0, 0, 14, 1], "texture": "#top"},
				"east": {"uv": [0, 0, 12, 1], "texture": "#top"},
				"south": {"uv": [0, 0, 14, 1], "texture": "#top"},
				"west": {"uv": [0, 0, 12, 1], "texture": "#top"},
				"up": {"uv": [3, 0, 4, 1], "texture": "#top"},
				"down": {"uv": [0, 0, 14, 12], "texture": "#top"}
			}
		},
		{
			"from": [13.15, 16.5, 9.775],
			"to": [13.175, 17.275, 11.6],
			"faces": {
				"north": {"uv": [0, 0, 14, 1], "texture": "#6"},
				"east": {"uv": [0, 0, 12, 1], "texture": "#6"},
				"south": {"uv": [0, 0, 14, 1], "texture": "#6"},
				"west": {"uv": [0, 0, 12, 1], "texture": "#6"},
				"up": {"uv": [3, 0, 4, 1], "texture": "#6"},
				"down": {"uv": [0, 0, 14, 12], "texture": "#6"}
			}
		},
		{
			"from": [12.975, 16.5, 9.65],
			"to": [13.075, 17.275, 9.75],
			"faces": {
				"north": {"uv": [0, 0, 14, 1], "texture": "#6"},
				"east": {"uv": [0, 0, 12, 1], "texture": "#6"},
				"south": {"uv": [0, 0, 14, 1], "texture": "#6"},
				"west": {"uv": [0, 0, 12, 1], "texture": "#6"},
				"up": {"uv": [3, 0, 4, 1], "texture": "#6"},
				"down": {"uv": [0, 0, 14, 12], "texture": "#6"}
			}
		},
		{
			"from": [12.75, 16.5, 12.5],
			"to": [14, 17.5, 14],
			"faces": {
				"north": {"uv": [0, 0, 14, 1], "texture": "#5"},
				"east": {"uv": [0, 0, 12, 1], "texture": "#5"},
				"south": {"uv": [0, 0, 14, 1], "texture": "#5"},
				"west": {"uv": [0, 0, 12, 1], "texture": "#5"},
				"up": {"uv": [0, 0, 16, 16], "texture": "#5"},
				"down": {"uv": [0, 0, 14, 12], "texture": "#5"}
			}
		},
		{
			"from": [12, 16.5, 2],
			"to": [12.75, 17.5, 14],
			"faces": {
				"north": {"uv": [0, 0, 14, 1], "texture": "#5"},
				"east": {"uv": [0, 0, 12, 1], "texture": "#5"},
				"south": {"uv": [0, 0, 14, 1], "texture": "#5"},
				"west": {"uv": [0, 0, 12, 1], "texture": "#5"},
				"up": {"uv": [0, 0, 16, 16], "texture": "#5"},
				"down": {"uv": [0, 0, 14, 12], "texture": "#5"}
			}
		},
		{
			"from": [1.25, 16, 2.25],
			"to": [2.25, 16.5, 3.25],
			"faces": {
				"north": {"uv": [0, 0, 1, 0.5], "texture": "#6"},
				"east": {"uv": [0, 0, 1, 0.5], "texture": "#6"},
				"south": {"uv": [0, 0, 1, 0.5], "texture": "#6"},
				"west": {"uv": [0, 0, 1, 0.5], "texture": "#6"},
				"up": {"uv": [0, 0, 1, 1], "texture": "#6"},
				"down": {"uv": [0, 0, 1, 1], "texture": "#6"}
			}
		},
		{
			"from": [1.25, 16, 12.75],
			"to": [2.25, 16.5, 13.75],
			"faces": {
				"north": {"uv": [0, 0, 1, 0.5], "texture": "#6"},
				"east": {"uv": [0, 0, 1, 0.5], "texture": "#6"},
				"south": {"uv": [0, 0, 1, 0.5], "texture": "#6"},
				"west": {"uv": [0, 0, 1, 0.5], "texture": "#6"},
				"up": {"uv": [0, 0, 1, 1], "texture": "#6"},
				"down": {"uv": [0, 0, 1, 1], "texture": "#6"}
			}
		},
		{
			"from": [13.75, 16, 12.75],
			"to": [14.75, 16.5, 13.75],
			"faces": {
				"north": {"uv": [0, 0, 1, 0.5], "texture": "#6"},
				"east": {"uv": [0, 0, 1, 0.5], "texture": "#6"},
				"south": {"uv": [0, 0, 1, 0.5], "texture": "#6"},
				"west": {"uv": [0, 0, 1, 0.5], "texture": "#6"},
				"up": {"uv": [0, 0, 1, 1], "texture": "#6"},
				"down": {"uv": [0, 0, 1, 1], "texture": "#6"}
			}
		},
		{
			"from": [13.75, 16, 2.25],
			"to": [14.75, 16.5, 3.25],
			"faces": {
				"north": {"uv": [0, 0, 1, 0.5], "texture": "#6"},
				"east": {"uv": [0, 0, 1, 0.5], "texture": "#6"},
				"south": {"uv": [0, 0, 1, 0.5], "texture": "#6"},
				"west": {"uv": [0, 0, 1, 0.5], "texture": "#6"},
				"up": {"uv": [0, 0, 1, 1], "texture": "#6"},
				"down": {"uv": [0, 0, 1, 1], "texture": "#6"}
			}
		},
		{
			"name": "hexadecagon",
			"from": [5.3245, 18, 3.91683],
			"to": [6.9158, 18.2, 4.11683],
			"rotation": {"angle": -45, "axis": "y", "origin": [6.13783, 7.1, 7.96986]},
			"faces": {
				"north": {"uv": [3, 11, 5, 12], "texture": "#8"},
				"east": {"uv": [3, 11, 5, 12], "texture": "#8"},
				"south": {"uv": [3, 11, 5, 12], "texture": "#8"},
				"west": {"uv": [3, 11, 5, 12], "texture": "#8"},
				"up": {"uv": [3, 11, 5, 12], "texture": "#8"},
				"down": {"uv": [3, 11, 5, 12], "texture": "#8"}
			}
		},
		{
			"name": "hexadecagon",
			"from": [5.34614, 18, 3.9141],
			"to": [6.93744, 18.2, 4.1141],
			"rotation": {"angle": -22.5, "axis": "y", "origin": [6.13783, 7.1, 7.96986]},
			"faces": {
				"north": {"uv": [3, 11, 5, 12], "texture": "#8"},
				"east": {"uv": [3, 11, 5, 12], "texture": "#8"},
				"south": {"uv": [3, 11, 5, 12], "texture": "#8"},
				"west": {"uv": [3, 11, 5, 12], "texture": "#8"},
				"up": {"uv": [3, 11, 5, 12], "texture": "#8"},
				"down": {"uv": [3, 11, 5, 12], "texture": "#8"}
			}
		},
		{
			"name": "hexadecagon",
			"from": [5.36718, 18, 3.91986],
			"to": [6.95848, 18.2, 4.11986],
			"rotation": {"angle": 0, "axis": "y", "origin": [6.13783, 7.1, 7.96986]},
			"faces": {
				"north": {"uv": [3, 11, 5, 12], "texture": "#8"},
				"east": {"uv": [3, 11, 5, 12], "texture": "#8"},
				"south": {"uv": [3, 11, 5, 12], "texture": "#8"},
				"west": {"uv": [3, 11, 5, 12], "texture": "#8"},
				"up": {"uv": [3, 11, 5, 12], "texture": "#8"},
				"down": {"uv": [3, 11, 5, 12], "texture": "#8"}
			}
		},
		{
			"name": "hexadecagon",
			"from": [5.38441, 18, 3.93324],
			"to": [6.97571, 18.2, 4.13324],
			"rotation": {"angle": 22.5, "axis": "y", "origin": [6.13783, 7.1, 7.96986]},
			"faces": {
				"north": {"uv": [3, 11, 5, 12], "texture": "#8"},
				"east": {"uv": [3, 11, 5, 12], "texture": "#8"},
				"south": {"uv": [3, 11, 5, 12], "texture": "#8"},
				"west": {"uv": [3, 11, 5, 12], "texture": "#8"},
				"up": {"uv": [3, 11, 5, 12], "texture": "#8"},
				"down": {"uv": [3, 11, 5, 12], "texture": "#8"}
			}
		},
		{
			"name": "hexadecagon",
			"from": [5.39521, 18, 3.95219],
			"to": [6.98651, 18.2, 4.15219],
			"rotation": {"angle": 45, "axis": "y", "origin": [6.13783, 7.1, 7.96986]},
			"faces": {
				"north": {"uv": [3, 11, 5, 12], "texture": "#8"},
				"east": {"uv": [3, 11, 5, 12], "texture": "#8"},
				"south": {"uv": [3, 11, 5, 12], "texture": "#8"},
				"west": {"uv": [3, 11, 5, 12], "texture": "#8"},
				"up": {"uv": [3, 11, 5, 12], "texture": "#8"},
				"down": {"uv": [3, 11, 5, 12], "texture": "#8"}
			}
		},
		{
			"name": "hexadecagon",
			"from": [5.3245, 18, 11.71683],
			"to": [6.9158, 18.2, 11.91683],
			"rotation": {"angle": -45, "axis": "y", "origin": [6.13783, 7.1, 7.96986]},
			"faces": {
				"north": {"uv": [3, 11, 5, 12], "texture": "#8"},
				"east": {"uv": [3, 11, 5, 12], "texture": "#8"},
				"south": {"uv": [3, 11, 5, 12], "texture": "#8"},
				"west": {"uv": [3, 11, 5, 12], "texture": "#8"},
				"up": {"uv": [3, 11, 5, 12], "texture": "#8"},
				"down": {"uv": [3, 11, 5, 12], "texture": "#8"}
			}
		},
		{
			"name": "hexadecagon",
			"from": [5.34614, 18, 11.7141],
			"to": [6.93744, 18.2, 11.9141],
			"rotation": {"angle": -22.5, "axis": "y", "origin": [6.13783, 7.1, 7.96986]},
			"faces": {
				"north": {"uv": [3, 11, 5, 12], "texture": "#8"},
				"east": {"uv": [3, 11, 5, 12], "texture": "#8"},
				"south": {"uv": [3, 11, 5, 12], "texture": "#8"},
				"west": {"uv": [3, 11, 5, 12], "texture": "#8"},
				"up": {"uv": [3, 11, 5, 12], "texture": "#8"},
				"down": {"uv": [3, 11, 5, 12], "texture": "#8"}
			}
		},
		{
			"name": "hexadecagon",
			"from": [5.36718, 18, 11.71986],
			"to": [6.95848, 18.2, 11.91986],
			"rotation": {"angle": 0, "axis": "y", "origin": [6.13783, 7.1, 7.96986]},
			"faces": {
				"north": {"uv": [3, 11, 5, 12], "texture": "#8"},
				"east": {"uv": [3, 11, 5, 12], "texture": "#8"},
				"south": {"uv": [3, 11, 5, 12], "texture": "#8"},
				"west": {"uv": [3, 11, 5, 12], "texture": "#8"},
				"up": {"uv": [3, 11, 5, 12], "texture": "#8"},
				"down": {"uv": [3, 11, 5, 12], "texture": "#8"}
			}
		},
		{
			"name": "hexadecagon",
			"from": [5.38441, 18, 11.73324],
			"to": [6.97571, 18.2, 11.93324],
			"rotation": {"angle": 22.5, "axis": "y", "origin": [6.13783, 7.1, 7.96986]},
			"faces": {
				"north": {"uv": [3, 11, 5, 12], "texture": "#8"},
				"east": {"uv": [3, 11, 5, 12], "texture": "#8"},
				"south": {"uv": [3, 11, 5, 12], "texture": "#8"},
				"west": {"uv": [3, 11, 5, 12], "texture": "#8"},
				"up": {"uv": [3, 11, 5, 12], "texture": "#8"},
				"down": {"uv": [3, 11, 5, 12], "texture": "#8"}
			}
		},
		{
			"name": "hexadecagon",
			"from": [5.39521, 18, 11.75219],
			"to": [6.98651, 18.2, 11.95219],
			"rotation": {"angle": 45, "axis": "y", "origin": [6.13783, 7.1, 7.96986]},
			"faces": {
				"north": {"uv": [3, 11, 5, 12], "texture": "#8"},
				"east": {"uv": [3, 11, 5, 12], "texture": "#8"},
				"south": {"uv": [3, 11, 5, 12], "texture": "#8"},
				"west": {"uv": [3, 11, 5, 12], "texture": "#8"},
				"up": {"uv": [3, 11, 5, 12], "texture": "#8"},
				"down": {"uv": [3, 11, 5, 12], "texture": "#8"}
			}
		},
		{
			"name": "hexadecagon",
			"from": [2.14179, 18, 7.11845],
			"to": [2.34179, 18.2, 8.70975],
			"rotation": {"angle": -22.5, "axis": "y", "origin": [6.13783, 7.1, 7.96986]},
			"faces": {
				"north": {"uv": [3, 11, 5, 12], "texture": "#8"},
				"east": {"uv": [3, 11, 5, 12], "texture": "#8"},
				"south": {"uv": [3, 11, 5, 12], "texture": "#8"},
				"west": {"uv": [3, 11, 5, 12], "texture": "#8"},
				"up": {"uv": [3, 11, 5, 12], "texture": "#8"},
				"down": {"uv": [3, 11, 5, 12], "texture": "#8"}
			}
		},
		{
			"name": "hexadecagon",
			"from": [2.16283, 18, 7.12421],
			"to": [2.36283, 18.2, 8.71551],
			"rotation": {"angle": 0, "axis": "y", "origin": [6.13783, 7.1, 7.96986]},
			"faces": {
				"north": {"uv": [3, 11, 5, 12], "texture": "#8"},
				"east": {"uv": [3, 11, 5, 12], "texture": "#8"},
				"south": {"uv": [3, 11, 5, 12], "texture": "#8"},
				"west": {"uv": [3, 11, 5, 12], "texture": "#8"},
				"up": {"uv": [3, 11, 5, 12], "texture": "#8"},
				"down": {"uv": [3, 11, 5, 12], "texture": "#8"}
			}
		},
		{
			"name": "hexadecagon",
			"from": [2.18006, 18, 7.13759],
			"to": [2.38006, 18.2, 8.72889],
			"rotation": {"angle": 22.5, "axis": "y", "origin": [6.13783, 7.1, 7.96986]},
			"faces": {
				"north": {"uv": [3, 11, 5, 12], "texture": "#8"},
				"east": {"uv": [3, 11, 5, 12], "texture": "#8"},
				"south": {"uv": [3, 11, 5, 12], "texture": "#8"},
				"west": {"uv": [3, 11, 5, 12], "texture": "#8"},
				"up": {"uv": [3, 11, 5, 12], "texture": "#8"},
				"down": {"uv": [3, 11, 5, 12], "texture": "#8"}
			}
		},
		{
			"name": "hexadecagon",
			"from": [9.94179, 18, 7.11845],
			"to": [10.14179, 18.2, 8.70975],
			"rotation": {"angle": -22.5, "axis": "y", "origin": [6.13783, 7.1, 7.96986]},
			"faces": {
				"north": {"uv": [3, 11, 5, 12], "texture": "#8"},
				"east": {"uv": [3, 11, 5, 12], "texture": "#8"},
				"south": {"uv": [3, 11, 5, 12], "texture": "#8"},
				"west": {"uv": [3, 11, 5, 12], "texture": "#8"},
				"up": {"uv": [3, 11, 5, 12], "texture": "#8"},
				"down": {"uv": [3, 11, 5, 12], "texture": "#8"}
			}
		},
		{
			"name": "hexadecagon",
			"from": [9.96283, 18, 7.12421],
			"to": [10.16283, 18.2, 8.71551],
			"rotation": {"angle": 0, "axis": "y", "origin": [6.13783, 7.1, 7.96986]},
			"faces": {
				"north": {"uv": [3, 11, 5, 12], "texture": "#8"},
				"east": {"uv": [3, 11, 5, 12], "texture": "#8"},
				"south": {"uv": [3, 11, 5, 12], "texture": "#8"},
				"west": {"uv": [3, 11, 5, 12], "texture": "#8"},
				"up": {"uv": [3, 11, 5, 12], "texture": "#8"},
				"down": {"uv": [3, 11, 5, 12], "texture": "#8"}
			}
		},
		{
			"name": "hexadecagon",
			"from": [9.98006, 18, 7.13759],
			"to": [10.18006, 18.2, 8.72889],
			"rotation": {"angle": 22.5, "axis": "y", "origin": [6.13783, 7.1, 7.96986]},
			"faces": {
				"north": {"uv": [3, 11, 5, 12], "texture": "#8"},
				"east": {"uv": [3, 11, 5, 12], "texture": "#8"},
				"south": {"uv": [3, 11, 5, 12], "texture": "#8"},
				"west": {"uv": [3, 11, 5, 12], "texture": "#8"},
				"up": {"uv": [3, 11, 5, 12], "texture": "#8"},
				"down": {"uv": [3, 11, 5, 12], "texture": "#8"}
			}
		},
		{
			"name": "hexadecagon",
			"from": [5.44702, 18, 4.04003],
			"to": [6.97864, 18.1999, 11.74003],
			"rotation": {"angle": -45, "axis": "y", "origin": [6.21283, 7.1, 7.89003]},
			"faces": {
				"north": {"uv": [3, 4, 5, 5], "texture": "#8"},
				"east": {"uv": [3, 4, 5, 5], "texture": "#8"},
				"south": {"uv": [3, 4, 5, 5], "texture": "#8"},
				"west": {"uv": [3, 4, 5, 5], "texture": "#8"},
				"up": {"uv": [3, 4, 5, 5], "texture": "#8"},
				"down": {"uv": [3, 4, 5, 5], "texture": "#8"}
			}
		},
		{
			"name": "hexadecagon",
			"from": [5.44702, 18, 4.04003],
			"to": [6.97864, 18.1999, 11.74003],
			"rotation": {"angle": -22.5, "axis": "y", "origin": [6.21283, 7.1, 7.89003]},
			"faces": {
				"north": {"uv": [3, 4, 5, 5], "texture": "#8"},
				"east": {"uv": [3, 4, 5, 5], "texture": "#8"},
				"south": {"uv": [3, 4, 5, 5], "texture": "#8"},
				"west": {"uv": [3, 4, 5, 5], "texture": "#8"},
				"up": {"uv": [3, 4, 5, 5], "texture": "#8"},
				"down": {"uv": [3, 4, 5, 5], "texture": "#8"}
			}
		},
		{
			"name": "hexadecagon",
			"from": [5.44702, 18, 4.04003],
			"to": [6.97864, 18.1999, 11.74003],
			"rotation": {"angle": 0, "axis": "y", "origin": [6.21283, 7.1, 7.89003]},
			"faces": {
				"north": {"uv": [3, 4, 5, 5], "texture": "#8"},
				"east": {"uv": [3, 4, 5, 5], "texture": "#8"},
				"south": {"uv": [3, 4, 5, 5], "texture": "#8"},
				"west": {"uv": [3, 4, 5, 5], "texture": "#8"},
				"up": {"uv": [3, 4, 5, 5], "texture": "#8"},
				"down": {"uv": [3, 4, 5, 5], "texture": "#8"}
			}
		},
		{
			"name": "hexadecagon",
			"from": [5.44702, 18, 4.04003],
			"to": [6.97864, 18.1999, 11.74003],
			"rotation": {"angle": 22.5, "axis": "y", "origin": [6.21283, 7.1, 7.89003]},
			"faces": {
				"north": {"uv": [3, 4, 5, 5], "texture": "#8"},
				"east": {"uv": [3, 4, 5, 5], "texture": "#8"},
				"south": {"uv": [3, 4, 5, 5], "texture": "#8"},
				"west": {"uv": [3, 4, 5, 5], "texture": "#8"},
				"up": {"uv": [3, 4, 5, 5], "texture": "#8"},
				"down": {"uv": [3, 4, 5, 5], "texture": "#8"}
			}
		},
		{
			"name": "hexadecagon",
			"from": [5.44702, 18, 4.04003],
			"to": [6.97864, 18.1999, 11.74003],
			"rotation": {"angle": 45, "axis": "y", "origin": [6.21283, 7.1, 7.89003]},
			"faces": {
				"north": {"uv": [3, 4, 5, 5], "texture": "#8"},
				"east": {"uv": [3, 4, 5, 5], "texture": "#8"},
				"south": {"uv": [3, 4, 5, 5], "texture": "#8"},
				"west": {"uv": [3, 4, 5, 5], "texture": "#8"},
				"up": {"uv": [3, 4, 5, 5], "texture": "#8"},
				"down": {"uv": [3, 4, 5, 5], "texture": "#8"}
			}
		},
		{
			"name": "hexadecagon",
			"from": [2.36283, 18, 7.12421],
			"to": [10.06283, 18.1999, 8.65584],
			"rotation": {"angle": -22.5, "axis": "y", "origin": [6.21283, 7.1, 7.89003]},
			"faces": {
				"north": {"uv": [3, 4, 5, 5], "texture": "#8"},
				"east": {"uv": [3, 4, 5, 5], "texture": "#8"},
				"south": {"uv": [3, 4, 5, 5], "texture": "#8"},
				"west": {"uv": [3, 4, 5, 5], "texture": "#8"},
				"up": {"uv": [3, 4, 5, 5], "texture": "#8"},
				"down": {"uv": [3, 4, 5, 5], "texture": "#8"}
			}
		},
		{
			"name": "hexadecagon",
			"from": [2.36283, 18, 7.12421],
			"to": [10.06283, 18.1999, 8.65584],
			"rotation": {"angle": 0, "axis": "y", "origin": [6.21283, 7.1, 7.89003]},
			"faces": {
				"north": {"uv": [3, 4, 5, 5], "texture": "#8"},
				"east": {"uv": [3, 4, 5, 5], "texture": "#8"},
				"south": {"uv": [3, 4, 5, 5], "texture": "#8"},
				"west": {"uv": [3, 4, 5, 5], "texture": "#8"},
				"up": {"uv": [3, 4, 5, 5], "texture": "#8"},
				"down": {"uv": [3, 4, 5, 5], "texture": "#8"}
			}
		},
		{
			"name": "hexadecagon",
			"from": [2.36283, 18, 7.12421],
			"to": [10.06283, 18.1999, 8.65584],
			"rotation": {"angle": 22.5, "axis": "y", "origin": [6.21283, 7.1, 7.89003]},
			"faces": {
				"north": {"uv": [3, 4, 5, 5], "texture": "#8", "cullface": "up"},
				"east": {"uv": [3, 4, 5, 5], "texture": "#8", "cullface": "up"},
				"south": {"uv": [3, 4, 5, 5], "texture": "#8", "cullface": "up"},
				"west": {"uv": [3, 4, 5, 5], "texture": "#8", "cullface": "up"},
				"up": {"uv": [3, 4, 5, 5], "texture": "#8", "cullface": "up"},
				"down": {"uv": [3, 4, 5, 5], "texture": "#8", "cullface": "up"}
			}
		},
		{
			"name": "hexadecagon",
			"from": [6.37581, 17.9, 7.6844],
			"to": [6.97254, 18.225, 10.6844],
			"rotation": {"angle": -45, "axis": "y", "origin": [8, 8, 8]},
			"faces": {
				"north": {"uv": [6, 6, 8, 7], "texture": "#8"},
				"east": {"uv": [6, 6, 8, 7], "texture": "#8"},
				"south": {"uv": [6, 6, 8, 7], "texture": "#8"},
				"west": {"uv": [6, 6, 8, 7], "texture": "#8"},
				"up": {"uv": [6, 6, 8, 7], "texture": "#8"},
				"down": {"uv": [6, 6, 8, 7], "texture": "#8"}
			}
		},
		{
			"name": "hexadecagon",
			"from": [6.02348, 17.9, 7.08688],
			"to": [6.62021, 18.225, 10.08688],
			"rotation": {"angle": -22.5, "axis": "y", "origin": [8, 8, 8]},
			"faces": {
				"north": {"uv": [6, 6, 8, 7], "texture": "#8"},
				"east": {"uv": [6, 6, 8, 7], "texture": "#8"},
				"south": {"uv": [6, 6, 8, 7], "texture": "#8"},
				"west": {"uv": [6, 6, 8, 7], "texture": "#8"},
				"up": {"uv": [6, 6, 8, 7], "texture": "#8"},
				"down": {"uv": [6, 6, 8, 7], "texture": "#8"}
			}
		},
		{
			"name": "hexadecagon",
			"from": [5.92663, 17.9, 6.4],
			"to": [6.52337, 18.225, 9.4],
			"faces": {
				"north": {"uv": [6, 6, 8, 7], "texture": "#8"},
				"east": {"uv": [6, 6, 8, 7], "texture": "#8"},
				"south": {"uv": [6, 6, 8, 7], "texture": "#8"},
				"west": {"uv": [6, 6, 8, 7], "texture": "#8"},
				"up": {"uv": [6, 6, 8, 7], "texture": "#8"},
				"down": {"uv": [6, 6, 8, 7], "texture": "#8"}
			}
		},
		{
			"name": "hexadecagon",
			"from": [6.10001, 17.9, 5.72835],
			"to": [6.69675, 18.225, 8.72835],
			"rotation": {"angle": 22.5, "axis": "y", "origin": [8, 8, 8]},
			"faces": {
				"north": {"uv": [6, 6, 8, 7], "texture": "#8"},
				"east": {"uv": [6, 6, 8, 7], "texture": "#8"},
				"south": {"uv": [6, 6, 8, 7], "texture": "#8"},
				"west": {"uv": [6, 6, 8, 7], "texture": "#8"},
				"up": {"uv": [6, 6, 8, 7], "texture": "#8"},
				"down": {"uv": [6, 6, 8, 7], "texture": "#8"}
			}
		},
		{
			"name": "hexadecagon",
			"from": [6.51723, 17.9, 5.17417],
			"to": [7.11396, 18.225, 8.17417],
			"rotation": {"angle": 45, "axis": "y", "origin": [8, 8, 8]},
			"faces": {
				"north": {"uv": [6, 6, 8, 7], "texture": "#8"},
				"east": {"uv": [6, 6, 8, 7], "texture": "#8"},
				"south": {"uv": [6, 6, 8, 7], "texture": "#8"},
				"west": {"uv": [6, 6, 8, 7], "texture": "#8"},
				"up": {"uv": [6, 6, 8, 7], "texture": "#8"},
				"down": {"uv": [6, 6, 8, 7], "texture": "#8"}
			}
		},
		{
			"name": "hexadecagon",
			"from": [4.82185, 17.9, 8.28851],
			"to": [7.82185, 18.225, 8.88524],
			"rotation": {"angle": -22.5, "axis": "y", "origin": [8, 8, 8]},
			"faces": {
				"north": {"uv": [6, 6, 8, 7], "texture": "#8"},
				"east": {"uv": [6, 6, 8, 7], "texture": "#8"},
				"south": {"uv": [6, 6, 8, 7], "texture": "#8"},
				"west": {"uv": [6, 6, 8, 7], "texture": "#8"},
				"up": {"uv": [6, 6, 8, 7], "texture": "#8"},
				"down": {"uv": [6, 6, 8, 7], "texture": "#8"}
			}
		},
		{
			"name": "hexadecagon",
			"from": [4.725, 17.9, 7.60163],
			"to": [7.725, 18.225, 8.19837],
			"faces": {
				"north": {"uv": [6, 6, 8, 7], "texture": "#8"},
				"east": {"uv": [6, 6, 8, 7], "texture": "#8"},
				"south": {"uv": [6, 6, 8, 7], "texture": "#8"},
				"west": {"uv": [6, 6, 8, 7], "texture": "#8"},
				"up": {"uv": [6, 6, 8, 7], "texture": "#8"},
				"down": {"uv": [6, 6, 8, 7], "texture": "#8"}
			}
		},
		{
			"name": "hexadecagon",
			"from": [4.89838, 17.9, 6.92998],
			"to": [7.89838, 18.225, 7.52672],
			"rotation": {"angle": 22.5, "axis": "y", "origin": [8, 8, 8]},
			"faces": {
				"north": {"uv": [6, 6, 8, 7], "texture": "#8"},
				"east": {"uv": [6, 6, 8, 7], "texture": "#8"},
				"south": {"uv": [6, 6, 8, 7], "texture": "#8"},
				"west": {"uv": [6, 6, 8, 7], "texture": "#8"},
				"up": {"uv": [6, 6, 8, 7], "texture": "#8"},
				"down": {"uv": [6, 6, 8, 7], "texture": "#8"}
			}
		},
		{
			"name": "hexadecagon",
			"from": [5.67417, 17.5, 14.1442],
			"to": [5.87309, 18.175, 15.1442],
			"rotation": {"angle": -45, "axis": "y", "origin": [7.09946, 7.6, 9.5]},
			"faces": {
				"north": {"uv": [0, 0, 1, 1], "texture": "#6"},
				"east": {"uv": [0, 0, 1, 1], "texture": "#6"},
				"south": {"uv": [0, 0, 1, 1], "texture": "#6"},
				"west": {"uv": [0, 0, 1, 1], "texture": "#6"},
				"up": {"uv": [0, 0, 1, 1], "texture": "#6"},
				"down": {"uv": [0, 0, 1, 1], "texture": "#6"}
			}
		},
		{
			"name": "hexadecagon",
			"from": [3.49946, 16.95, 13.10054],
			"to": [4.27446, 17.625, 13.29946],
			"rotation": {"angle": 0, "axis": "y", "origin": [3.52446, 17.8375, 12.2]},
			"faces": {
				"north": {"uv": [8, 0, 9, 1], "rotation": 90, "texture": "#top"},
				"east": {"uv": [8, 0, 9, 1], "rotation": 90, "texture": "#top"},
				"south": {"uv": [8, 0, 9, 1], "rotation": 90, "texture": "#top"},
				"west": {"uv": [8, 0, 9, 1], "rotation": 90, "texture": "#top"},
				"up": {"uv": [8, 0, 9, 1], "rotation": 90, "texture": "#top"},
				"down": {"uv": [8, 0, 9, 1], "rotation": 90, "texture": "#top"}
			}
		},
		{
			"name": "hexadecagon",
			"from": [4.37446, 16.95, 13.10054],
			"to": [5.12446, 17.625, 13.29946],
			"rotation": {"angle": 0, "axis": "y", "origin": [3.52446, 17.8375, 12.2]},
			"faces": {
				"north": {"uv": [8, 0, 9, 1], "rotation": 90, "texture": "#top"},
				"east": {"uv": [8, 0, 9, 1], "rotation": 90, "texture": "#top"},
				"south": {"uv": [8, 0, 9, 1], "rotation": 90, "texture": "#top"},
				"west": {"uv": [8, 0, 9, 1], "rotation": 90, "texture": "#top"},
				"up": {"uv": [8, 0, 9, 1], "rotation": 90, "texture": "#top"},
				"down": {"uv": [8, 0, 9, 1], "rotation": 90, "texture": "#top"}
			}
		},
		{
			"name": "hexadecagon",
			"from": [3.8065, 17.5, 13.24525],
			"to": [4.00541, 18.175, 14.24525],
			"rotation": {"angle": -22.5, "axis": "y", "origin": [7.09946, 7.6, 9.5]},
			"faces": {
				"north": {"uv": [0, 0, 1, 1], "texture": "#6"},
				"east": {"uv": [0, 0, 1, 1], "texture": "#6"},
				"south": {"uv": [0, 0, 1, 1], "texture": "#6"},
				"west": {"uv": [0, 0, 1, 1], "texture": "#6"},
				"up": {"uv": [0, 0, 1, 1], "texture": "#6"},
				"down": {"uv": [0, 0, 1, 1], "texture": "#6"}
			}
		},
		{
			"name": "hexadecagon",
			"from": [2.425, 17.5, 11.7],
			"to": [2.62391, 18.175, 12.7],
			"rotation": {"angle": 0, "axis": "y", "origin": [7.09946, 7.6, 9.5]},
			"faces": {
				"north": {"uv": [0, 0, 1, 1], "texture": "#6"},
				"east": {"uv": [0, 0, 1, 1], "texture": "#6"},
				"south": {"uv": [0, 0, 1, 1], "texture": "#6"},
				"west": {"uv": [0, 0, 1, 1], "texture": "#6"},
				"up": {"uv": [0, 0, 1, 1], "texture": "#6"},
				"down": {"uv": [0, 0, 1, 1], "texture": "#6"}
			}
		},
		{
			"name": "hexadecagon",
			"from": [6.37925, 17.9, 7.17617],
			"to": [6.47925, 18.35, 7.29791],
			"rotation": {"angle": 22.5, "axis": "y", "origin": [8, 8, 8]},
			"faces": {
				"north": {"uv": [7, 3, 9, 7], "texture": "#9"},
				"east": {"uv": [7, 3, 9, 7], "texture": "#9"},
				"south": {"uv": [7, 3, 9, 7], "texture": "#9"},
				"west": {"uv": [7, 3, 9, 7], "texture": "#9"},
				"up": {"uv": [7, 3, 9, 7], "texture": "#9"},
				"down": {"uv": [7, 3, 9, 7], "texture": "#9"}
			}
		},
		{
			"name": "hexadecagon",
			"from": [1.74001, 17.5, 9.7437],
			"to": [1.93892, 18.175, 10.7437],
			"rotation": {"angle": 22.5, "axis": "y", "origin": [7.09946, 7.6, 9.5]},
			"faces": {
				"north": {"uv": [0, 0, 1, 1], "texture": "#6"},
				"east": {"uv": [0, 0, 1, 1], "texture": "#6"},
				"south": {"uv": [0, 0, 1, 1], "texture": "#6"},
				"west": {"uv": [0, 0, 1, 1], "texture": "#6"},
				"up": {"uv": [0, 0, 1, 1], "texture": "#6"},
				"down": {"uv": [0, 0, 1, 1], "texture": "#6"}
			}
		},
		{
			"name": "hexadecagon",
			"from": [1.8558, 17.5, 7.67417],
			"to": [2.05471, 18.175, 8.67417],
			"rotation": {"angle": 45, "axis": "y", "origin": [7.09946, 7.6, 9.5]},
			"faces": {
				"north": {"uv": [0, 0, 1, 1], "texture": "#6"},
				"east": {"uv": [0, 0, 1, 1], "texture": "#6"},
				"south": {"uv": [0, 0, 1, 1], "texture": "#6"},
				"west": {"uv": [0, 0, 1, 1], "texture": "#6"},
				"up": {"uv": [0, 0, 1, 1], "texture": "#6"},
				"down": {"uv": [0, 0, 1, 1], "texture": "#6"}
			}
		},
		{
			"name": "hexadecagon",
			"from": [3.40595, 17.5, 13.6458],
			"to": [4.40595, 18.175, 13.84471],
			"rotation": {"angle": -22.5, "axis": "y", "origin": [7.09946, 7.6, 9.5]},
			"faces": {
				"north": {"uv": [0, 0, 1, 1], "texture": "#6"},
				"east": {"uv": [0, 0, 1, 1], "texture": "#6"},
				"south": {"uv": [0, 0, 1, 1], "texture": "#6"},
				"west": {"uv": [0, 0, 1, 1], "texture": "#6"},
				"up": {"uv": [0, 0, 1, 1], "texture": "#6"},
				"down": {"uv": [0, 0, 1, 1], "texture": "#6"}
			}
		},
		{
			"name": "hexadecagon",
			"from": [2.02446, 17.5, 12.10054],
			"to": [3.02446, 18.175, 12.29946],
			"rotation": {"angle": 0, "axis": "y", "origin": [7.09946, 7.6, 9.5]},
			"faces": {
				"north": {"uv": [0, 0, 1, 1], "texture": "#6"},
				"east": {"uv": [0, 0, 1, 1], "texture": "#6"},
				"south": {"uv": [0, 0, 1, 1], "texture": "#6"},
				"west": {"uv": [0, 0, 1, 1], "texture": "#6"},
				"up": {"uv": [0, 0, 1, 1], "texture": "#6"},
				"down": {"uv": [0, 0, 1, 1], "texture": "#6"}
			}
		},
		{
			"name": "hexadecagon",
			"from": [1.33946, 17.5, 10.14424],
			"to": [2.33946, 18.175, 10.34315],
			"rotation": {"angle": 22.5, "axis": "y", "origin": [7.09946, 7.6, 9.5]},
			"faces": {
				"north": {"uv": [0, 0, 1, 1], "texture": "#6"},
				"east": {"uv": [0, 0, 1, 1], "texture": "#6"},
				"south": {"uv": [0, 0, 1, 1], "texture": "#6"},
				"west": {"uv": [0, 0, 1, 1], "texture": "#6"},
				"up": {"uv": [0, 0, 1, 1], "texture": "#6"},
				"down": {"uv": [0, 0, 1, 1], "texture": "#6"}
			}
		},
		{
			"name": "hexadecagon",
			"from": [3.79774, 16.5, 6.70226],
			"to": [4.19556, 17.5, 7.20226],
			"rotation": {"angle": -45, "axis": "y", "origin": [8.69891, 4.6, 3]},
			"faces": {
				"north": {"uv": [0, 0, 1, 1], "texture": "#5"},
				"east": {"uv": [0, 0, 1, 1], "texture": "#5"},
				"south": {"uv": [0, 0, 1, 1], "texture": "#5"},
				"west": {"uv": [0, 0, 1, 1], "texture": "#5"},
				"up": {"uv": [0, 0, 1, 1], "texture": "#5"},
				"down": {"uv": [0, 0, 1, 1], "texture": "#5"}
			}
		},
		{
			"name": "hexadecagon",
			"from": [2.3562, 16.5, 4.54484],
			"to": [2.75403, 17.5, 5.04484],
			"rotation": {"angle": -22.5, "axis": "y", "origin": [8.69891, 4.6, 3]},
			"faces": {
				"north": {"uv": [0, 0, 1, 1], "texture": "#5"},
				"east": {"uv": [0, 0, 1, 1], "texture": "#5"},
				"south": {"uv": [0, 0, 1, 1], "texture": "#5"},
				"west": {"uv": [0, 0, 1, 1], "texture": "#5"},
				"up": {"uv": [0, 0, 1, 1], "texture": "#5"},
				"down": {"uv": [0, 0, 1, 1], "texture": "#5"}
			}
		},
		{
			"name": "hexadecagon",
			"from": [1.85, 16.5, 2],
			"to": [2.24782, 17.5, 2.5],
			"rotation": {"angle": 0, "axis": "y", "origin": [8.69891, 4.6, 3]},
			"faces": {
				"north": {"uv": [0, 0, 1, 1], "texture": "#5"},
				"east": {"uv": [0, 0, 1, 1], "texture": "#5"},
				"south": {"uv": [0, 0, 1, 1], "texture": "#5"},
				"west": {"uv": [0, 0, 1, 1], "texture": "#5"},
				"up": {"uv": [0, 0, 1, 1], "texture": "#5"},
				"down": {"uv": [0, 0, 1, 1], "texture": "#5"}
			}
		},
		{
			"name": "hexadecagon",
			"from": [2.3562, 16.5, -0.54484],
			"to": [2.75403, 17.5, -0.04484],
			"rotation": {"angle": 22.5, "axis": "y", "origin": [8.69891, 4.6, 3]},
			"faces": {
				"north": {"uv": [0, 0, 1, 1], "texture": "#5"},
				"east": {"uv": [0, 0, 1, 1], "texture": "#5"},
				"south": {"uv": [0, 0, 1, 1], "texture": "#5"},
				"west": {"uv": [0, 0, 1, 1], "texture": "#5"},
				"up": {"uv": [0, 0, 1, 1], "texture": "#5"},
				"down": {"uv": [0, 0, 1, 1], "texture": "#5"}
			}
		},
		{
			"name": "hexadecagon",
			"from": [3.79774, 16.5, -2.70226],
			"to": [4.19556, 17.5, -2.20226],
			"rotation": {"angle": 45, "axis": "y", "origin": [8.69891, 4.6, 3]},
			"faces": {
				"north": {"uv": [0, 0, 1, 1], "texture": "#5"},
				"east": {"uv": [0, 0, 1, 1], "texture": "#5"},
				"south": {"uv": [0, 0, 1, 1], "texture": "#5"},
				"west": {"uv": [0, 0, 1, 1], "texture": "#5"},
				"up": {"uv": [0, 0, 1, 1], "texture": "#5"},
				"down": {"uv": [0, 0, 1, 1], "texture": "#5"}
			}
		},
		{
			"name": "hexadecagon",
			"from": [3.79774, 16.5, 8.20226],
			"to": [4.19556, 17.5, 8.70226],
			"rotation": {"angle": -45, "axis": "y", "origin": [8.69891, 4.6, 3]},
			"faces": {
				"north": {"uv": [0, 0, 1, 1], "texture": "#5"},
				"east": {"uv": [0, 0, 1, 1], "texture": "#5"},
				"south": {"uv": [0, 0, 1, 1], "texture": "#5"},
				"west": {"uv": [0, 0, 1, 1], "texture": "#5"},
				"up": {"uv": [0, 0, 1, 1], "texture": "#5"},
				"down": {"uv": [0, 0, 1, 1], "texture": "#5"}
			}
		},
		{
			"name": "hexadecagon",
			"from": [2.3562, 16.5, 6.04484],
			"to": [2.75403, 17.5, 6.54484],
			"rotation": {"angle": -22.5, "axis": "y", "origin": [8.69891, 4.6, 3]},
			"faces": {
				"north": {"uv": [0, 0, 1, 1], "texture": "#5"},
				"east": {"uv": [0, 0, 1, 1], "texture": "#5"},
				"south": {"uv": [0, 0, 1, 1], "texture": "#5"},
				"west": {"uv": [0, 0, 1, 1], "texture": "#5"},
				"up": {"uv": [0, 0, 1, 1], "texture": "#5"},
				"down": {"uv": [0, 0, 1, 1], "texture": "#5"}
			}
		},
		{
			"name": "hexadecagon",
			"from": [1.85, 16.5, 3.5],
			"to": [2.24782, 17.5, 4],
			"rotation": {"angle": 0, "axis": "y", "origin": [8.69891, 4.6, 3]},
			"faces": {
				"north": {"uv": [0, 0, 1, 1], "texture": "#5"},
				"east": {"uv": [0, 0, 1, 1], "texture": "#5"},
				"south": {"uv": [0, 0, 1, 1], "texture": "#5"},
				"west": {"uv": [0, 0, 1, 1], "texture": "#5"},
				"up": {"uv": [0, 0, 1, 1], "texture": "#5"},
				"down": {"uv": [0, 0, 1, 1], "texture": "#5"}
			}
		},
		{
			"name": "hexadecagon",
			"from": [2.3562, 16.5, 0.95516],
			"to": [2.75403, 17.5, 1.45516],
			"rotation": {"angle": 22.5, "axis": "y", "origin": [8.69891, 4.6, 3]},
			"faces": {
				"north": {"uv": [0, 0, 1, 1], "texture": "#5"},
				"east": {"uv": [0, 0, 1, 1], "texture": "#5"},
				"south": {"uv": [0, 0, 1, 1], "texture": "#5"},
				"west": {"uv": [0, 0, 1, 1], "texture": "#5"},
				"up": {"uv": [0, 0, 1, 1], "texture": "#5"},
				"down": {"uv": [0, 0, 1, 1], "texture": "#5"}
			}
		},
		{
			"name": "hexadecagon",
			"from": [3.79774, 16.5, -1.20226],
			"to": [4.19556, 17.5, -0.70226],
			"rotation": {"angle": 45, "axis": "y", "origin": [8.69891, 4.6, 3]},
			"faces": {
				"north": {"uv": [0, 0, 1, 1], "texture": "#5"},
				"east": {"uv": [0, 0, 1, 1], "texture": "#5"},
				"south": {"uv": [0, 0, 1, 1], "texture": "#5"},
				"west": {"uv": [0, 0, 1, 1], "texture": "#5"},
				"up": {"uv": [0, 0, 1, 1], "texture": "#5"},
				"down": {"uv": [0, 0, 1, 1], "texture": "#5"}
			}
		},
		{
			"name": "hexadecagon",
			"from": [1.55511, 16.5, 5.34593],
			"to": [2.05511, 17.5, 5.74376],
			"rotation": {"angle": -22.5, "axis": "y", "origin": [8.69891, 4.6, 3]},
			"faces": {
				"north": {"uv": [0, 0, 1, 1], "texture": "#5"},
				"east": {"uv": [0, 0, 1, 1], "texture": "#5"},
				"south": {"uv": [0, 0, 1, 1], "texture": "#5"},
				"west": {"uv": [0, 0, 1, 1], "texture": "#5"},
				"up": {"uv": [0, 0, 1, 1], "texture": "#5"},
				"down": {"uv": [0, 0, 1, 1], "texture": "#5"}
			}
		},
		{
			"name": "hexadecagon",
			"from": [1.04891, 16.5, 2.80109],
			"to": [1.54891, 17.5, 3.19891],
			"rotation": {"angle": 0, "axis": "y", "origin": [8.69891, 4.6, 3]},
			"faces": {
				"north": {"uv": [0, 0, 1, 1], "texture": "#5"},
				"east": {"uv": [0, 0, 1, 1], "texture": "#5"},
				"south": {"uv": [0, 0, 1, 1], "texture": "#5"},
				"west": {"uv": [0, 0, 1, 1], "texture": "#5"},
				"up": {"uv": [0, 0, 1, 1], "texture": "#5"},
				"down": {"uv": [0, 0, 1, 1], "texture": "#5"}
			}
		},
		{
			"name": "hexadecagon",
			"from": [1.55511, 16.5, 0.25624],
			"to": [2.05511, 17.5, 0.65407],
			"rotation": {"angle": 22.5, "axis": "y", "origin": [8.69891, 4.6, 3]},
			"faces": {
				"north": {"uv": [0, 0, 1, 1], "texture": "#5"},
				"east": {"uv": [0, 0, 1, 1], "texture": "#5"},
				"south": {"uv": [0, 0, 1, 1], "texture": "#5"},
				"west": {"uv": [0, 0, 1, 1], "texture": "#5"},
				"up": {"uv": [0, 0, 1, 1], "texture": "#5"},
				"down": {"uv": [0, 0, 1, 1], "texture": "#5"}
			}
		},
		{
			"name": "hexadecagon",
			"from": [3.05511, 16.5, 5.34593],
			"to": [3.55511, 17.5, 5.74376],
			"rotation": {"angle": -22.5, "axis": "y", "origin": [8.69891, 4.6, 3]},
			"faces": {
				"north": {"uv": [0, 0, 1, 1], "texture": "#5"},
				"east": {"uv": [0, 0, 1, 1], "texture": "#5"},
				"south": {"uv": [0, 0, 1, 1], "texture": "#5"},
				"west": {"uv": [0, 0, 1, 1], "texture": "#5"},
				"up": {"uv": [0, 0, 1, 1], "texture": "#5"},
				"down": {"uv": [0, 0, 1, 1], "texture": "#5"}
			}
		},
		{
			"name": "hexadecagon",
			"from": [2.54891, 16.5, 2.80109],
			"to": [3.04891, 17.5, 3.19891],
			"rotation": {"angle": 0, "axis": "y", "origin": [8.69891, 4.6, 3]},
			"faces": {
				"north": {"uv": [0, 0, 1, 1], "texture": "#5"},
				"east": {"uv": [0, 0, 1, 1], "texture": "#5"},
				"south": {"uv": [0, 0, 1, 1], "texture": "#5"},
				"west": {"uv": [0, 0, 1, 1], "texture": "#5"},
				"up": {"uv": [0, 0, 1, 1], "texture": "#5"},
				"down": {"uv": [0, 0, 1, 1], "texture": "#5"}
			}
		},
		{
			"name": "hexadecagon",
			"from": [3.05511, 16.5, 0.25624],
			"to": [3.55511, 17.5, 0.65407],
			"rotation": {"angle": 22.5, "axis": "y", "origin": [8.69891, 4.6, 3]},
			"faces": {
				"north": {"uv": [0, 0, 1, 1], "texture": "#5"},
				"east": {"uv": [0, 0, 1, 1], "texture": "#5"},
				"south": {"uv": [0, 0, 1, 1], "texture": "#5"},
				"west": {"uv": [0, 0, 1, 1], "texture": "#5"},
				"up": {"uv": [0, 0, 1, 1], "texture": "#5"},
				"down": {"uv": [0, 0, 1, 1], "texture": "#5"}
			}
		},
		{
			"from": [13.225, 17.25, 10.425],
			"to": [13.65, 17.375, 10.775],
			"faces": {
				"north": {"uv": [0, 0, 14, 1], "texture": "#4"},
				"east": {"uv": [0, 0, 12, 1], "texture": "#4"},
				"south": {"uv": [0, 0, 14, 1], "texture": "#4"},
				"west": {"uv": [0, 0, 12, 1], "texture": "#4"},
				"up": {"uv": [3, 0, 4, 1], "texture": "#4"},
				"down": {"uv": [0, 0, 14, 12], "texture": "#4"}
			}
		},
		{
			"name": "hexadecagon",
			"from": [0.18756, 16.9, 8.32175],
			"to": [0.3268, 17.5, 9.02175],
			"rotation": {"angle": -45, "axis": "y", "origin": [8, 8, 8]},
			"faces": {
				"north": {"uv": [0, 0, 1, 1], "texture": "#6"},
				"east": {"uv": [0, 0, 1, 1], "texture": "#6"},
				"south": {"uv": [0, 0, 1, 1], "texture": "#6"},
				"west": {"uv": [0, 0, 1, 1], "texture": "#6"},
				"up": {"uv": [0, 0, 1, 1], "texture": "#6"},
				"down": {"uv": [0, 0, 1, 1], "texture": "#6"}
			}
		},
		{
			"name": "hexadecagon",
			"from": [0.51988, 16.9, 5.30757],
			"to": [0.65912, 17.5, 6.00757],
			"rotation": {"angle": -22.5, "axis": "y", "origin": [8, 8, 8]},
			"faces": {
				"north": {"uv": [0, 0, 1, 1], "texture": "#6"},
				"east": {"uv": [0, 0, 1, 1], "texture": "#6"},
				"south": {"uv": [0, 0, 1, 1], "texture": "#6"},
				"west": {"uv": [0, 0, 1, 1], "texture": "#6"},
				"up": {"uv": [0, 0, 1, 1], "texture": "#6"},
				"down": {"uv": [0, 0, 1, 1], "texture": "#6"}
			}
		},
		{
			"name": "hexadecagon",
			"from": [1.98038, 16.9, 2.65],
			"to": [2.11962, 17.5, 3.35],
			"faces": {
				"north": {"uv": [0, 0, 1, 1], "texture": "#6"},
				"east": {"uv": [0, 0, 1, 1], "texture": "#6"},
				"south": {"uv": [0, 0, 1, 1], "texture": "#6"},
				"west": {"uv": [0, 0, 1, 1], "texture": "#6"},
				"up": {"uv": [0, 0, 1, 1], "texture": "#6"},
				"down": {"uv": [0, 0, 1, 1], "texture": "#6"}
			}
		},
		{
			"name": "hexadecagon",
			"from": [4.34672, 16.9, 0.75364],
			"to": [4.48596, 17.5, 1.45364],
			"rotation": {"angle": 22.5, "axis": "y", "origin": [8, 8, 8]},
			"faces": {
				"north": {"uv": [0, 0, 1, 1], "texture": "#6"},
				"east": {"uv": [0, 0, 1, 1], "texture": "#6"},
				"south": {"uv": [0, 0, 1, 1], "texture": "#6"},
				"west": {"uv": [0, 0, 1, 1], "texture": "#6"},
				"up": {"uv": [0, 0, 1, 1], "texture": "#6"},
				"down": {"uv": [0, 0, 1, 1], "texture": "#6"}
			}
		},
		{
			"name": "hexadecagon",
			"from": [7.25863, 16.9, -0.09282],
			"to": [7.39787, 17.5, 0.60718],
			"rotation": {"angle": 45, "axis": "y", "origin": [8, 8, 8]},
			"faces": {
				"north": {"uv": [0, 0, 1, 1], "texture": "#6"},
				"east": {"uv": [0, 0, 1, 1], "texture": "#6"},
				"south": {"uv": [0, 0, 1, 1], "texture": "#6"},
				"west": {"uv": [0, 0, 1, 1], "texture": "#6"},
				"up": {"uv": [0, 0, 1, 1], "texture": "#6"},
				"down": {"uv": [0, 0, 1, 1], "texture": "#6"}
			}
		},
		{
			"name": "hexadecagon",
			"from": [0.2395, 16.9, 5.58795],
			"to": [0.9395, 17.5, 5.72719],
			"rotation": {"angle": -22.5, "axis": "y", "origin": [8, 8, 8]},
			"faces": {
				"north": {"uv": [0, 0, 1, 1], "texture": "#6"},
				"east": {"uv": [0, 0, 1, 1], "texture": "#6"},
				"south": {"uv": [0, 0, 1, 1], "texture": "#6"},
				"west": {"uv": [0, 0, 1, 1], "texture": "#6"},
				"up": {"uv": [0, 0, 1, 1], "texture": "#6"},
				"down": {"uv": [0, 0, 1, 1], "texture": "#6"}
			}
		},
		{
			"name": "hexadecagon",
			"from": [1.7, 16.9, 2.93038],
			"to": [2.4, 17.5, 3.06962],
			"faces": {
				"north": {"uv": [0, 0, 1, 1], "texture": "#6"},
				"east": {"uv": [0, 0, 1, 1], "texture": "#6"},
				"south": {"uv": [0, 0, 1, 1], "texture": "#6"},
				"west": {"uv": [0, 0, 1, 1], "texture": "#6"},
				"up": {"uv": [0, 0, 1, 1], "texture": "#6"},
				"down": {"uv": [0, 0, 1, 1], "texture": "#6"}
			}
		},
		{
			"name": "hexadecagon",
			"from": [4.06634, 16.9, 1.03402],
			"to": [4.76634, 17.5, 1.17326],
			"rotation": {"angle": 22.5, "axis": "y", "origin": [8, 8, 8]},
			"faces": {
				"north": {"uv": [0, 0, 1, 1], "texture": "#6"},
				"east": {"uv": [0, 0, 1, 1], "texture": "#6"},
				"south": {"uv": [0, 0, 1, 1], "texture": "#6"},
				"west": {"uv": [0, 0, 1, 1], "texture": "#6"},
				"up": {"uv": [0, 0, 1, 1], "texture": "#6"},
				"down": {"uv": [0, 0, 1, 1], "texture": "#6"}
			}
		},
		{
			"name": "hexadecagon",
			"from": [12.57742, 17.5, 1.22093],
			"to": [13.27362, 17.7, 4.72093],
			"rotation": {"angle": -45, "axis": "y", "origin": [10.0087, 3.85, 3.48358]},
			"faces": {
				"north": {"uv": [0, 0, 1, 1], "texture": "#6"},
				"east": {"uv": [0, 0, 1, 1], "texture": "#6"},
				"south": {"uv": [0, 0, 1, 1], "texture": "#6"},
				"west": {"uv": [0, 0, 1, 1], "texture": "#6"},
				"up": {"uv": [0, 0, 1, 1], "texture": "#6"},
				"down": {"uv": [0, 0, 1, 1], "texture": "#6"}
			}
		},
		{
			"name": "hexadecagon",
			"from": [12.55158, 17.5, 2.37617],
			"to": [13.24777, 17.7, 5.87617],
			"rotation": {"angle": -22.5, "axis": "y", "origin": [10.0087, 3.85, 3.48358]},
			"faces": {
				"north": {"uv": [0, 0, 1, 1], "texture": "#6"},
				"east": {"uv": [0, 0, 1, 1], "texture": "#6"},
				"south": {"uv": [0, 0, 1, 1], "texture": "#6"},
				"west": {"uv": [0, 0, 1, 1], "texture": "#6"},
				"up": {"uv": [0, 0, 1, 1], "texture": "#6"},
				"down": {"uv": [0, 0, 1, 1], "texture": "#6"}
			}
		},
		{
			"name": "hexadecagon",
			"from": [12.08561, 17.5, 3.43358],
			"to": [12.7818, 17.7, 6.93358],
			"rotation": {"angle": 0, "axis": "y", "origin": [10.0087, 3.85, 3.48358]},
			"faces": {
				"north": {"uv": [0, 0, 1, 1], "texture": "#6"},
				"east": {"uv": [0, 0, 1, 1], "texture": "#6"},
				"south": {"uv": [0, 0, 1, 1], "texture": "#6"},
				"west": {"uv": [0, 0, 1, 1], "texture": "#6"},
				"up": {"uv": [0, 0, 1, 1], "texture": "#6"},
				"down": {"uv": [0, 0, 1, 1], "texture": "#6"}
			}
		},
		{
			"name": "hexadecagon",
			"from": [11.25045, 17.5, 4.23218],
			"to": [11.94665, 17.7, 7.73218],
			"rotation": {"angle": 22.5, "axis": "y", "origin": [10.0087, 3.85, 3.48358]},
			"faces": {
				"north": {"uv": [0, 0, 1, 1], "texture": "#6"},
				"east": {"uv": [0, 0, 1, 1], "texture": "#6"},
				"south": {"uv": [0, 0, 1, 1], "texture": "#6"},
				"west": {"uv": [0, 0, 1, 1], "texture": "#6"},
				"up": {"uv": [0, 0, 1, 1], "texture": "#6"},
				"down": {"uv": [0, 0, 1, 1], "texture": "#6"}
			}
		},
		{
			"name": "hexadecagon",
			"from": [10.17326, 17.5, 4.65039],
			"to": [10.86945, 17.7, 8.15039],
			"rotation": {"angle": 45, "axis": "y", "origin": [10.0087, 3.85, 3.48358]},
			"faces": {
				"north": {"uv": [0, 0, 1, 1], "texture": "#6"},
				"east": {"uv": [0, 0, 1, 1], "texture": "#6"},
				"south": {"uv": [0, 0, 1, 1], "texture": "#6"},
				"west": {"uv": [0, 0, 1, 1], "texture": "#6"},
				"up": {"uv": [0, 0, 1, 1], "texture": "#6"},
				"down": {"uv": [0, 0, 1, 1], "texture": "#6"}
			}
		},
		{
			"name": "hexadecagon",
			"from": [11.14967, 17.5, 3.77807],
			"to": [14.64967, 17.7, 4.47426],
			"rotation": {"angle": -22.5, "axis": "y", "origin": [10.0087, 3.85, 3.48358]},
			"faces": {
				"north": {"uv": [0, 0, 1, 1], "texture": "#6"},
				"east": {"uv": [0, 0, 1, 1], "texture": "#6"},
				"south": {"uv": [0, 0, 1, 1], "texture": "#6"},
				"west": {"uv": [0, 0, 1, 1], "texture": "#6"},
				"up": {"uv": [0, 0, 1, 1], "texture": "#6"},
				"down": {"uv": [0, 0, 1, 1], "texture": "#6"}
			}
		},
		{
			"name": "hexadecagon",
			"from": [10.6837, 17.5, 4.83548],
			"to": [14.1837, 17.7, 5.53168],
			"rotation": {"angle": 0, "axis": "y", "origin": [10.0087, 3.85, 3.48358]},
			"faces": {
				"north": {"uv": [0, 0, 1, 1], "texture": "#6"},
				"east": {"uv": [0, 0, 1, 1], "texture": "#6"},
				"south": {"uv": [0, 0, 1, 1], "texture": "#6"},
				"west": {"uv": [0, 0, 1, 1], "texture": "#6"},
				"up": {"uv": [0, 0, 1, 1], "texture": "#6"},
				"down": {"uv": [0, 0, 1, 1], "texture": "#6"}
			}
		},
		{
			"name": "hexadecagon",
			"from": [9.84855, 17.5, 5.63408],
			"to": [13.34855, 17.7, 6.33028],
			"rotation": {"angle": 22.5, "axis": "y", "origin": [10.0087, 3.85, 3.48358]},
			"faces": {
				"north": {"uv": [0, 0, 1, 1], "texture": "#6"},
				"east": {"uv": [0, 0, 1, 1], "texture": "#6"},
				"south": {"uv": [0, 0, 1, 1], "texture": "#6"},
				"west": {"uv": [0, 0, 1, 1], "texture": "#6"},
				"up": {"uv": [0, 0, 1, 1], "texture": "#6"},
				"down": {"uv": [0, 0, 1, 1], "texture": "#6"}
			}
		},
		{
			"name": "hexadecagon",
			"from": [8.38382, 17.7, 1.72369],
			"to": [8.8811, 18, 4.22369],
			"rotation": {"angle": -45, "axis": "y", "origin": [7.83697, 6.05, 8.68358]},
			"faces": {
				"north": {"uv": [0, 0, 1, 1], "texture": "#top"},
				"east": {"uv": [0, 0, 1, 1], "texture": "#top"},
				"south": {"uv": [0, 0, 1, 1], "texture": "#top"},
				"west": {"uv": [0, 0, 1, 1], "texture": "#top"},
				"up": {"uv": [0, 0, 1, 1], "texture": "#top"},
				"down": {"uv": [0, 0, 1, 1], "texture": "#top"}
			}
		},
		{
			"name": "hexadecagon",
			"from": [10.50835, 17.7, 2.46275],
			"to": [11.00563, 18, 4.96275],
			"rotation": {"angle": -22.5, "axis": "y", "origin": [7.83697, 6.05, 8.68358]},
			"faces": {
				"north": {"uv": [0, 0, 1, 1], "texture": "#top"},
				"east": {"uv": [0, 0, 1, 1], "texture": "#top"},
				"south": {"uv": [0, 0, 1, 1], "texture": "#top"},
				"west": {"uv": [0, 0, 1, 1], "texture": "#top"},
				"up": {"uv": [0, 0, 1, 1], "texture": "#top"},
				"down": {"uv": [0, 0, 1, 1], "texture": "#top"}
			}
		},
		{
			"name": "hexadecagon",
			"from": [12.18833, 17.7, 3.95858],
			"to": [12.68561, 18, 6.45858],
			"rotation": {"angle": 0, "axis": "y", "origin": [7.83697, 6.05, 8.68358]},
			"faces": {
				"north": {"uv": [0, 0, 1, 1], "texture": "#top"},
				"east": {"uv": [0, 0, 1, 1], "texture": "#top"},
				"south": {"uv": [0, 0, 1, 1], "texture": "#top"},
				"west": {"uv": [0, 0, 1, 1], "texture": "#top"},
				"up": {"uv": [0, 0, 1, 1], "texture": "#top"},
				"down": {"uv": [0, 0, 1, 1], "texture": "#top"}
			}
		},
		{
			"name": "hexadecagon",
			"from": [13.168, 17.7, 5.98344],
			"to": [13.66528, 18, 8.48344],
			"rotation": {"angle": 22.5, "axis": "y", "origin": [7.83697, 6.05, 8.68358]},
			"faces": {
				"north": {"uv": [0, 0, 1, 1], "texture": "#top"},
				"east": {"uv": [0, 0, 1, 1], "texture": "#top"},
				"south": {"uv": [0, 0, 1, 1], "texture": "#top"},
				"west": {"uv": [0, 0, 1, 1], "texture": "#top"},
				"up": {"uv": [0, 0, 1, 1], "texture": "#top"},
				"down": {"uv": [0, 0, 1, 1], "texture": "#top"}
			}
		},
		{
			"name": "hexadecagon",
			"from": [13.29821, 17.7, 8.22907],
			"to": [13.7955, 18, 10.72907],
			"rotation": {"angle": 45, "axis": "y", "origin": [7.83697, 6.05, 8.68358]},
			"faces": {
				"north": {"uv": [0, 0, 1, 1], "texture": "#top"},
				"east": {"uv": [0, 0, 1, 1], "texture": "#top"},
				"south": {"uv": [0, 0, 1, 1], "texture": "#top"},
				"west": {"uv": [0, 0, 1, 1], "texture": "#top"},
				"up": {"uv": [0, 0, 1, 1], "texture": "#top"},
				"down": {"uv": [0, 0, 1, 1], "texture": "#top"}
			}
		},
		{
			"name": "hexadecagon",
			"from": [9.50699, 17.7, 3.46411],
			"to": [12.00699, 18, 3.96139],
			"rotation": {"angle": -22.5, "axis": "y", "origin": [7.83697, 6.05, 8.68358]},
			"faces": {
				"north": {"uv": [0, 0, 1, 1], "texture": "#top"},
				"east": {"uv": [0, 0, 1, 1], "texture": "#top"},
				"south": {"uv": [0, 0, 1, 1], "texture": "#top"},
				"west": {"uv": [0, 0, 1, 1], "texture": "#top"},
				"up": {"uv": [0, 0, 1, 1], "texture": "#top"},
				"down": {"uv": [0, 0, 1, 1], "texture": "#top"}
			}
		},
		{
			"name": "hexadecagon",
			"from": [11.18697, 17.7, 4.95994],
			"to": [13.68697, 18, 5.45722],
			"rotation": {"angle": 0, "axis": "y", "origin": [7.83697, 6.05, 8.68358]},
			"faces": {
				"north": {"uv": [0, 0, 1, 1], "texture": "#top"},
				"east": {"uv": [0, 0, 1, 1], "texture": "#top"},
				"south": {"uv": [0, 0, 1, 1], "texture": "#top"},
				"west": {"uv": [0, 0, 1, 1], "texture": "#top"},
				"up": {"uv": [0, 0, 1, 1], "texture": "#top"},
				"down": {"uv": [0, 0, 1, 1], "texture": "#top"}
			}
		},
		{
			"name": "hexadecagon",
			"from": [12.16664, 17.7, 6.9848],
			"to": [14.66664, 18, 7.48208],
			"rotation": {"angle": 22.5, "axis": "y", "origin": [7.83697, 6.05, 8.68358]},
			"faces": {
				"north": {"uv": [0, 0, 1, 1], "texture": "#top"},
				"east": {"uv": [0, 0, 1, 1], "texture": "#top"},
				"south": {"uv": [0, 0, 1, 1], "texture": "#top"},
				"west": {"uv": [0, 0, 1, 1], "texture": "#top"},
				"up": {"uv": [0, 0, 1, 1], "texture": "#top"},
				"down": {"uv": [0, 0, 1, 1], "texture": "#top"}
			}
		},
		{
			"name": "hexadecagon",
			"from": [10.00506, 17.7, 4.32501],
			"to": [10.10451, 18, 4.82501],
			"rotation": {"angle": -45, "axis": "y", "origin": [8.56986, 5.85, 8.07519]},
			"faces": {
				"north": {"uv": [0, 0, 1, 1], "texture": "#top"},
				"east": {"uv": [0, 0, 1, 1], "texture": "#top"},
				"south": {"uv": [0, 0, 1, 1], "texture": "#top"},
				"west": {"uv": [0, 0, 1, 1], "texture": "#top"},
				"up": {"uv": [0, 0, 1, 1], "texture": "#top"},
				"down": {"uv": [0, 0, 1, 1], "texture": "#top"}
			}
		},
		{
			"name": "hexadecagon",
			"from": [11.23148, 17.7, 5.1597],
			"to": [11.33094, 18, 5.6597],
			"rotation": {"angle": -22.5, "axis": "y", "origin": [8.56986, 5.85, 8.07519]},
			"faces": {
				"north": {"uv": [0, 0, 1, 1], "texture": "#top"},
				"east": {"uv": [0, 0, 1, 1], "texture": "#top"},
				"south": {"uv": [0, 0, 1, 1], "texture": "#top"},
				"west": {"uv": [0, 0, 1, 1], "texture": "#top"},
				"up": {"uv": [0, 0, 1, 1], "texture": "#top"},
				"down": {"uv": [0, 0, 1, 1], "texture": "#top"}
			}
		},
		{
			"name": "hexadecagon",
			"from": [12.04513, 17.7, 6.40019],
			"to": [12.14459, 18, 6.90019],
			"rotation": {"angle": 0, "axis": "y", "origin": [8.56986, 5.85, 8.07519]},
			"faces": {
				"north": {"uv": [0, 0, 1, 1], "texture": "#top"},
				"east": {"uv": [0, 0, 1, 1], "texture": "#top"},
				"south": {"uv": [0, 0, 1, 1], "texture": "#top"},
				"west": {"uv": [0, 0, 1, 1], "texture": "#top"},
				"up": {"uv": [0, 0, 1, 1], "texture": "#top"},
				"down": {"uv": [0, 0, 1, 1], "texture": "#top"}
			}
		},
		{
			"name": "hexadecagon",
			"from": [12.32213, 17.7, 7.85762],
			"to": [12.42159, 18, 8.35762],
			"rotation": {"angle": 22.5, "axis": "y", "origin": [8.56986, 5.85, 8.07519]},
			"faces": {
				"north": {"uv": [0, 0, 1, 1], "texture": "#top"},
				"east": {"uv": [0, 0, 1, 1], "texture": "#top"},
				"south": {"uv": [0, 0, 1, 1], "texture": "#top"},
				"west": {"uv": [0, 0, 1, 1], "texture": "#top"},
				"up": {"uv": [0, 0, 1, 1], "texture": "#top"},
				"down": {"uv": [0, 0, 1, 1], "texture": "#top"}
			}
		},
		{
			"name": "hexadecagon",
			"from": [12.02031, 17.7, 9.31012],
			"to": [12.11977, 18, 9.81012],
			"rotation": {"angle": 45, "axis": "y", "origin": [8.56986, 5.85, 8.07519]},
			"faces": {
				"north": {"uv": [0, 0, 1, 1], "texture": "#top"},
				"east": {"uv": [0, 0, 1, 1], "texture": "#top"},
				"south": {"uv": [0, 0, 1, 1], "texture": "#top"},
				"west": {"uv": [0, 0, 1, 1], "texture": "#top"},
				"up": {"uv": [0, 0, 1, 1], "texture": "#top"},
				"down": {"uv": [0, 0, 1, 1], "texture": "#top"}
			}
		},
		{
			"name": "hexadecagon",
			"from": [12.24513, 17.7, 6.22519],
			"to": [12.34459, 18, 6.72519],
			"rotation": {"angle": 0, "axis": "y", "origin": [12.09486, 17.85, 6.65019]},
			"faces": {
				"north": {"uv": [0, 0, 1, 1], "texture": "#top"},
				"east": {"uv": [0, 0, 1, 1], "texture": "#top"},
				"south": {"uv": [0, 0, 1, 1], "texture": "#top"},
				"west": {"uv": [0, 0, 1, 1], "texture": "#top"},
				"up": {"uv": [0, 0, 1, 1], "texture": "#top"},
				"down": {"uv": [0, 0, 1, 1], "texture": "#top"}
			}
		},
		{
			"name": "hexadecagon",
			"from": [11.84513, 17.7, 6.22519],
			"to": [12.04459, 18, 6.72519],
			"rotation": {"angle": 0, "axis": "y", "origin": [12.09486, 17.85, 6.65019]},
			"faces": {
				"north": {"uv": [0, 0, 1, 1], "texture": "#top"},
				"east": {"uv": [0, 0, 1, 1], "texture": "#top"},
				"south": {"uv": [0, 0, 1, 1], "texture": "#top"},
				"west": {"uv": [0, 0, 1, 1], "texture": "#top"},
				"up": {"uv": [0, 0, 1, 1], "texture": "#top"},
				"down": {"uv": [0, 0, 1, 1], "texture": "#top"}
			}
		},
		{
			"name": "hexadecagon",
			"from": [11.03121, 17.7, 5.35998],
			"to": [11.53121, 18, 5.45943],
			"rotation": {"angle": -22.5, "axis": "y", "origin": [8.56986, 5.85, 8.07519]},
			"faces": {
				"north": {"uv": [0, 0, 1, 1], "texture": "#top"},
				"east": {"uv": [0, 0, 1, 1], "texture": "#top"},
				"south": {"uv": [0, 0, 1, 1], "texture": "#top"},
				"west": {"uv": [0, 0, 1, 1], "texture": "#top"},
				"up": {"uv": [0, 0, 1, 1], "texture": "#top"},
				"down": {"uv": [0, 0, 1, 1], "texture": "#top"}
			}
		},
		{
			"name": "hexadecagon",
			"from": [11.84486, 17.7, 6.60046],
			"to": [12.34486, 18, 6.69992],
			"rotation": {"angle": 0, "axis": "y", "origin": [8.56986, 5.85, 8.07519]},
			"faces": {
				"north": {"uv": [0, 0, 1, 1], "texture": "#top"},
				"east": {"uv": [0, 0, 1, 1], "texture": "#top"},
				"south": {"uv": [0, 0, 1, 1], "texture": "#top"},
				"west": {"uv": [0, 0, 1, 1], "texture": "#top"},
				"up": {"uv": [0, 0, 1, 1], "texture": "#top"},
				"down": {"uv": [0, 0, 1, 1], "texture": "#top"}
			}
		},
		{
			"name": "hexadecagon",
			"from": [12.12186, 17.7, 8.05789],
			"to": [12.62186, 18, 8.15735],
			"rotation": {"angle": 22.5, "axis": "y", "origin": [8.56986, 5.85, 8.07519]},
			"faces": {
				"north": {"uv": [0, 0, 1, 1], "texture": "#top"},
				"east": {"uv": [0, 0, 1, 1], "texture": "#top"},
				"south": {"uv": [0, 0, 1, 1], "texture": "#top"},
				"west": {"uv": [0, 0, 1, 1], "texture": "#top"},
				"up": {"uv": [0, 0, 1, 1], "texture": "#top"},
				"down": {"uv": [0, 0, 1, 1], "texture": "#top"}
			}
		},
		{
			"name": "hexadecagon",
			"from": [14.20158, 17.7, 4.88219],
			"to": [14.32093, 18, 5.48219],
			"rotation": {"angle": -45, "axis": "y", "origin": [14.01377, 5.85, 4.58115]},
			"faces": {
				"north": {"uv": [0, 0, 1, 1], "texture": "#top"},
				"east": {"uv": [0, 0, 1, 1], "texture": "#top"},
				"south": {"uv": [0, 0, 1, 1], "texture": "#top"},
				"west": {"uv": [0, 0, 1, 1], "texture": "#top"},
				"up": {"uv": [0, 0, 1, 1], "texture": "#top"},
				"down": {"uv": [0, 0, 1, 1], "texture": "#top"}
			}
		},
		{
			"name": "hexadecagon",
			"from": [13.95273, 17.7, 4.93115],
			"to": [14.07208, 18, 5.53115],
			"rotation": {"angle": -22.5, "axis": "y", "origin": [14.01377, 5.85, 4.58115]},
			"faces": {
				"north": {"uv": [0, 0, 1, 1], "texture": "#top"},
				"east": {"uv": [0, 0, 1, 1], "texture": "#top"},
				"south": {"uv": [0, 0, 1, 1], "texture": "#top"},
				"west": {"uv": [0, 0, 1, 1], "texture": "#top"},
				"up": {"uv": [0, 0, 1, 1], "texture": "#top"},
				"down": {"uv": [0, 0, 1, 1], "texture": "#top"}
			}
		},
		{
			"name": "hexadecagon",
			"from": [13.70409, 17.7, 4.88115],
			"to": [13.82344, 18, 5.48115],
			"rotation": {"angle": 0, "axis": "y", "origin": [14.01377, 5.85, 4.58115]},
			"faces": {
				"north": {"uv": [0, 0, 1, 1], "texture": "#top"},
				"east": {"uv": [0, 0, 1, 1], "texture": "#top"},
				"south": {"uv": [0, 0, 1, 1], "texture": "#top"},
				"west": {"uv": [0, 0, 1, 1], "texture": "#top"},
				"up": {"uv": [0, 0, 1, 1], "texture": "#top"},
				"down": {"uv": [0, 0, 1, 1], "texture": "#top"}
			}
		},
		{
			"name": "hexadecagon",
			"from": [13.49351, 17.7, 4.73981],
			"to": [13.61286, 18, 5.33981],
			"rotation": {"angle": 22.5, "axis": "y", "origin": [14.01377, 5.85, 4.58115]},
			"faces": {
				"north": {"uv": [0, 0, 1, 1], "texture": "#top"},
				"east": {"uv": [0, 0, 1, 1], "texture": "#top"},
				"south": {"uv": [0, 0, 1, 1], "texture": "#top"},
				"west": {"uv": [0, 0, 1, 1], "texture": "#top"},
				"up": {"uv": [0, 0, 1, 1], "texture": "#top"},
				"down": {"uv": [0, 0, 1, 1], "texture": "#top"}
			}
		},
		{
			"name": "hexadecagon",
			"from": [13.35305, 17.7, 4.52864],
			"to": [13.4724, 18, 5.12864],
			"rotation": {"angle": 45, "axis": "y", "origin": [14.01377, 5.85, 4.58115]},
			"faces": {
				"north": {"uv": [0, 0, 1, 1], "texture": "#top"},
				"east": {"uv": [0, 0, 1, 1], "texture": "#top"},
				"south": {"uv": [0, 0, 1, 1], "texture": "#top"},
				"west": {"uv": [0, 0, 1, 1], "texture": "#top"},
				"up": {"uv": [0, 0, 1, 1], "texture": "#top"},
				"down": {"uv": [0, 0, 1, 1], "texture": "#top"}
			}
		},
		{
			"name": "hexadecagon",
			"from": [13.71241, 17.7, 5.17148],
			"to": [14.31241, 18, 5.29083],
			"rotation": {"angle": -22.5, "axis": "y", "origin": [14.01377, 5.85, 4.58115]},
			"faces": {
				"north": {"uv": [0, 0, 1, 1], "texture": "#top"},
				"east": {"uv": [0, 0, 1, 1], "texture": "#top"},
				"south": {"uv": [0, 0, 1, 1], "texture": "#top"},
				"west": {"uv": [0, 0, 1, 1], "texture": "#top"},
				"up": {"uv": [0, 0, 1, 1], "texture": "#top"},
				"down": {"uv": [0, 0, 1, 1], "texture": "#top"}
			}
		},
		{
			"name": "hexadecagon",
			"from": [13.46377, 17.7, 5.12148],
			"to": [14.06377, 18, 5.24083],
			"rotation": {"angle": 0, "axis": "y", "origin": [14.01377, 5.85, 4.58115]},
			"faces": {
				"north": {"uv": [0, 0, 1, 1], "texture": "#top"},
				"east": {"uv": [0, 0, 1, 1], "texture": "#top"},
				"south": {"uv": [0, 0, 1, 1], "texture": "#top"},
				"west": {"uv": [0, 0, 1, 1], "texture": "#top"},
				"up": {"uv": [0, 0, 1, 1], "texture": "#top"},
				"down": {"uv": [0, 0, 1, 1], "texture": "#top"}
			}
		},
		{
			"name": "hexadecagon",
			"from": [13.25319, 17.7, 4.98014],
			"to": [13.85319, 18, 5.09948],
			"rotation": {"angle": 22.5, "axis": "y", "origin": [14.01377, 5.85, 4.58115]},
			"faces": {
				"north": {"uv": [0, 0, 1, 1], "texture": "#top"},
				"east": {"uv": [0, 0, 1, 1], "texture": "#top"},
				"south": {"uv": [0, 0, 1, 1], "texture": "#top"},
				"west": {"uv": [0, 0, 1, 1], "texture": "#top"},
				"up": {"uv": [0, 0, 1, 1], "texture": "#top"},
				"down": {"uv": [0, 0, 1, 1], "texture": "#top"}
			}
		},
		{
			"name": "hexadecagon",
			"from": [13.62998, 18, 4.96297],
			"to": [13.72944, 18.15, 5.46297],
			"rotation": {"angle": -45, "axis": "y", "origin": [13.7681, 5.15, 5.30136]},
			"faces": {
				"north": {"uv": [0, 0, 1, 1], "texture": "#top"},
				"east": {"uv": [0, 0, 1, 1], "texture": "#top"},
				"south": {"uv": [0, 0, 1, 1], "texture": "#top"},
				"west": {"uv": [0, 0, 1, 1], "texture": "#top"},
				"up": {"uv": [0, 0, 1, 1], "texture": "#top"},
				"down": {"uv": [0, 0, 1, 1], "texture": "#top"}
			}
		},
		{
			"name": "hexadecagon",
			"from": [13.67053, 18, 4.93588],
			"to": [13.76999, 18.15, 5.43588],
			"rotation": {"angle": -22.5, "axis": "y", "origin": [13.7681, 5.15, 5.30136]},
			"faces": {
				"north": {"uv": [0, 0, 1, 1], "texture": "#top"},
				"east": {"uv": [0, 0, 1, 1], "texture": "#top"},
				"south": {"uv": [0, 0, 1, 1], "texture": "#top"},
				"west": {"uv": [0, 0, 1, 1], "texture": "#top"},
				"up": {"uv": [0, 0, 1, 1], "texture": "#top"},
				"down": {"uv": [0, 0, 1, 1], "texture": "#top"}
			}
		},
		{
			"name": "hexadecagon",
			"from": [13.71837, 18, 4.92636],
			"to": [13.81782, 18.15, 5.42636],
			"rotation": {"angle": 0, "axis": "y", "origin": [13.7681, 5.15, 5.30136]},
			"faces": {
				"north": {"uv": [0, 0, 1, 1], "texture": "#top"},
				"east": {"uv": [0, 0, 1, 1], "texture": "#top"},
				"south": {"uv": [0, 0, 1, 1], "texture": "#top"},
				"west": {"uv": [0, 0, 1, 1], "texture": "#top"},
				"up": {"uv": [0, 0, 1, 1], "texture": "#top"},
				"down": {"uv": [0, 0, 1, 1], "texture": "#top"}
			}
		},
		{
			"name": "hexadecagon",
			"from": [13.7662, 18, 4.93588],
			"to": [13.86566, 18.15, 5.43588],
			"rotation": {"angle": 22.5, "axis": "y", "origin": [13.7681, 5.15, 5.30136]},
			"faces": {
				"north": {"uv": [0, 0, 1, 1], "texture": "#top"},
				"east": {"uv": [0, 0, 1, 1], "texture": "#top"},
				"south": {"uv": [0, 0, 1, 1], "texture": "#top"},
				"west": {"uv": [0, 0, 1, 1], "texture": "#top"},
				"up": {"uv": [0, 0, 1, 1], "texture": "#top"},
				"down": {"uv": [0, 0, 1, 1], "texture": "#top"}
			}
		},
		{
			"name": "hexadecagon",
			"from": [13.80676, 18, 4.96297],
			"to": [13.90621, 18.15, 5.46297],
			"rotation": {"angle": 45, "axis": "y", "origin": [13.7681, 5.15, 5.30136]},
			"faces": {
				"north": {"uv": [0, 0, 1, 1], "texture": "#top"},
				"east": {"uv": [0, 0, 1, 1], "texture": "#top"},
				"south": {"uv": [0, 0, 1, 1], "texture": "#top"},
				"west": {"uv": [0, 0, 1, 1], "texture": "#top"},
				"up": {"uv": [0, 0, 1, 1], "texture": "#top"},
				"down": {"uv": [0, 0, 1, 1], "texture": "#top"}
			}
		},
		{
			"name": "hexadecagon",
			"from": [13.47026, 18, 5.13615],
			"to": [13.97026, 18.15, 5.23561],
			"rotation": {"angle": -22.5, "axis": "y", "origin": [13.7681, 5.15, 5.30136]},
			"faces": {
				"north": {"uv": [0, 0, 1, 1], "texture": "#top"},
				"east": {"uv": [0, 0, 1, 1], "texture": "#top"},
				"south": {"uv": [0, 0, 1, 1], "texture": "#top"},
				"west": {"uv": [0, 0, 1, 1], "texture": "#top"},
				"up": {"uv": [0, 0, 1, 1], "texture": "#top"},
				"down": {"uv": [0, 0, 1, 1], "texture": "#top"}
			}
		},
		{
			"name": "hexadecagon",
			"from": [13.5181, 18, 5.12663],
			"to": [14.0181, 18.15, 5.22609],
			"rotation": {"angle": 0, "axis": "y", "origin": [13.7681, 5.15, 5.30136]},
			"faces": {
				"north": {"uv": [0, 0, 1, 1], "texture": "#top"},
				"east": {"uv": [0, 0, 1, 1], "texture": "#top"},
				"south": {"uv": [0, 0, 1, 1], "texture": "#top"},
				"west": {"uv": [0, 0, 1, 1], "texture": "#top"},
				"up": {"uv": [0, 0, 1, 1], "texture": "#top"},
				"down": {"uv": [0, 0, 1, 1], "texture": "#top"}
			}
		},
		{
			"name": "hexadecagon",
			"from": [13.56593, 18, 5.13615],
			"to": [14.06593, 18.15, 5.23561],
			"rotation": {"angle": 22.5, "axis": "y", "origin": [13.7681, 5.15, 5.30136]},
			"faces": {
				"north": {"uv": [0, 0, 1, 1], "texture": "#top"},
				"east": {"uv": [0, 0, 1, 1], "texture": "#top"},
				"south": {"uv": [0, 0, 1, 1], "texture": "#top"},
				"west": {"uv": [0, 0, 1, 1], "texture": "#top"},
				"up": {"uv": [0, 0, 1, 1], "texture": "#top"},
				"down": {"uv": [0, 0, 1, 1], "texture": "#top"}
			}
		},
		{
			"name": "hexadecagon",
			"from": [10.53121, 18, 1.86335],
			"to": [10.76991, 18.475, 3.06335],
			"rotation": {"angle": -45, "axis": "y", "origin": [8.17569, 4.75, 5.99888]},
			"faces": {
				"north": {"uv": [0, 0, 1, 1], "texture": "#5", "cullface": "up"},
				"east": {"uv": [0, 0, 1, 1], "texture": "#5"},
				"south": {"uv": [0, 0, 1, 1], "texture": "#5", "cullface": "up"},
				"west": {"uv": [0, 0, 1, 1], "texture": "#5"},
				"up": {"uv": [0, 0, 1, 1], "texture": "#5", "cullface": "up"},
				"down": {"uv": [0, 0, 1, 1], "texture": "#5", "cullface": "up"}
			}
		},
		{
			"name": "hexadecagon",
			"from": [11.69582, 18, 3.07957],
			"to": [11.93451, 18.475, 4.27957],
			"rotation": {"angle": -22.5, "axis": "y", "origin": [8.17569, 4.75, 5.99888]},
			"faces": {
				"north": {"uv": [0, 0, 1, 1], "texture": "#5", "cullface": "up"},
				"east": {"uv": [0, 0, 1, 1], "texture": "#5"},
				"south": {"uv": [0, 0, 1, 1], "texture": "#5", "cullface": "up"},
				"west": {"uv": [0, 0, 1, 1], "texture": "#5"},
				"up": {"uv": [0, 0, 1, 1], "texture": "#5", "cullface": "up"},
				"down": {"uv": [0, 0, 1, 1], "texture": "#5", "cullface": "up"}
			}
		},
		{
			"name": "hexadecagon",
			"from": [12.30634, 18, 4.64888],
			"to": [12.54504, 18.475, 5.84888],
			"rotation": {"angle": 0, "axis": "y", "origin": [8.17569, 4.75, 5.99888]},
			"faces": {
				"north": {"uv": [0, 0, 1, 1], "texture": "#5", "cullface": "up"},
				"east": {"uv": [0, 0, 1, 1], "texture": "#5"},
				"south": {"uv": [0, 0, 1, 1], "texture": "#5", "cullface": "up"},
				"west": {"uv": [0, 0, 1, 1], "texture": "#5"},
				"up": {"uv": [0, 0, 1, 1], "texture": "#5", "cullface": "up"},
				"down": {"uv": [0, 0, 1, 1], "texture": "#5", "cullface": "up"}
			}
		},
		{
			"name": "hexadecagon",
			"from": [12.26984, 18, 6.33237],
			"to": [12.50854, 18.475, 7.53237],
			"rotation": {"angle": 22.5, "axis": "y", "origin": [8.17569, 4.75, 5.99888]},
			"faces": {
				"north": {"uv": [0, 0, 1, 1], "texture": "#5", "cullface": "up"},
				"east": {"uv": [0, 0, 1, 1], "texture": "#5"},
				"south": {"uv": [0, 0, 1, 1], "texture": "#5", "cullface": "up"},
				"west": {"uv": [0, 0, 1, 1], "texture": "#5"},
				"up": {"uv": [0, 0, 1, 1], "texture": "#5", "cullface": "up"},
				"down": {"uv": [0, 0, 1, 1], "texture": "#5", "cullface": "up"}
			}
		},
		{
			"name": "hexadecagon",
			"from": [11.59187, 18, 7.87375],
			"to": [11.83057, 18.475, 9.07375],
			"rotation": {"angle": 45, "axis": "y", "origin": [8.17569, 4.75, 5.99888]},
			"faces": {
				"north": {"uv": [0, 0, 1, 1], "texture": "#5", "cullface": "up"},
				"east": {"uv": [0, 0, 1, 1], "texture": "#5"},
				"south": {"uv": [0, 0, 1, 1], "texture": "#5", "cullface": "up"},
				"west": {"uv": [0, 0, 1, 1], "texture": "#5"},
				"up": {"uv": [0, 0, 1, 1], "texture": "#5", "cullface": "up"},
				"down": {"uv": [0, 0, 1, 1], "texture": "#5", "cullface": "up"}
			}
		},
		{
			"name": "hexadecagon",
			"from": [11.21516, 18, 3.56022],
			"to": [12.41516, 18.475, 3.79891],
			"rotation": {"angle": -22.5, "axis": "y", "origin": [8.17569, 4.75, 5.99888]},
			"faces": {
				"north": {"uv": [0, 0, 1, 1], "texture": "#5"},
				"east": {"uv": [0, 0, 1, 1], "texture": "#5", "cullface": "up"},
				"south": {"uv": [0, 0, 1, 1], "texture": "#5"},
				"west": {"uv": [0, 0, 1, 1], "texture": "#5", "cullface": "up"},
				"up": {"uv": [0, 0, 1, 1], "texture": "#5", "cullface": "up"},
				"down": {"uv": [0, 0, 1, 1], "texture": "#5", "cullface": "up"}
			}
		},
		{
			"name": "hexadecagon",
			"from": [11.82569, 18, 5.12953],
			"to": [13.02569, 18.475, 5.36823],
			"rotation": {"angle": 0, "axis": "y", "origin": [8.17569, 4.75, 5.99888]},
			"faces": {
				"north": {"uv": [0, 0, 1, 1], "texture": "#5"},
				"east": {"uv": [0, 0, 1, 1], "texture": "#5", "cullface": "up"},
				"south": {"uv": [0, 0, 1, 1], "texture": "#5"},
				"west": {"uv": [0, 0, 1, 1], "texture": "#5", "cullface": "up"},
				"up": {"uv": [0, 0, 1, 1], "texture": "#5", "cullface": "up"},
				"down": {"uv": [0, 0, 1, 1], "texture": "#5", "cullface": "up"}
			}
		},
		{
			"name": "hexadecagon",
			"from": [11.78919, 18, 6.81303],
			"to": [12.98919, 18.475, 7.05172],
			"rotation": {"angle": 22.5, "axis": "y", "origin": [8.17569, 4.75, 5.99888]},
			"faces": {
				"north": {"uv": [0, 0, 1, 1], "texture": "#5"},
				"east": {"uv": [0, 0, 1, 1], "texture": "#5", "cullface": "up"},
				"south": {"uv": [0, 0, 1, 1], "texture": "#5"},
				"west": {"uv": [0, 0, 1, 1], "texture": "#5", "cullface": "up"},
				"up": {"uv": [0, 0, 1, 1], "texture": "#5", "cullface": "up"},
				"down": {"uv": [0, 0, 1, 1], "texture": "#5", "cullface": "up"}
			}
		},
		{
			"name": "hexadecagon",
			"from": [12.28358, 18.425, 4.87831],
			"to": [12.50239, 18.75, 5.97831],
			"rotation": {"angle": -45, "axis": "y", "origin": [12.62279, 6.75, 5.37527]},
			"faces": {
				"north": {"uv": [0, 0, 1, 1], "texture": "#6"},
				"east": {"uv": [0, 0, 1, 1], "texture": "#6"},
				"south": {"uv": [0, 0, 1, 1], "texture": "#6"},
				"west": {"uv": [0, 0, 1, 1], "texture": "#6"},
				"up": {"uv": [0, 0, 1, 1], "texture": "#6"},
				"down": {"uv": [0, 0, 1, 1], "texture": "#6"}
			}
		},
		{
			"name": "hexadecagon",
			"from": [12.24394, 18.225, 5.37328],
			"to": [12.58774, 18.625, 6.19828],
			"rotation": {"angle": -45, "axis": "y", "origin": [12.62279, 6.75, 5.37527]},
			"faces": {
				"north": {"uv": [0, 0, 1, 1], "texture": "#5"},
				"east": {"uv": [0, 0, 1, 1], "texture": "#5"},
				"south": {"uv": [0, 0, 1, 1], "texture": "#5"},
				"west": {"uv": [0, 0, 1, 1], "texture": "#5"},
				"up": {"uv": [0, 0, 1, 1], "texture": "#5"},
				"down": {"uv": [0, 0, 1, 1], "texture": "#5"}
			}
		},
		{
			"name": "hexadecagon",
			"from": [12.26894, 18.35, 6.19828],
			"to": [12.56274, 18.525, 7.12328],
			"rotation": {"angle": -45, "axis": "y", "origin": [12.62279, 6.75, 5.37527]},
			"faces": {
				"north": {"uv": [0, 0, 1, 1], "texture": "#top"},
				"east": {"uv": [0, 0, 1, 1], "texture": "#top"},
				"south": {"uv": [0, 0, 1, 1], "texture": "#top"},
				"west": {"uv": [0, 0, 1, 1], "texture": "#top"},
				"up": {"uv": [0, 0, 1, 1], "texture": "#top"},
				"down": {"uv": [0, 0, 1, 1], "texture": "#top"}
			}
		},
		{
			"name": "hexadecagon",
			"from": [10.94838, 18.35, 6.3821],
			"to": [11.24218, 18.525, 8.9571],
			"rotation": {"angle": -22.5, "axis": "y", "origin": [11.09528, 18.6375, 6.8446]},
			"faces": {
				"north": {"uv": [0, 0, 1, 1], "texture": "#top"},
				"east": {"uv": [0, 0, 1, 1], "texture": "#top"},
				"south": {"uv": [0, 0, 1, 1], "texture": "#top"},
				"west": {"uv": [0, 0, 1, 1], "texture": "#top"},
				"up": {"uv": [0, 0, 1, 1], "texture": "#top"},
				"down": {"uv": [0, 0, 1, 1], "texture": "#top"}
			}
		},
		{
			"name": "hexadecagon",
			"from": [8.6595, 18.35, 8.39844],
			"to": [10.2345, 18.525, 8.69225],
			"rotation": {"angle": 45, "axis": "y", "origin": [10.522, 18.6375, 8.54534]},
			"faces": {
				"north": {"uv": [0, 0, 1, 1], "texture": "#top"},
				"east": {"uv": [0, 0, 1, 1], "texture": "#top"},
				"south": {"uv": [0, 0, 1, 1], "texture": "#top"},
				"west": {"uv": [0, 0, 1, 1], "texture": "#top"},
				"up": {"uv": [0, 0, 1, 1], "rotation": 90, "texture": "#top"},
				"down": {"uv": [0, 0, 1, 1], "rotation": 270, "texture": "#top"}
			}
		},
		{
			"name": "hexadecagon",
			"from": [8.1345, 18.35, 8.42344],
			"to": [8.7345, 18.5, 8.66725],
			"rotation": {"angle": 45, "axis": "y", "origin": [10.522, 18.6375, 8.54534]},
			"faces": {
				"north": {"uv": [0, 0, 1, 1], "texture": "#top"},
				"east": {"uv": [0, 0, 1, 1], "texture": "#top"},
				"south": {"uv": [0, 0, 1, 1], "texture": "#top"},
				"west": {"uv": [0, 0, 1, 1], "texture": "#top"},
				"up": {"uv": [0, 0, 1, 1], "rotation": 90, "texture": "#top"},
				"down": {"uv": [0, 0, 1, 1], "rotation": 270, "texture": "#top"}
			}
		},
		{
			"name": "hexadecagon",
			"from": [8.1595, 18.25, 8.47344],
			"to": [8.5345, 18.4, 8.61725],
			"rotation": {"angle": 45, "axis": "y", "origin": [10.522, 18.6375, 8.54534]},
			"faces": {
				"north": {"uv": [2, 0, 4, 3], "texture": "#9"},
				"east": {"uv": [2, 0, 4, 3], "texture": "#9"},
				"south": {"uv": [2, 0, 4, 3], "texture": "#9"},
				"west": {"uv": [2, 0, 4, 3], "texture": "#9"},
				"up": {"uv": [2, 0, 4, 3], "texture": "#9"},
				"down": {"uv": [2, 0, 4, 3], "texture": "#9"}
			}
		},
		{
			"name": "hexadecagon",
			"from": [8.2095, 18.2, 8.52344],
			"to": [8.2095, 18.4, 8.54225],
			"rotation": {"angle": 45, "axis": "y", "origin": [10.522, 18.6375, 8.54534]},
			"faces": {
				"north": {"uv": [2, 0, 4, 3], "texture": "#5"},
				"east": {"uv": [2, 0, 4, 3], "texture": "#5"},
				"south": {"uv": [2, 0, 4, 3], "texture": "#5"},
				"west": {"uv": [2, 0, 4, 3], "texture": "#5"},
				"up": {"uv": [2, 0, 4, 3], "texture": "#5"},
				"down": {"uv": [2, 0, 4, 3], "texture": "#5"}
			}
		},
		{
			"name": "hexadecagon",
			"from": [12.26162, 18.325, 4.35959],
			"to": [12.60542, 18.725, 5.08459],
			"rotation": {"angle": -45, "axis": "y", "origin": [12.62279, 6.75, 5.37527]},
			"faces": {
				"north": {"uv": [0, 0, 1, 1], "texture": "#5"},
				"east": {"uv": [0, 0, 1, 1], "texture": "#5"},
				"south": {"uv": [0, 0, 1, 1], "texture": "#5"},
				"west": {"uv": [0, 0, 1, 1], "texture": "#5"},
				"up": {"uv": [0, 0, 1, 1], "texture": "#5"},
				"down": {"uv": [0, 0, 1, 1], "texture": "#5"}
			}
		},
		{
			"name": "hexadecagon",
			"from": [12.13662, 18.225, 4.25248],
			"to": [12.78042, 18.875, 4.35248],
			"rotation": {"angle": -45, "axis": "y", "origin": [12.62279, 6.75, 5.37527]},
			"faces": {
				"north": {"uv": [0, 0, 1, 1], "texture": "#4"},
				"east": {"uv": [0, 0, 1, 1], "texture": "#4"},
				"south": {"uv": [0, 0, 1, 1], "texture": "#4"},
				"west": {"uv": [0, 0, 1, 1], "texture": "#4"},
				"up": {"uv": [0, 0, 1, 1], "texture": "#4"},
				"down": {"uv": [0, 0, 1, 1], "texture": "#4"}
			}
		},
		{
			"name": "hexadecagon",
			"from": [12.13662, 18.225, 3.65248],
			"to": [12.78042, 18.875, 4.25248],
			"rotation": {"angle": -45, "axis": "y", "origin": [12.62279, 6.75, 5.37527]},
			"faces": {
				"north": {"uv": [0, 0, 1, 1], "texture": "#5"},
				"east": {"uv": [0, 0, 1, 1], "texture": "#5"},
				"south": {"uv": [0, 0, 1, 1], "texture": "#5"},
				"west": {"uv": [0, 0, 1, 1], "texture": "#5"},
				"up": {"uv": [0, 0, 1, 1], "texture": "#5"},
				"down": {"uv": [0, 0, 1, 1], "texture": "#5"}
			}
		},
		{
			"name": "hexadecagon",
			"from": [12.28078, 18.425, 4.78633],
			"to": [12.49958, 18.75, 5.88633],
			"rotation": {"angle": -22.5, "axis": "y", "origin": [12.62279, 6.75, 5.37527]},
			"faces": {
				"north": {"uv": [0, 0, 1, 1], "texture": "#6"},
				"east": {"uv": [0, 0, 1, 1], "texture": "#6"},
				"south": {"uv": [0, 0, 1, 1], "texture": "#6"},
				"west": {"uv": [0, 0, 1, 1], "texture": "#6"},
				"up": {"uv": [0, 0, 1, 1], "texture": "#6"},
				"down": {"uv": [0, 0, 1, 1], "texture": "#6"}
			}
		},
		{
			"name": "hexadecagon",
			"from": [12.31339, 18.425, 4.70027],
			"to": [12.5322, 18.75, 5.80027],
			"rotation": {"angle": 0, "axis": "y", "origin": [12.62279, 6.75, 5.37527]},
			"faces": {
				"north": {"uv": [0, 0, 1, 1], "texture": "#6"},
				"east": {"uv": [0, 0, 1, 1], "texture": "#6"},
				"south": {"uv": [0, 0, 1, 1], "texture": "#6"},
				"west": {"uv": [0, 0, 1, 1], "texture": "#6"},
				"up": {"uv": [0, 0, 1, 1], "texture": "#6"},
				"down": {"uv": [0, 0, 1, 1], "texture": "#6"}
			}
		},
		{
			"name": "hexadecagon",
			"from": [12.37645, 18.425, 4.63325],
			"to": [12.59526, 18.75, 5.73325],
			"rotation": {"angle": 22.5, "axis": "y", "origin": [12.62279, 6.75, 5.37527]},
			"faces": {
				"north": {"uv": [0, 0, 1, 1], "texture": "#6"},
				"east": {"uv": [0, 0, 1, 1], "texture": "#6"},
				"south": {"uv": [0, 0, 1, 1], "texture": "#6"},
				"west": {"uv": [0, 0, 1, 1], "texture": "#6"},
				"up": {"uv": [0, 0, 1, 1], "texture": "#6"},
				"down": {"uv": [0, 0, 1, 1], "texture": "#6"}
			}
		},
		{
			"name": "hexadecagon",
			"from": [12.46036, 18.425, 4.59546],
			"to": [12.67916, 18.75, 5.69546],
			"rotation": {"angle": 45, "axis": "y", "origin": [12.62279, 6.75, 5.37527]},
			"faces": {
				"north": {"uv": [0, 0, 1, 1], "texture": "#6"},
				"east": {"uv": [0, 0, 1, 1], "texture": "#6"},
				"south": {"uv": [0, 0, 1, 1], "texture": "#6"},
				"west": {"uv": [0, 0, 1, 1], "texture": "#6"},
				"up": {"uv": [0, 0, 1, 1], "texture": "#6"},
				"down": {"uv": [0, 0, 1, 1], "texture": "#6"}
			}
		},
		{
			"name": "hexadecagon",
			"from": [11.84018, 18.425, 5.22692],
			"to": [12.94018, 18.75, 5.44573],
			"rotation": {"angle": -22.5, "axis": "y", "origin": [12.62279, 6.75, 5.37527]},
			"faces": {
				"north": {"uv": [0, 0, 1, 1], "texture": "#6"},
				"east": {"uv": [0, 0, 1, 1], "texture": "#6"},
				"south": {"uv": [0, 0, 1, 1], "texture": "#6"},
				"west": {"uv": [0, 0, 1, 1], "texture": "#6"},
				"up": {"uv": [0, 0, 1, 1], "texture": "#6"},
				"down": {"uv": [0, 0, 1, 1], "texture": "#6"}
			}
		},
		{
			"name": "hexadecagon",
			"from": [11.87279, 18.425, 5.14087],
			"to": [12.97279, 18.75, 5.35968],
			"rotation": {"angle": 0, "axis": "y", "origin": [12.62279, 6.75, 5.37527]},
			"faces": {
				"north": {"uv": [0, 0, 1, 1], "texture": "#6"},
				"east": {"uv": [0, 0, 1, 1], "texture": "#6"},
				"south": {"uv": [0, 0, 1, 1], "texture": "#6"},
				"west": {"uv": [0, 0, 1, 1], "texture": "#6"},
				"up": {"uv": [0, 0, 1, 1], "texture": "#6"},
				"down": {"uv": [0, 0, 1, 1], "texture": "#6"}
			}
		},
		{
			"name": "hexadecagon",
			"from": [11.93585, 18.425, 5.07385],
			"to": [13.03585, 18.75, 5.29265],
			"rotation": {"angle": 22.5, "axis": "y", "origin": [12.62279, 6.75, 5.37527]},
			"faces": {
				"north": {"uv": [0, 0, 1, 1], "texture": "#6"},
				"east": {"uv": [0, 0, 1, 1], "texture": "#6"},
				"south": {"uv": [0, 0, 1, 1], "texture": "#6"},
				"west": {"uv": [0, 0, 1, 1], "texture": "#6"},
				"up": {"uv": [0, 0, 1, 1], "texture": "#6"},
				"down": {"uv": [0, 0, 1, 1], "texture": "#6"}
			}
		}
	],
	"display": {
		"thirdperson_righthand": {
			"rotation": [-45, -180, -90],
			"translation": [9.5, 6.25, 0.25]
		},
		"thirdperson_lefthand": {
			"rotation": [-45, -180, -90],
			"translation": [9.5, 6.25, 0.25]
		},
		"firstperson_righthand": {
			"rotation": [0, 0, 90],
			"translation": [14, 2.25, -2]
		},
		"firstperson_lefthand": {
			"rotation": [0, 0, 90],
			"translation": [14, 2.25, -2]
		},
		"ground": {
			"translation": [0, -11.5, 0]
		},
		"gui": {
			"rotation": [30, 135, 0],
			"translation": [0, -5.75, 0],
			"scale": [0.8, 0.8, 0.8]
		},
		"head": {
			"rotation": [0, -180, 0],
			"translation": [0, -1, 0],
			"scale": [0.9, 0.9, 0.9]
		},
		"fixed": {
			"rotation": [90, 0, 0],
			"translation": [0, 0, 15.25],
			"scale": [2.2, 2.2, 2.2]
		}
	},
	"groups": [
		{
			"name": "hexadecagon",
			"origin": [8, 8, 8],
			"children": [0, 1, 2, 3, 4, 5, 6, 7]
		},
		{
			"name": "hexadecagon",
			"origin": [8, 8, 8],
			"children": [8, 9, 10, 11, 12, 13, 14, 15]
		},
		{
			"name": "group",
			"origin": [8, 8, 8],
			"children": [16, 17, 18, 19, 20, 21, 22, 23, 24, 25, 26, 27, 28, 29, 30, 31, 32, 33, 34, 35, 36, 37]
		},
		{
			"name": "vinyl",
			"origin": [8, 8, 8],
			"children": [38, 39, 40, 41, 42, 43, 44, 45, 46, 47, 48, 49, 50, 51, 52, 53,
				{
					"name": "hexadecagon",
					"origin": [8, 8, 8],
					"children": [54, 55, 56, 57, 58, 59, 60, 61]
				},
				{
					"name": "hexadecagon",
					"origin": [8, 8, 8],
					"children": [62, 63, 64, 65, 66, 67, 68, 69]
				}
			]
		},
		{
			"name": "hexadecagon",
			"origin": [8, 8, 8],
			"children": [70, 71, 72, 73, 74, 75, 76, 77, 78, 79, 80]
		},
		{
			"name": "hexadecagon",
			"origin": [8, 8, 8],
			"children": [81, 82, 83, 84, 85, 86, 87, 88, 89, 90, 91, 92, 93, 94, 95, 96]
		}, 97,
		{
			"name": "hexadecagon",
			"origin": [8, 8, 8],
			"children": [98, 99, 100, 101, 102, 103, 104, 105]
		},
		{
			"name": "hexadecagon",
			"origin": [8, 8, 8],
			"children": [106, 107, 108, 109, 110, 111, 112, 113]
		},
		{
			"name": "hexadecagon",
			"origin": [8, 8, 8],
			"children": [114, 115, 116, 117, 118, 119, 120, 121]
		},
		{
			"name": "hexadecagon",
			"origin": [8, 8, 8],
			"children": [122, 123, 124, 125, 126, 127, 128, 129, 130, 131]
		},
		{
			"name": "hexadecagon",
			"origin": [8, 8, 8],
			"children": [132, 133, 134, 135, 136, 137, 138, 139]
		},
		{
			"name": "hexadecagon",
			"origin": [8, 8, 8],
			"children": [140, 141, 142, 143, 144, 145, 146, 147]
		},
		{
			"name": "hexadecagon",
			"origin": [8, 8, 8],
			"children": [148, 149, 150, 151, 152, 153, 154, 155]
		},
		{
			"name": "hexadecagon",
			"origin": [8, 8, 8],
			"children": [156, 157, 158, 159, 160, 161, 162, 163, 164, 165, 166, 167, 168, 169, 170, 171, 172, 173]
		}
	]
}