{
	"credit": "Made with Blockbench",
	"textures": {
		"0": "hat/misc/x11coin",
		"particle": "hat/misc/x11coin"
	},
	"elements": [
		{
			"from": [6, 0, 6.41],
			"to": [10, 1, 9.59],
			"faces": {
				"north": {"uv": [7.3, 0.1, 8.85, 0.72969], "rotation": 180, "texture": "#0"},
				"east": {"uv": [7.3, 0.1, 8.85, 0.72969], "rotation": 270, "texture": "#0"},
				"south": {"uv": [7.3, 0.1, 8.85, 0.72969], "rotation": 180, "texture": "#0"},
				"west": {"uv": [7.3, 0.1, 8.85, 0.72969], "rotation": 90, "texture": "#0"},
				"up": {"uv": [7.3, 0.1, 8.85, 0.72969], "texture": "#0"},
				"down": {"uv": [7.3, 0.1, 8.85, 0.72969], "texture": "#0"}
			}
		},
		{
			"from": [6, 0, 6.41],
			"to": [10, 1, 9.59],
			"rotation": {"angle": -22.5, "axis": "x", "origin": [8, 8, 8]},
			"faces": {
				"north": {"uv": [7.3, 0.1, 8.85, 0.72969], "rotation": 180, "texture": "#0"},
				"east": {"uv": [7.3, 0.1, 8.85, 0.72969], "rotation": 270, "texture": "#0"},
				"south": {"uv": [7.3, 0.1, 8.85, 0.72969], "rotation": 180, "texture": "#0"},
				"west": {"uv": [7.3, 0.1, 8.85, 0.72969], "rotation": 90, "texture": "#0"},
				"up": {"uv": [7.3, 0.1, 8.85, 0.72969], "texture": "#0"},
				"down": {"uv": [7.3, 0.1, 8.85, 0.72969], "texture": "#0"}
			}
		},
		{
			"from": [6, 0, 6.41],
			"to": [10, 1, 9.59],
			"rotation": {"angle": -45, "axis": "x", "origin": [8, 8, 8]},
			"faces": {
				"north": {"uv": [7.3, 0.1, 8.85, 0.72969], "rotation": 180, "texture": "#0"},
				"east": {"uv": [7.3, 0.1, 8.85, 0.72969], "rotation": 270, "texture": "#0"},
				"south": {"uv": [7.3, 0.1, 8.85, 0.72969], "rotation": 180, "texture": "#0"},
				"west": {"uv": [7.3, 0.1, 8.85, 0.72969], "rotation": 90, "texture": "#0"},
				"up": {"uv": [7.3, 0.1, 8.85, 0.72969], "texture": "#0"},
				"down": {"uv": [7.3, 0.1, 8.85, 0.72969], "texture": "#0"}
			}
		},
		{
			"from": [6, 6.41, 15],
			"to": [10, 9.59, 16],
			"rotation": {"angle": 22.5, "axis": "x", "origin": [8, 8, 8]},
			"faces": {
				"north": {"uv": [7.3, 0.1, 8.85, 0.72969], "texture": "#0"},
				"east": {"uv": [7.3, 0.1, 8.85, 0.72969], "rotation": 270, "texture": "#0"},
				"south": {"uv": [7.3, 0.1, 8.85, 0.72969], "texture": "#0"},
				"west": {"uv": [7.3, 0.1, 8.85, 0.72969], "rotation": 90, "texture": "#0"},
				"up": {"uv": [7.3, 0.1, 8.85, 0.72969], "rotation": 180, "texture": "#0"},
				"down": {"uv": [7.3, 0.1, 8.85, 0.72969], "rotation": 180, "texture": "#0"}
			}
		},
		{
			"from": [6, 6.41, 15],
			"to": [10, 9.59, 16],
			"faces": {
				"north": {"uv": [7.3, 0.1, 8.85, 0.72969], "texture": "#0"},
				"east": {"uv": [7.3, 0.1, 8.85, 0.72969], "rotation": 270, "texture": "#0"},
				"south": {"uv": [7.3, 0.1, 8.85, 0.72969], "texture": "#0"},
				"west": {"uv": [7.3, 0.1, 8.85, 0.72969], "rotation": 90, "texture": "#0"},
				"up": {"uv": [7.3, 0.1, 8.85, 0.72969], "rotation": 180, "texture": "#0"},
				"down": {"uv": [7.3, 0.1, 8.85, 0.72969], "rotation": 180, "texture": "#0"}
			}
		},
		{
			"from": [6, 6.41, 15],
			"to": [10, 9.59, 16],
			"rotation": {"angle": -22.5, "axis": "x", "origin": [8, 8, 8]},
			"faces": {
				"north": {"uv": [7.3, 0.1, 8.85, 0.72969], "texture": "#0"},
				"east": {"uv": [7.3, 0.1, 8.85, 0.72969], "rotation": 270, "texture": "#0"},
				"south": {"uv": [7.3, 0.1, 8.85, 0.72969], "texture": "#0"},
				"west": {"uv": [7.3, 0.1, 8.85, 0.72969], "rotation": 90, "texture": "#0"},
				"up": {"uv": [7.3, 0.1, 8.85, 0.72969], "rotation": 180, "texture": "#0"},
				"down": {"uv": [7.3, 0.1, 8.85, 0.72969], "rotation": 180, "texture": "#0"}
			}
		},
		{
			"from": [6, 6.41, 15],
			"to": [10, 9.59, 16],
			"rotation": {"angle": -45, "axis": "x", "origin": [8, 8, 8]},
			"faces": {
				"north": {"uv": [7.3, 0.1, 8.85, 0.72969], "texture": "#0"},
				"east": {"uv": [7.3, 0.1, 8.85, 0.72969], "rotation": 270, "texture": "#0"},
				"south": {"uv": [7.3, 0.1, 8.85, 0.72969], "texture": "#0"},
				"west": {"uv": [7.3, 0.1, 8.85, 0.72969], "rotation": 90, "texture": "#0"},
				"up": {"uv": [7.3, 0.1, 8.85, 0.72969], "rotation": 180, "texture": "#0"},
				"down": {"uv": [7.3, 0.1, 8.85, 0.72969], "rotation": 180, "texture": "#0"}
			}
		},
		{
			"from": [6, 15, 6.41],
			"to": [10, 16, 9.59],
			"rotation": {"angle": 22.5, "axis": "x", "origin": [8, 8, 8]},
			"faces": {
				"north": {"uv": [7.3, 0.1, 8.85, 0.72969], "rotation": 180, "texture": "#0"},
				"east": {"uv": [7.3, 0.1, 8.85, 0.72969], "rotation": 270, "texture": "#0"},
				"south": {"uv": [7.3, 0.1, 8.85, 0.72969], "rotation": 180, "texture": "#0"},
				"west": {"uv": [7.3, 0.1, 8.85, 0.72969], "rotation": 90, "texture": "#0"},
				"up": {"uv": [7.3, 0.1, 8.85, 0.72969], "texture": "#0"},
				"down": {"uv": [7.3, 0.1, 8.85, 0.72969], "texture": "#0"}
			}
		},
		{
			"from": [6, 15, 6.41],
			"to": [10, 16, 9.59],
			"faces": {
				"north": {"uv": [7.3, 0.1, 8.85, 0.72969], "rotation": 180, "texture": "#0"},
				"east": {"uv": [7.3, 0.1, 8.85, 0.72969], "rotation": 270, "texture": "#0"},
				"south": {"uv": [7.3, 0.1, 8.85, 0.72969], "rotation": 180, "texture": "#0"},
				"west": {"uv": [7.3, 0.1, 8.85, 0.72969], "rotation": 90, "texture": "#0"},
				"up": {"uv": [7.3, 0.1, 8.85, 0.72969], "texture": "#0"},
				"down": {"uv": [7.3, 0.1, 8.85, 0.72969], "texture": "#0"}
			}
		},
		{
			"from": [6, 15, 6.41],
			"to": [10, 16, 9.59],
			"rotation": {"angle": -22.5, "axis": "x", "origin": [8, 8, 8]},
			"faces": {
				"north": {"uv": [7.3, 0.1, 8.85, 0.72969], "rotation": 180, "texture": "#0"},
				"east": {"uv": [7.3, 0.1, 8.85, 0.72969], "rotation": 270, "texture": "#0"},
				"south": {"uv": [7.3, 0.1, 8.85, 0.72969], "rotation": 180, "texture": "#0"},
				"west": {"uv": [7.3, 0.1, 8.85, 0.72969], "rotation": 90, "texture": "#0"},
				"up": {"uv": [7.3, 0.1, 8.85, 0.72969], "texture": "#0"},
				"down": {"uv": [7.3, 0.1, 8.85, 0.72969], "texture": "#0"}
			}
		},
		{
			"from": [6, 15, 6.41],
			"to": [10, 16, 9.59],
			"rotation": {"angle": -45, "axis": "x", "origin": [8, 8, 8]},
			"faces": {
				"north": {"uv": [7.3, 0.1, 8.85, 0.72969], "rotation": 180, "texture": "#0"},
				"east": {"uv": [7.3, 0.1, 8.85, 0.72969], "rotation": 270, "texture": "#0"},
				"south": {"uv": [7.3, 0.1, 8.85, 0.72969], "rotation": 180, "texture": "#0"},
				"west": {"uv": [7.3, 0.1, 8.85, 0.72969], "rotation": 90, "texture": "#0"},
				"up": {"uv": [7.3, 0.1, 8.85, 0.72969], "texture": "#0"},
				"down": {"uv": [7.3, 0.1, 8.85, 0.72969], "texture": "#0"}
			}
		},
		{
			"from": [6, 6.41, 0],
			"to": [10, 9.59, 1],
			"rotation": {"angle": 22.5, "axis": "x", "origin": [8, 8, 8]},
			"faces": {
				"north": {"uv": [7.3, 0.1, 8.85, 0.72969], "texture": "#0"},
				"east": {"uv": [7.3, 0.1, 8.85, 0.72969], "rotation": 270, "texture": "#0"},
				"south": {"uv": [7.3, 0.1, 8.85, 0.72969], "texture": "#0"},
				"west": {"uv": [7.3, 0.1, 8.85, 0.72969], "rotation": 90, "texture": "#0"},
				"up": {"uv": [7.3, 0.1, 8.85, 0.72969], "rotation": 180, "texture": "#0"},
				"down": {"uv": [7.3, 0.1, 8.85, 0.72969], "rotation": 180, "texture": "#0"}
			}
		},
		{
			"from": [6, 6.41, 0],
			"to": [10, 9.59, 1],
			"faces": {
				"north": {"uv": [7.3, 0.1, 8.85, 0.72969], "texture": "#0"},
				"east": {"uv": [7.3, 0.1, 8.85, 0.72969], "rotation": 270, "texture": "#0"},
				"south": {"uv": [7.3, 0.1, 8.85, 0.72969], "texture": "#0"},
				"west": {"uv": [7.3, 0.1, 8.85, 0.72969], "rotation": 90, "texture": "#0"},
				"up": {"uv": [7.3, 0.1, 8.85, 0.72969], "rotation": 180, "texture": "#0"},
				"down": {"uv": [7.3, 0.1, 8.85, 0.72969], "rotation": 180, "texture": "#0"}
			}
		},
		{
			"from": [6, 6.41, 0],
			"to": [10, 9.59, 1],
			"rotation": {"angle": -22.5, "axis": "x", "origin": [8, 8, 8]},
			"faces": {
				"north": {"uv": [7.3, 0.1, 8.85, 0.72969], "texture": "#0"},
				"east": {"uv": [7.3, 0.1, 8.85, 0.72969], "rotation": 270, "texture": "#0"},
				"south": {"uv": [7.3, 0.1, 8.85, 0.72969], "texture": "#0"},
				"west": {"uv": [7.3, 0.1, 8.85, 0.72969], "rotation": 90, "texture": "#0"},
				"up": {"uv": [7.3, 0.1, 8.85, 0.72969], "rotation": 180, "texture": "#0"},
				"down": {"uv": [7.3, 0.1, 8.85, 0.72969], "rotation": 180, "texture": "#0"}
			}
		},
		{
			"from": [6, 6.41, 0],
			"to": [10, 9.59, 1],
			"rotation": {"angle": -45, "axis": "x", "origin": [8, 8, 8]},
			"faces": {
				"north": {"uv": [7.3, 0.1, 8.85, 0.72969], "texture": "#0"},
				"east": {"uv": [7.3, 0.1, 8.85, 0.72969], "rotation": 270, "texture": "#0"},
				"south": {"uv": [7.3, 0.1, 8.85, 0.72969], "texture": "#0"},
				"west": {"uv": [7.3, 0.1, 8.85, 0.72969], "rotation": 90, "texture": "#0"},
				"up": {"uv": [7.3, 0.1, 8.85, 0.72969], "rotation": 180, "texture": "#0"},
				"down": {"uv": [7.3, 0.1, 8.85, 0.72969], "rotation": 180, "texture": "#0"}
			}
		},
		{
			"from": [6, 0, 6.41],
			"to": [10, 1, 9.59],
			"rotation": {"angle": 22.5, "axis": "x", "origin": [8, 8, 8]},
			"faces": {
				"north": {"uv": [7.3, 0.1, 8.85, 0.72969], "rotation": 180, "texture": "#0"},
				"east": {"uv": [7.3, 0.1, 8.85, 0.72969], "rotation": 270, "texture": "#0"},
				"south": {"uv": [7.3, 0.1, 8.85, 0.72969], "rotation": 180, "texture": "#0"},
				"west": {"uv": [7.3, 0.1, 8.85, 0.72969], "rotation": 90, "texture": "#0"},
				"up": {"uv": [7.3, 0.1, 8.85, 0.72969], "texture": "#0"},
				"down": {"uv": [7.3, 0.1, 8.85, 0.72969], "texture": "#0"}
			}
		},
		{
			"from": [6.1, 1, 1],
			"to": [9.9, 15, 15],
			"faces": {
				"east": {"uv": [1, 1, 15, 15], "texture": "#0"},
				"west": {"uv": [1, 1, 15, 15], "texture": "#0"}
			}
		}
	],
	"display": {
		"thirdperson_righthand": {
			"scale": [0.3, 0.3, 0.3]
		},
		"thirdperson_lefthand": {
			"scale": [0.3, 0.3, 0.3]
		},
		"firstperson_righthand": {
			"scale": [0.3, 0.3, 0.3]
		},
		"firstperson_lefthand": {
			"scale": [0.3, 0.3, 0.3]
		},
		"ground": {
			"scale": [0.3, 0.3, 0.3]
		},
		"gui": {
			"rotation": [30, 135, 0],
			"scale": [0.8, 0.8, 0.8]
		},
		"head": {
			"rotation": [0, 90, 0],
			"translation": [0, 16.75, 0]
		},
		"fixed": {
			"rotation": [0, 90, 0]
		}
	},
	"groups": [
		{
			"name": "circle",
			"origin": [8, 8, 8],
			"children": [0, 1, 2, 3, 4, 5, 6, 7, 8, 9, 10, 11, 12, 13, 14, 15]
		}, 16]
}