{
	"credit": "Made with Blockbench",
	"textures": {
		"1": "hat/misc/cat_red",
		"particle": "hat/misc/cat_red"
	},
	"elements": [
		{
			"from": [7, 10, -2.5],
			"to": [10, 12, -1.5],
			"faces": {
				"north": {"uv": [0.5, 6.5, 1.25, 7], "texture": "#1"},
				"east": {"uv": [0.25, 6.5, 0.5, 7], "texture": "#1"},
				"west": {"uv": [0.25, 6.5, 0.5, 7], "texture": "#1"},
				"up": {"uv": [0.5, 6.25, 1.25, 6.5], "texture": "#1"},
				"down": {"uv": [0.5, 6, 1.25, 6.25], "texture": "#1"}
			}
		},
		{
			"name": "bod",
			"from": [6.5, 8, 1.5],
			"to": [10.5, 14, 17.5],
			"rotation": {"angle": 45, "axis": "x", "origin": [8, 9, 1]},
			"faces": {
				"north": {"uv": [6.5, 0, 7.5, 1.5], "texture": "#1"},
				"east": {"uv": [5, 1.5, 6.5, 5.5], "rotation": 90, "texture": "#1"},
				"south": {"uv": [7.5, 0, 8.5, 1.5], "texture": "#1"},
				"west": {"uv": [7.5, 1.5, 9, 5.5], "rotation": 270, "texture": "#1"},
				"up": {"uv": [9, 1.5, 10, 5.5], "texture": "#1"},
				"down": {"uv": [6.5, 1.5, 7.5, 5.5], "texture": "#1"}
			}
		},
		{
			"name": "leg",
			"from": [6.4, 0, 3.5],
			"to": [8.4, 10, 5.5],
			"rotation": {"angle": 22.5, "axis": "x", "origin": [8, 9, 1]},
			"faces": {
				"north": {"uv": [10.5, 0.5, 11, 3], "texture": "#1"},
				"east": {"uv": [10, 0.5, 10.5, 3], "texture": "#1"},
				"south": {"uv": [11.5, 0.5, 12, 3], "texture": "#1"},
				"west": {"uv": [11, 0.5, 11.5, 3], "texture": "#1"},
				"up": {"uv": [10.5, 0, 11, 0.5], "texture": "#1"},
				"down": {"uv": [11, 0, 11.5, 0.5], "texture": "#1"}
			}
		},
		{
			"name": "leg",
			"from": [8.6, 0, 3.5],
			"to": [10.6, 10, 5.5],
			"rotation": {"angle": 22.5, "axis": "x", "origin": [8, 9, 1]},
			"faces": {
				"north": {"uv": [10.5, 0.5, 11, 3], "texture": "#1"},
				"east": {"uv": [10, 0.5, 10.5, 3], "texture": "#1"},
				"south": {"uv": [11.5, 0.5, 12, 3], "texture": "#1"},
				"west": {"uv": [11, 0.5, 11.5, 3], "texture": "#1"},
				"up": {"uv": [10.5, 0, 11, 0.5], "texture": "#1"},
				"down": {"uv": [11, 0, 11.5, 0.5], "texture": "#1"}
			}
		},
		{
			"name": "tail",
			"from": [8, 10.75, 20.75],
			"to": [9, 16.75, 21.75],
			"rotation": {"angle": 22.5, "axis": "x", "origin": [8, 9, 0.25]},
			"faces": {
				"north": {"uv": [1, 4, 1.25, 6], "rotation": 180, "texture": "#1"},
				"east": {"uv": [1, 4, 1.25, 6], "rotation": 180, "texture": "#1"},
				"south": {"uv": [1, 4, 1.25, 6], "rotation": 180, "texture": "#1"},
				"west": {"uv": [1, 4, 1.25, 6], "rotation": 180, "texture": "#1"},
				"up": {"uv": [1, 5.5, 1.25, 5.75], "rotation": 180, "texture": "#1"},
				"down": {"uv": [1, 4, 1.25, 6], "rotation": 180, "texture": "#1"}
			}
		},
		{
			"name": "tail",
			"from": [8, -5, 10.75],
			"to": [9, -4, 16.75],
			"rotation": {"angle": -22.5, "axis": "x", "origin": [8, 9, 0.25]},
			"faces": {
				"north": {"uv": [0, 4, 0.25, 6], "rotation": 90, "texture": "#1"},
				"east": {"uv": [0, 4, 0.25, 6], "rotation": 90, "texture": "#1"},
				"south": {"uv": [0, 4, 0.25, 6], "rotation": 90, "texture": "#1"},
				"west": {"uv": [0, 4, 0.25, 6], "rotation": 90, "texture": "#1"},
				"up": {"uv": [0, 4, 0.25, 6], "texture": "#1"},
				"down": {"uv": [0, 4, 0.25, 6], "rotation": 180, "texture": "#1"}
			}
		},
		{
			"name": "head",
			"from": [9, 14, 1.5],
			"to": [10, 15, 3.5],
			"faces": {
				"north": {"uv": [0.5, 3, 0.75, 3.25], "texture": "#1"},
				"east": {"uv": [0, 3, 0.5, 3.25], "texture": "#1"},
				"south": {"uv": [1.25, 3, 1.5, 3.25], "texture": "#1"},
				"west": {"uv": [0.75, 3, 1.25, 3.25], "texture": "#1"},
				"up": {"uv": [0.5, 2.5, 1, 3], "texture": "#1"},
				"down": {"uv": [0.5, 3, 1, 3.25], "rotation": 180, "texture": "#1"}
			}
		},
		{
			"name": "head",
			"from": [7, 14, 1.5],
			"to": [8, 15, 3.5],
			"faces": {
				"north": {"uv": [2, 3, 2.25, 3.25], "texture": "#1"},
				"east": {"uv": [1.5, 3, 2, 3.25], "texture": "#1"},
				"south": {"uv": [2.75, 3, 3, 3.25], "texture": "#1"},
				"west": {"uv": [2.25, 3, 2.75, 3.25], "texture": "#1"},
				"up": {"uv": [2, 2.5, 2.5, 3], "texture": "#1"},
				"down": {"uv": [0.5, 3, 1, 3.25], "rotation": 180, "texture": "#1"}
			}
		},
		{
			"name": "head",
			"from": [6, 10, -1.5],
			"to": [11, 14, 3.5],
			"faces": {
				"north": {"uv": [1.25, 1.25, 2.5, 2.25], "texture": "#1"},
				"east": {"uv": [0, 1.25, 1.25, 2.25], "texture": "#1"},
				"south": {"uv": [3.75, 1.25, 5, 2.25], "texture": "#1"},
				"west": {"uv": [2.5, 1.25, 3.75, 2.25], "texture": "#1"},
				"up": {"uv": [1.25, 0, 2.5, 1.25], "texture": "#1"},
				"down": {"uv": [2.5, 0, 3.75, 1.25], "rotation": 180, "texture": "#1"}
			}
		},
		{
			"name": "leg",
			"from": [6.4, -0.5, 3.5],
			"to": [8.4, 1.5, 13.5],
			"faces": {
				"north": {"uv": [11, 0, 11.5, 0.5], "rotation": 180, "texture": "#1"},
				"east": {"uv": [10, 0.5, 10.5, 3], "rotation": 270, "texture": "#1"},
				"south": {"uv": [10.5, 0, 11, 0.5], "texture": "#1"},
				"west": {"uv": [11, 0.5, 11.5, 3], "rotation": 90, "texture": "#1"},
				"up": {"uv": [10.5, 0.5, 11, 3], "rotation": 180, "texture": "#1"},
				"down": {"uv": [11.5, 0.5, 12, 3], "texture": "#1"}
			}
		},
		{
			"name": "leg",
			"from": [8.6, -0.5, 3.5],
			"to": [10.6, 1.5, 13.5],
			"faces": {
				"north": {"uv": [11, 0, 11.5, 0.5], "rotation": 180, "texture": "#1"},
				"east": {"uv": [10, 0.5, 10.5, 3], "rotation": 270, "texture": "#1"},
				"south": {"uv": [10.5, 0, 11, 0.5], "texture": "#1"},
				"west": {"uv": [11, 0.5, 11.5, 3], "rotation": 90, "texture": "#1"},
				"up": {"uv": [10.5, 0.5, 11, 3], "rotation": 180, "texture": "#1"},
				"down": {"uv": [11.5, 0.5, 12, 3], "texture": "#1"}
			}
		}
	],
	"display": {
		"head": {
			"translation": [0, 14.5, 1.5],
			"rotation": [0, 0, 0]
		},
		"fixed": {
			"rotation": [-90, 0, 0],
			"translation": [0, 0, -11],
			"scale": [1.4, 1.4, 1.4]
		},
		"gui": {
			"rotation": [30, 135, 0],
			"translation": [0, 1, 0],
			"scale": [0.7, 0.7, 0.7]
		},
		"thirdperson_righthand": {
			"scale": [0.6, 0.6, 0.6],
			"rotation": [67.5, 0, 0],
			"translation": [0, 0, 1.5]
		},
		"thirdperson_lefthand": {
			"scale": [0.6, 0.6, 0.6],
			"translation": [0, 0, 1.5],
			"rotation": [67.5, 0, 0]
		},
		"firstperson_righthand": {
			"translation": [0, 0, 0]
		},
		"firstperson_lefthand": {
			"translation": [0, 0, 0]
		},
		"ground": {
			"scale": [0.8, 0.8, 0.8],
			"translation": [0, 3, 0]
		}
	}
}