{
	"credit": "Made with Blockbench",
	"textures": {
		"layer0": "hat/hair/long"
	},
	"elements": [
		{
			"from": [4, 0, 8],
			"to": [12, 16, 8],
			"faces": {
				"south": {"uv": [0, 0, 8, 16], "texture": "#layer0","tintindex":0}
			},
			"shade":false
		}
	],
	"display": {
		"head": {
			"scale": [1.6, 1.6, 1.6],
			"translation": [0, -19.2, 6.4],
			"rotation": [0, 0, 0]
		},
		"thirdperson_righthand": {
			"scale": [0.7, 0.7, 0.7],
			"rotation": [0, 0, 0],
			"translation": [0, -7, 0]
		},
		"thirdperson_lefthand": {
			"scale": [0.7, 0.7, 0.7],
			"translation": [0, -7, 0]
		},
		"gui": {
			"rotation": [0, 0, 0],
			"translation": [0, 0, 0]
		},
		"firstperson_righthand": {
			"scale": [0.6, 0.6, 0.6],
			"translation": [0, -1, 0]
		},
		"firstperson_lefthand": {
			"scale": [0.6, 0.6, 0.6],
			"translation": [0, -1, 0]
		},
		"fixed": {
			"scale": [1.2, 1.2, 1.2],
			"translation": [0, 0, -0.5]
		}
	}
}