{
	"credit": "Made with Blockbench",
	"textures": {
		"0": "hat/painting/synhat"
	},
	"elements": [
		{
			"from": [7, 2.25, 1.5],
			"to": [10, 3.25, 8.5],
			"shade": false,
			"rotation": {"angle": 22.5, "axis": "x", "origin": [8, 7.25, 8.5]},
			"faces": {
				"north": {"uv": [0, 0, 1, 1], "texture": "#0", "tintindex": 0},
				"east": {"uv": [0, 0, 1, 1], "texture": "#0", "tintindex": 0},
				"south": {"uv": [0, 0, 1, 1], "texture": "#0", "tintindex": 0},
				"west": {"uv": [0, 0, 1, 1], "texture": "#0", "tintindex": 0},
				"up": {"uv": [0, 0, 1, 1], "texture": "#0", "tintindex": 0},
				"down": {"uv": [0, 0, 1, 1], "texture": "#0", "tintindex": 0}
			}
		},
		{
			"from": [0, 1.99, 0],
			"to": [16, 14.01, 1],
			"shade": false,
			"faces": {
				"north": {"uv": [0, 2, 16, 14], "texture": "#0", "tintindex": 0},
				"east": {"uv": [0, 2, 1, 14], "texture": "#0", "tintindex": 0},
				"south": {"uv": [0, 2, 1, 3], "texture": "#0", "tintindex": 0},
				"west": {"uv": [15, 2, 16, 14], "texture": "#0", "tintindex": 0},
				"up": {"uv": [0, 2, 16, 3], "rotation": 180, "texture": "#0", "tintindex": 0},
				"down": {"uv": [0, 13, 16, 14], "rotation": 180, "texture": "#0", "tintindex": 0}
			}
		}
	],
	"display": {
		"head": {
			"scale": [0.7, 0.7, 0.7],
			"translation": [0, 8.8, 1.5],
			"rotation": [19, 0, 0]
		},
		"thirdperson_righthand": {
			"scale": [0.6, 0.6, 0.6],
			"rotation": [90, 0, 0],
			"translation": [0, -2.5, 3]
		},
		"thirdperson_lefthand": {
			"scale": [0.6, 0.6, 0.6],
			"rotation": [90, 0, 0],
			"translation": [0, -2.5, 3]
		},
		"gui": {
			"rotation": [30, 135, 0],
			"translation": [3, 1.5, 0],
			"scale": [0.6, 0.6, 0.8]
		},
		"fixed": {
			"scale": [2, 2, 2],
			"translation": [0, 0, 15.9],
			"rotation": [0, 0, 0]
		},
		"firstperson_righthand": {
			"scale": [0.6, 0.6, 0.6],
			"translation": [2.5, 0, 0],
			"rotation": [0, 90, 0]
		},
		"firstperson_lefthand": {
			"scale": [0.6, 0.6, 0.6],
			"rotation": [0, 90, 0],
			"translation": [2.5, 0, 0]
		},
		"ground": {
			"scale": [0.8, 0.8, 0.8],
			"translation": [0, -1.5, 0],
			"rotation": [10, 0, 0]
		}
	}
}