{
	"__credit": "Generated using Animated Java (https://animated-java.dev/)",
	"textures": {
		"side": "minecraft:cobalt/block/centrifuge"
	},
	"elements": [
		{
			"faces": {
				"north": {"uv": [8, 9, 16, 13], "texture": "#side"},
				"east": {"uv": [8, 9, 16, 13], "texture": "#side"},
				"south": {"uv": [8, 9, 16, 13], "texture": "#side"},
				"west": {"uv": [8, 9, 16, 13], "texture": "#side"},
				"up": {"uv": [8, 0, 16, 8], "texture": "#side"},
				"down": {"uv": [8, 0, 16, 8], "texture": "#side"}
			},
			"to": [9.6, 6.6, 9.6],
			"from": [6.4, 5, 6.4],
			"rotation": {"angle": 0, "axis": "y", "origin": [4.8, 5, 4.8]}
		},
		{
			"faces": {
				"north": {"uv": [0, 4, 3, 12], "texture": "#side"},
				"east": {"uv": [0, 4, 3, 12], "texture": "#side"},
				"south": {"uv": [0, 4, 3, 12], "texture": "#side"},
				"west": {"uv": [0, 4, 3, 12], "texture": "#side"},
				"up": {"uv": [0, 0, 0, 0], "texture": "#side"},
				"down": {"uv": [0, 0, 0, 0], "texture": "#side"}
			},
			"to": [8.6, 9.8, 8.6],
			"from": [7.4, 6.6, 7.4],
			"rotation": {"angle": 0, "axis": "y", "origin": [4.8, 5, 4.8]}
		},
		{
			"faces": {
				"north": {"uv": [8, 9, 16, 13], "texture": "#side"},
				"east": {"uv": [8, 9, 16, 13], "texture": "#side"},
				"south": {"uv": [8, 9, 16, 13], "texture": "#side"},
				"west": {"uv": [8, 9, 16, 13], "texture": "#side"},
				"up": {"uv": [8, 0, 16, 8], "texture": "#side"},
				"down": {"uv": [8, 0, 16, 8], "texture": "#side"}
			},
			"to": [9.6, 11.4, 9.6],
			"from": [6.4, 9.8, 6.4],
			"rotation": {"angle": 0, "axis": "y", "origin": [4.8, 5, 4.8]}
		}
	],
	"display": {
		"head": {
			"translation": [0, 5.6, 0],
			"scale": [4, 4, 4],
			"rotation": [0, 0, 0]
		}
	}
}