{
	"credit": "Made with Blockbench",
	"textures": {
		"1": "cobalt/block/arcane_pedestal",
		"particle": "cobalt/block/ars_nouveau_gold"
	},
	"elements": [
		{
			"from": [3, 14, 3],
			"to": [13, 15, 13],
			"rotation": {"angle": 0, "axis": "y", "origin": [11, 23, 8]},
			"faces": {
				"north": {"uv": [5.75, 3.5, 8.25, 3.75], "texture": "#1"},
				"east": {"uv": [5.75, 3.75, 8.25, 4], "texture": "#1"},
				"south": {"uv": [5.75, 4, 8.25, 4.25], "texture": "#1"},
				"west": {"uv": [5.75, 4.25, 8.25, 4.5], "texture": "#1"},
				"up": {"uv": [2.5, 2.5, 0, 0], "texture": "#1"},
				"down": {"uv": [2.5, 2.5, 0, 5], "texture": "#1"}
			}
		},
		{
			"from": [5, 13, 5],
			"to": [11, 14, 11],
			"rotation": {"angle": 0, "axis": "y", "origin": [13, 22, 7]},
			"faces": {
				"north": {"uv": [6, 0.5, 7.5, 0.75], "texture": "#1"},
				"east": {"uv": [6, 0.75, 7.5, 1], "texture": "#1"},
				"south": {"uv": [6, 1, 7.5, 1.25], "texture": "#1"},
				"west": {"uv": [6, 1.25, 7.5, 1.5], "texture": "#1"},
				"up": {"uv": [5.5, 6, 4, 4.5], "texture": "#1"},
				"down": {"uv": [6, 0, 4.5, 1.5], "texture": "#1"}
			}
		},
		{
			"from": [5, 0, 5],
			"to": [11, 1, 11],
			"rotation": {"angle": 0, "axis": "y", "origin": [13, 9, 7]},
			"faces": {
				"north": {"uv": [6, 0.5, 7.5, 0.75], "texture": "#1"},
				"east": {"uv": [6, 0.75, 7.5, 1], "texture": "#1"},
				"south": {"uv": [6, 1, 7.5, 1.25], "texture": "#1"},
				"west": {"uv": [6, 1.25, 7.5, 1.5], "texture": "#1"},
				"up": {"uv": [5.5, 6, 4, 4.5], "texture": "#1"},
				"down": {"uv": [6, 0, 4.5, 1.5], "texture": "#1"}
			}
		},
		{
			"from": [6, 12, 6],
			"to": [10, 13, 10],
			"rotation": {"angle": 0, "axis": "y", "origin": [13, 21, 7]},
			"faces": {
				"north": {"uv": [6.25, 4.5, 7.25, 4.75], "texture": "#1"},
				"east": {"uv": [6.25, 4.75, 7.25, 5], "texture": "#1"},
				"south": {"uv": [6.25, 5, 7.25, 5.25], "texture": "#1"},
				"west": {"uv": [6.25, 5.25, 7.25, 5.5], "texture": "#1"},
				"up": {"uv": [2.5, 6, 1.5, 5], "texture": "#1"},
				"down": {"uv": [6, 1.5, 5, 2.5], "texture": "#1"}
			}
		},
		{
			"from": [6, 1, 6],
			"to": [10, 2, 10],
			"rotation": {"angle": 0, "axis": "y", "origin": [13, 10, 7]},
			"faces": {
				"north": {"uv": [6.25, 4.5, 7.25, 4.75], "texture": "#1"},
				"east": {"uv": [6.25, 4.75, 7.25, 5], "texture": "#1"},
				"south": {"uv": [6.25, 5, 7.25, 5.25], "texture": "#1"},
				"west": {"uv": [6.25, 5.25, 7.25, 5.5], "texture": "#1"},
				"up": {"uv": [2.5, 6, 1.5, 5], "texture": "#1"},
				"down": {"uv": [6, 1.5, 5, 2.5], "texture": "#1"}
			}
		},
		{
			"from": [7, 2, 7],
			"to": [9, 12, 9],
			"rotation": {"angle": 0, "axis": "y", "origin": [13, 11, 7]},
			"faces": {
				"north": {"uv": [4.5, 1.5, 5, 4], "texture": "#1"},
				"east": {"uv": [0, 5, 0.5, 7.5], "texture": "#1"},
				"south": {"uv": [0.5, 5, 1, 7.5], "texture": "#1"},
				"west": {"uv": [1, 5, 1.5, 7.5], "texture": "#1"},
				"up": {"uv": [5, 4.5, 4.5, 4], "texture": "#1"},
				"down": {"uv": [6.5, 1.5, 6, 2], "texture": "#1"}
			}
		},
		{
			"from": [4, 15, 4],
			"to": [12, 16, 12],
			"rotation": {"angle": 0, "axis": "y", "origin": [11, 24, 8]},
			"faces": {
				"north": {"uv": [2.5, 2, 4.5, 2.25], "texture": "#1"},
				"east": {"uv": [2.5, 2.25, 4.5, 2.5], "texture": "#1"},
				"south": {"uv": [5.75, 5.5, 7.75, 5.75], "texture": "#1"},
				"west": {"uv": [6, 6, 8, 6.25], "texture": "#1"},
				"up": {"uv": [4.5, 4.5, 2.5, 2.5], "texture": "#1"},
				"down": {"uv": [4.5, 0, 2.5, 2], "texture": "#1"}
			}
		},
		{
			"from": [6.5, 11, 2],
			"to": [9.5, 12, 3],
			"rotation": {"angle": 0, "axis": "y", "origin": [8, 0, 8]},
			"faces": {
				"north": {"uv": [6.75, 6.75, 7.5, 7], "texture": "#1"},
				"east": {"uv": [4, 7, 4.25, 7.25], "texture": "#1"},
				"south": {"uv": [6.75, 0, 7.5, 0.25], "texture": "#1"},
				"west": {"uv": [4.25, 7, 4.5, 7.25], "texture": "#1"},
				"up": {"uv": [7.5, 0.5, 6.75, 0.25], "texture": "#1"},
				"down": {"uv": [7.5, 6.5, 6.75, 6.75], "texture": "#1"}
			}
		},
		{
			"from": [6.5, 11, 1],
			"to": [9.5, 13, 2],
			"rotation": {"angle": 0, "axis": "y", "origin": [8, 0, 8]},
			"faces": {
				"north": {"uv": [4.75, 6, 5.5, 6.5], "texture": "#1"},
				"east": {"uv": [1.5, 7, 1.75, 7.5], "texture": "#1"},
				"south": {"uv": [6, 0, 6.75, 0.5], "texture": "#1"},
				"west": {"uv": [1.75, 7, 2, 7.5], "texture": "#1"},
				"up": {"uv": [5.5, 7, 4.75, 6.75], "texture": "#1"},
				"down": {"uv": [6.75, 6.75, 6, 7], "texture": "#1"}
			}
		},
		{
			"from": [6.5, 13, 1],
			"to": [9.5, 14, 5],
			"rotation": {"angle": 0, "axis": "y", "origin": [8, 0, 8]},
			"faces": {
				"north": {"uv": [1.5, 6.75, 2.25, 7], "texture": "#1"},
				"east": {"uv": [6, 5.75, 7, 6], "texture": "#1"},
				"south": {"uv": [4, 6.75, 4.75, 7], "texture": "#1"},
				"west": {"uv": [6, 6.25, 7, 6.5], "texture": "#1"},
				"up": {"uv": [6.25, 5.5, 5.5, 4.5], "texture": "#1"},
				"down": {"uv": [6.5, 2.5, 5.75, 3.5], "texture": "#1"}
			}
		},
		{
			"from": [6.5, 1, 4],
			"to": [9.5, 13, 5],
			"rotation": {"angle": 0, "axis": "y", "origin": [8, 0, 8]},
			"faces": {
				"north": {"uv": [2.5, 4.5, 3.25, 7.5], "texture": "#1"},
				"east": {"uv": [5.5, 5.5, 5.75, 8.5], "texture": "#1"},
				"south": {"uv": [3.25, 4.5, 4, 7.5], "texture": "#1"},
				"west": {"uv": [5.75, 5.75, 6, 8.75], "texture": "#1"},
				"up": {"uv": [7.25, 3.25, 6.5, 3], "texture": "#1"},
				"down": {"uv": [7.25, 3.25, 6.5, 3.5], "texture": "#1"}
			}
		},
		{
			"from": [6.5, 0, 1],
			"to": [9.5, 1, 5],
			"rotation": {"angle": 0, "axis": "y", "origin": [8, 0, 8]},
			"faces": {
				"north": {"uv": [1.5, 6.5, 2.25, 6.75], "texture": "#1"},
				"east": {"uv": [6, 2, 7, 2.25], "texture": "#1"},
				"south": {"uv": [4, 6.5, 4.75, 6.75], "texture": "#1"},
				"west": {"uv": [6, 2.25, 7, 2.5], "texture": "#1"},
				"up": {"uv": [5.75, 3.5, 5, 2.5], "texture": "#1"},
				"down": {"uv": [5.75, 3.5, 5, 4.5], "texture": "#1"}
			}
		},
		{
			"from": [6.5, 1, 1],
			"to": [9.5, 3, 2],
			"rotation": {"angle": 0, "axis": "y", "origin": [8, 0, 8]},
			"faces": {
				"north": {"uv": [1.5, 6, 2.25, 6.5], "texture": "#1"},
				"east": {"uv": [2.25, 6, 2.5, 6.5], "texture": "#1"},
				"south": {"uv": [4, 6, 4.75, 6.5], "texture": "#1"},
				"west": {"uv": [2.25, 6.5, 2.5, 7], "texture": "#1"},
				"up": {"uv": [5.5, 6.75, 4.75, 6.5], "texture": "#1"},
				"down": {"uv": [6.75, 6.5, 6, 6.75], "texture": "#1"}
			}
		},
		{
			"from": [6.5, 2, 2],
			"to": [9.5, 3, 3],
			"rotation": {"angle": 0, "axis": "y", "origin": [8, 0, 8]},
			"faces": {
				"north": {"uv": [6.5, 1.5, 7.25, 1.75], "texture": "#1"},
				"east": {"uv": [2, 7, 2.25, 7.25], "texture": "#1"},
				"south": {"uv": [6.5, 1.75, 7.25, 2], "texture": "#1"},
				"west": {"uv": [2.25, 7, 2.5, 7.25], "texture": "#1"},
				"up": {"uv": [7.25, 2.75, 6.5, 2.5], "texture": "#1"},
				"down": {"uv": [7.25, 2.75, 6.5, 3], "texture": "#1"}
			}
		},
		{
			"from": [2, 11, 6.5],
			"to": [3, 12, 9.5],
			"rotation": {"angle": 0, "axis": "y", "origin": [8, 0, 8]},
			"faces": {
				"north": {"uv": [4, 7, 4.25, 7.25], "texture": "#1"},
				"east": {"uv": [6.75, 0, 7.5, 0.25], "texture": "#1"},
				"south": {"uv": [4.25, 7, 4.5, 7.25], "texture": "#1"},
				"west": {"uv": [6.75, 6.75, 7.5, 7], "texture": "#1"},
				"up": {"uv": [7.5, 0.5, 6.75, 0.25], "rotation": 270, "texture": "#1"},
				"down": {"uv": [7.5, 6.5, 6.75, 6.75], "rotation": 90, "texture": "#1"}
			}
		},
		{
			"from": [1, 11, 6.5],
			"to": [2, 13, 9.5],
			"rotation": {"angle": 0, "axis": "y", "origin": [8, 0, 8]},
			"faces": {
				"north": {"uv": [1.5, 7, 1.75, 7.5], "texture": "#1"},
				"east": {"uv": [6, 0, 6.75, 0.5], "texture": "#1"},
				"south": {"uv": [1.75, 7, 2, 7.5], "texture": "#1"},
				"west": {"uv": [4.75, 6, 5.5, 6.5], "texture": "#1"},
				"up": {"uv": [5.5, 7, 4.75, 6.75], "rotation": 270, "texture": "#1"},
				"down": {"uv": [6.75, 6.75, 6, 7], "rotation": 90, "texture": "#1"}
			}
		},
		{
			"from": [1, 13, 6.5],
			"to": [5, 14, 9.5],
			"rotation": {"angle": 0, "axis": "y", "origin": [8, 0, 8]},
			"faces": {
				"north": {"uv": [6, 5.75, 7, 6], "texture": "#1"},
				"east": {"uv": [4, 6.75, 4.75, 7], "texture": "#1"},
				"south": {"uv": [6, 6.25, 7, 6.5], "texture": "#1"},
				"west": {"uv": [1.5, 6.75, 2.25, 7], "texture": "#1"},
				"up": {"uv": [6.25, 5.5, 5.5, 4.5], "rotation": 270, "texture": "#1"},
				"down": {"uv": [6.5, 2.5, 5.75, 3.5], "rotation": 90, "texture": "#1"}
			}
		},
		{
			"from": [4, 1, 6.5],
			"to": [5, 13, 9.5],
			"rotation": {"angle": 0, "axis": "y", "origin": [8, 0, 8]},
			"faces": {
				"north": {"uv": [5.5, 5.5, 5.75, 8.5], "texture": "#1"},
				"east": {"uv": [3.25, 4.5, 4, 7.5], "texture": "#1"},
				"south": {"uv": [5.75, 5.75, 6, 8.75], "texture": "#1"},
				"west": {"uv": [2.5, 4.5, 3.25, 7.5], "texture": "#1"},
				"up": {"uv": [7.25, 3.25, 6.5, 3], "rotation": 270, "texture": "#1"},
				"down": {"uv": [7.25, 3.25, 6.5, 3.5], "rotation": 90, "texture": "#1"}
			}
		},
		{
			"from": [1, 0, 6.5],
			"to": [5, 1, 9.5],
			"rotation": {"angle": 0, "axis": "y", "origin": [8, 0, 8]},
			"faces": {
				"north": {"uv": [6, 2, 7, 2.25], "texture": "#1"},
				"east": {"uv": [4, 6.5, 4.75, 6.75], "texture": "#1"},
				"south": {"uv": [6, 2.25, 7, 2.5], "texture": "#1"},
				"west": {"uv": [1.5, 6.5, 2.25, 6.75], "texture": "#1"},
				"up": {"uv": [5.75, 3.5, 5, 2.5], "rotation": 270, "texture": "#1"},
				"down": {"uv": [5.75, 3.5, 5, 4.5], "rotation": 90, "texture": "#1"}
			}
		},
		{
			"from": [1, 1, 6.5],
			"to": [2, 3, 9.5],
			"rotation": {"angle": 0, "axis": "y", "origin": [8, 0, 8]},
			"faces": {
				"north": {"uv": [2.25, 6, 2.5, 6.5], "texture": "#1"},
				"east": {"uv": [4, 6, 4.75, 6.5], "texture": "#1"},
				"south": {"uv": [2.25, 6.5, 2.5, 7], "texture": "#1"},
				"west": {"uv": [1.5, 6, 2.25, 6.5], "texture": "#1"},
				"up": {"uv": [5.5, 6.75, 4.75, 6.5], "rotation": 270, "texture": "#1"},
				"down": {"uv": [6.75, 6.5, 6, 6.75], "rotation": 90, "texture": "#1"}
			}
		},
		{
			"from": [2, 2, 6.5],
			"to": [3, 3, 9.5],
			"rotation": {"angle": 0, "axis": "y", "origin": [8, 0, 8]},
			"faces": {
				"north": {"uv": [2, 7, 2.25, 7.25], "texture": "#1"},
				"east": {"uv": [6.5, 1.75, 7.25, 2], "texture": "#1"},
				"south": {"uv": [2.25, 7, 2.5, 7.25], "texture": "#1"},
				"west": {"uv": [6.5, 1.5, 7.25, 1.75], "texture": "#1"},
				"up": {"uv": [7.25, 2.75, 6.5, 2.5], "rotation": 270, "texture": "#1"},
				"down": {"uv": [7.25, 2.75, 6.5, 3], "rotation": 90, "texture": "#1"}
			}
		},
		{
			"from": [6.5, 11, 13],
			"to": [9.5, 12, 14],
			"rotation": {"angle": 0, "axis": "y", "origin": [8, 0, 8]},
			"faces": {
				"north": {"uv": [6.75, 0, 7.5, 0.25], "texture": "#1"},
				"east": {"uv": [4.25, 7, 4.5, 7.25], "texture": "#1"},
				"south": {"uv": [6.75, 6.75, 7.5, 7], "texture": "#1"},
				"west": {"uv": [4, 7, 4.25, 7.25], "texture": "#1"},
				"up": {"uv": [7.5, 0.5, 6.75, 0.25], "rotation": 180, "texture": "#1"},
				"down": {"uv": [7.5, 6.5, 6.75, 6.75], "rotation": 180, "texture": "#1"}
			}
		},
		{
			"from": [6.5, 11, 14],
			"to": [9.5, 13, 15],
			"rotation": {"angle": 0, "axis": "y", "origin": [8, 0, 8]},
			"faces": {
				"north": {"uv": [6, 0, 6.75, 0.5], "texture": "#1"},
				"east": {"uv": [1.75, 7, 2, 7.5], "texture": "#1"},
				"south": {"uv": [4.75, 6, 5.5, 6.5], "texture": "#1"},
				"west": {"uv": [1.5, 7, 1.75, 7.5], "texture": "#1"},
				"up": {"uv": [5.5, 7, 4.75, 6.75], "rotation": 180, "texture": "#1"},
				"down": {"uv": [6.75, 6.75, 6, 7], "rotation": 180, "texture": "#1"}
			}
		},
		{
			"from": [6.5, 13, 11],
			"to": [9.5, 14, 15],
			"rotation": {"angle": 0, "axis": "y", "origin": [8, 0, 8]},
			"faces": {
				"north": {"uv": [4, 6.75, 4.75, 7], "texture": "#1"},
				"east": {"uv": [6, 6.25, 7, 6.5], "texture": "#1"},
				"south": {"uv": [1.5, 6.75, 2.25, 7], "texture": "#1"},
				"west": {"uv": [6, 5.75, 7, 6], "texture": "#1"},
				"up": {"uv": [6.25, 5.5, 5.5, 4.5], "rotation": 180, "texture": "#1"},
				"down": {"uv": [6.5, 2.5, 5.75, 3.5], "rotation": 180, "texture": "#1"}
			}
		},
		{
			"from": [6.5, 1, 11],
			"to": [9.5, 13, 12],
			"rotation": {"angle": 0, "axis": "y", "origin": [8, 0, 8]},
			"faces": {
				"north": {"uv": [3.25, 4.5, 4, 7.5], "texture": "#1"},
				"east": {"uv": [5.75, 5.75, 6, 8.75], "texture": "#1"},
				"south": {"uv": [2.5, 4.5, 3.25, 7.5], "texture": "#1"},
				"west": {"uv": [5.5, 5.5, 5.75, 8.5], "texture": "#1"},
				"up": {"uv": [7.25, 3.25, 6.5, 3], "rotation": 180, "texture": "#1"},
				"down": {"uv": [7.25, 3.25, 6.5, 3.5], "rotation": 180, "texture": "#1"}
			}
		},
		{
			"from": [6.5, 0, 11],
			"to": [9.5, 1, 15],
			"rotation": {"angle": 0, "axis": "y", "origin": [8, 0, 8]},
			"faces": {
				"north": {"uv": [4, 6.5, 4.75, 6.75], "texture": "#1"},
				"east": {"uv": [6, 2.25, 7, 2.5], "texture": "#1"},
				"south": {"uv": [1.5, 6.5, 2.25, 6.75], "texture": "#1"},
				"west": {"uv": [6, 2, 7, 2.25], "texture": "#1"},
				"up": {"uv": [5.75, 3.5, 5, 2.5], "rotation": 180, "texture": "#1"},
				"down": {"uv": [5.75, 3.5, 5, 4.5], "rotation": 180, "texture": "#1"}
			}
		},
		{
			"from": [6.5, 1, 14],
			"to": [9.5, 3, 15],
			"rotation": {"angle": 0, "axis": "y", "origin": [8, 0, 8]},
			"faces": {
				"north": {"uv": [4, 6, 4.75, 6.5], "texture": "#1"},
				"east": {"uv": [2.25, 6.5, 2.5, 7], "texture": "#1"},
				"south": {"uv": [1.5, 6, 2.25, 6.5], "texture": "#1"},
				"west": {"uv": [2.25, 6, 2.5, 6.5], "texture": "#1"},
				"up": {"uv": [5.5, 6.75, 4.75, 6.5], "rotation": 180, "texture": "#1"},
				"down": {"uv": [6.75, 6.5, 6, 6.75], "rotation": 180, "texture": "#1"}
			}
		},
		{
			"from": [6.5, 2, 13],
			"to": [9.5, 3, 14],
			"rotation": {"angle": 0, "axis": "y", "origin": [8, 0, 8]},
			"faces": {
				"north": {"uv": [6.5, 1.75, 7.25, 2], "texture": "#1"},
				"east": {"uv": [2.25, 7, 2.5, 7.25], "texture": "#1"},
				"south": {"uv": [6.5, 1.5, 7.25, 1.75], "texture": "#1"},
				"west": {"uv": [2, 7, 2.25, 7.25], "texture": "#1"},
				"up": {"uv": [7.25, 2.75, 6.5, 2.5], "rotation": 180, "texture": "#1"},
				"down": {"uv": [7.25, 2.75, 6.5, 3], "rotation": 180, "texture": "#1"}
			}
		},
		{
			"from": [13, 11, 6.5],
			"to": [14, 12, 9.5],
			"rotation": {"angle": 0, "axis": "y", "origin": [8, 0, 8]},
			"faces": {
				"north": {"uv": [4.25, 7, 4.5, 7.25], "texture": "#1"},
				"east": {"uv": [6.75, 6.75, 7.5, 7], "texture": "#1"},
				"south": {"uv": [4, 7, 4.25, 7.25], "texture": "#1"},
				"west": {"uv": [6.75, 0, 7.5, 0.25], "texture": "#1"},
				"up": {"uv": [7.5, 0.5, 6.75, 0.25], "rotation": 90, "texture": "#1"},
				"down": {"uv": [7.5, 6.5, 6.75, 6.75], "rotation": 270, "texture": "#1"}
			}
		},
		{
			"from": [14, 11, 6.5],
			"to": [15, 13, 9.5],
			"rotation": {"angle": 0, "axis": "y", "origin": [8, 0, 8]},
			"faces": {
				"north": {"uv": [1.75, 7, 2, 7.5], "texture": "#1"},
				"east": {"uv": [4.75, 6, 5.5, 6.5], "texture": "#1"},
				"south": {"uv": [1.5, 7, 1.75, 7.5], "texture": "#1"},
				"west": {"uv": [6, 0, 6.75, 0.5], "texture": "#1"},
				"up": {"uv": [5.5, 7, 4.75, 6.75], "rotation": 90, "texture": "#1"},
				"down": {"uv": [6.75, 6.75, 6, 7], "rotation": 270, "texture": "#1"}
			}
		},
		{
			"from": [11, 13, 6.5],
			"to": [15, 14, 9.5],
			"rotation": {"angle": 0, "axis": "y", "origin": [8, 0, 8]},
			"faces": {
				"north": {"uv": [6, 6.25, 7, 6.5], "texture": "#1"},
				"east": {"uv": [1.5, 6.75, 2.25, 7], "texture": "#1"},
				"south": {"uv": [6, 5.75, 7, 6], "texture": "#1"},
				"west": {"uv": [4, 6.75, 4.75, 7], "texture": "#1"},
				"up": {"uv": [6.25, 5.5, 5.5, 4.5], "rotation": 90, "texture": "#1"},
				"down": {"uv": [6.5, 2.5, 5.75, 3.5], "rotation": 270, "texture": "#1"}
			}
		},
		{
			"from": [11, 1, 6.5],
			"to": [12, 13, 9.5],
			"rotation": {"angle": 0, "axis": "y", "origin": [8, 0, 8]},
			"faces": {
				"north": {"uv": [5.75, 5.75, 6, 8.75], "texture": "#1"},
				"east": {"uv": [2.5, 4.5, 3.25, 7.5], "texture": "#1"},
				"south": {"uv": [5.5, 5.5, 5.75, 8.5], "texture": "#1"},
				"west": {"uv": [3.25, 4.5, 4, 7.5], "texture": "#1"},
				"up": {"uv": [7.25, 3.25, 6.5, 3], "rotation": 90, "texture": "#1"},
				"down": {"uv": [7.25, 3.25, 6.5, 3.5], "rotation": 270, "texture": "#1"}
			}
		},
		{
			"from": [11, 0, 6.5],
			"to": [15, 1, 9.5],
			"rotation": {"angle": 0, "axis": "y", "origin": [8, 0, 8]},
			"faces": {
				"north": {"uv": [6, 2.25, 7, 2.5], "texture": "#1"},
				"east": {"uv": [1.5, 6.5, 2.25, 6.75], "texture": "#1"},
				"south": {"uv": [6, 2, 7, 2.25], "texture": "#1"},
				"west": {"uv": [4, 6.5, 4.75, 6.75], "texture": "#1"},
				"up": {"uv": [5.75, 3.5, 5, 2.5], "rotation": 90, "texture": "#1"},
				"down": {"uv": [5.75, 3.5, 5, 4.5], "rotation": 270, "texture": "#1"}
			}
		},
		{
			"from": [14, 1, 6.5],
			"to": [15, 3, 9.5],
			"rotation": {"angle": 0, "axis": "y", "origin": [8, 0, 8]},
			"faces": {
				"north": {"uv": [2.25, 6.5, 2.5, 7], "texture": "#1"},
				"east": {"uv": [1.5, 6, 2.25, 6.5], "texture": "#1"},
				"south": {"uv": [2.25, 6, 2.5, 6.5], "texture": "#1"},
				"west": {"uv": [4, 6, 4.75, 6.5], "texture": "#1"},
				"up": {"uv": [5.5, 6.75, 4.75, 6.5], "rotation": 90, "texture": "#1"},
				"down": {"uv": [6.75, 6.5, 6, 6.75], "rotation": 270, "texture": "#1"}
			}
		},
		{
			"from": [13, 2, 6.5],
			"to": [14, 3, 9.5],
			"rotation": {"angle": 0, "axis": "y", "origin": [8, 0, 8]},
			"faces": {
				"north": {"uv": [2.25, 7, 2.5, 7.25], "texture": "#1"},
				"east": {"uv": [6.5, 1.5, 7.25, 1.75], "texture": "#1"},
				"south": {"uv": [2, 7, 2.25, 7.25], "texture": "#1"},
				"west": {"uv": [6.5, 1.75, 7.25, 2], "texture": "#1"},
				"up": {"uv": [7.25, 2.75, 6.5, 2.5], "rotation": 90, "texture": "#1"},
				"down": {"uv": [7.25, 2.75, 6.5, 3], "rotation": 270, "texture": "#1"}
			}
		}
	],
	"gui_light": "front",
	"display": {
		"ground": {
			"translation": [0, 5, 0]
		},
		"head": {
			"translation": [0, -27.25, 0],
			"scale": [2, 2, 2]
		},
		"fixed": {
			"rotation": [90, 0, 0],
			"translation": [0, 0, 49.75],
			"scale": [2.1, 2.1, 2.1]
		}
	}
}