{
  "textures" : {
    "22" : "block/cauldron_inner",
    "23" : "block/cauldron_bottom",
    "24" : "block/water_still",
    "25" : "block/chain",
    "10" : "block/soul_soil",
    "11" : "block/oxidized_cut_copper",
    "12" : "block/weathered_cut_copper",
    "13" : "block/stone",
    "14" : "block/andesite",
    "15" : "block/stone_bricks",
    "16" : "block/polished_andesite",
    "17" : "block/anvil",
    "18" : "block/anvil_top",
    "19" : "block/soul_fire_0",
    "0" : "block/deepslate_tiles",
    "1" : "block/deepslate_bricks",
    "2" : "block/oxidized_copper",
    "3" : "block/polished_deepslate",
    "4" : "block/weathered_copper",
    "5" : "block/cobbled_deepslate",
    "6" : "block/deepslate",
    "7" : "block/deepslate_top",
    "8" : "block/polished_basalt_side",
    "9" : "block/polished_basalt_top",
    "20" : "block/cauldron_side",
    "21" : "block/cauldron_top"
  },
  "elements" : [ {
    "from" : [ -16, -16, 0 ],
    "to" : [ -8, -8, 8 ],
    "faces" : {
      "east" : {
        "uv" : [ 0, 0, 16, 16 ],
        "texture" : "#1"
      },
      "south" : {
        "uv" : [ 0, 0, 16, 16 ],
        "texture" : "#1"
      },
      "north" : {
        "uv" : [ 0, 0, 16, 16 ],
        "texture" : "#1"
      },
      "west" : {
        "uv" : [ 0, 0, 16, 16 ],
        "texture" : "#1"
      },
      "up" : {
        "uv" : [ 0, 0, 16, 16 ],
        "texture" : "#1"
      },
      "down" : {
        "uv" : [ 0, 0, 16, 16 ],
        "texture" : "#1"
      }
    }
  }, {
    "from" : [ -16, -16, 8 ],
    "to" : [ -8, -8, 16 ],
    "faces" : {
      "east" : {
        "uv" : [ 0, 0, 16, 16 ],
        "texture" : "#5"
      },
      "south" : {
        "uv" : [ 0, 0, 16, 16 ],
        "texture" : "#5"
      },
      "north" : {
        "uv" : [ 0, 0, 16, 16 ],
        "texture" : "#5"
      },
      "west" : {
        "uv" : [ 0, 0, 16, 16 ],
        "texture" : "#5"
      },
      "up" : {
        "uv" : [ 0, 0, 16, 16 ],
        "texture" : "#5"
      },
      "down" : {
        "uv" : [ 0, 0, 16, 16 ],
        "texture" : "#5"
      }
    }
  }, {
    "from" : [ -16, -16, 16 ],
    "to" : [ -8, -8, 24 ],
    "faces" : {
      "east" : {
        "uv" : [ 0, 0, 16, 16 ],
        "texture" : "#5"
      },
      "south" : {
        "uv" : [ 0, 0, 16, 16 ],
        "texture" : "#5"
      },
      "north" : {
        "uv" : [ 0, 0, 16, 16 ],
        "texture" : "#5"
      },
      "west" : {
        "uv" : [ 0, 0, 16, 16 ],
        "texture" : "#5"
      },
      "up" : {
        "uv" : [ 0, 0, 16, 16 ],
        "texture" : "#5"
      },
      "down" : {
        "uv" : [ 0, 0, 16, 16 ],
        "texture" : "#5"
      }
    }
  }, {
    "from" : [ -16, -16, 24 ],
    "to" : [ -8, -8, 32 ],
    "faces" : {
      "east" : {
        "uv" : [ 0, 0, 16, 16 ],
        "texture" : "#6"
      },
      "south" : {
        "uv" : [ 0, 0, 16, 16 ],
        "texture" : "#6"
      },
      "north" : {
        "uv" : [ 0, 0, 16, 16 ],
        "texture" : "#6"
      },
      "west" : {
        "uv" : [ 0, 0, 16, 16 ],
        "texture" : "#6"
      },
      "up" : {
        "uv" : [ 0, 0, 16, 16 ],
        "texture" : "#7"
      },
      "down" : {
        "uv" : [ 0, 0, 16, 16 ],
        "texture" : "#7"
      }
    }
  }, {
    "from" : [ -8, -16, 0 ],
    "to" : [ 0, -8, 8 ],
    "faces" : {
      "east" : {
        "uv" : [ 0, 0, 16, 16 ],
        "texture" : "#1"
      },
      "south" : {
        "uv" : [ 0, 0, 16, 16 ],
        "texture" : "#1"
      },
      "north" : {
        "uv" : [ 0, 0, 16, 16 ],
        "texture" : "#1"
      },
      "west" : {
        "uv" : [ 0, 0, 16, 16 ],
        "texture" : "#1"
      },
      "up" : {
        "uv" : [ 0, 0, 16, 16 ],
        "texture" : "#1"
      },
      "down" : {
        "uv" : [ 0, 0, 16, 16 ],
        "texture" : "#1"
      }
    }
  }, {
    "from" : [ -8, -16, 8 ],
    "to" : [ 0, -8, 16 ],
    "faces" : {
      "east" : {
        "uv" : [ 0, 0, 16, 16 ],
        "texture" : "#6"
      },
      "south" : {
        "uv" : [ 0, 0, 16, 16 ],
        "texture" : "#6"
      },
      "north" : {
        "uv" : [ 0, 0, 16, 16 ],
        "texture" : "#6"
      },
      "west" : {
        "uv" : [ 0, 0, 16, 16 ],
        "texture" : "#6"
      },
      "up" : {
        "uv" : [ 0, 0, 16, 16 ],
        "texture" : "#7"
      },
      "down" : {
        "uv" : [ 0, 0, 16, 16 ],
        "texture" : "#7"
      }
    }
  }, {
    "from" : [ -8, -16, 16 ],
    "to" : [ 0, -8, 24 ],
    "faces" : {
      "east" : {
        "uv" : [ 0, 0, 16, 16 ],
        "texture" : "#6"
      },
      "south" : {
        "uv" : [ 0, 0, 16, 16 ],
        "texture" : "#6"
      },
      "north" : {
        "uv" : [ 0, 0, 16, 16 ],
        "texture" : "#6"
      },
      "west" : {
        "uv" : [ 0, 0, 16, 16 ],
        "texture" : "#6"
      },
      "up" : {
        "uv" : [ 0, 0, 16, 16 ],
        "texture" : "#7"
      },
      "down" : {
        "uv" : [ 0, 0, 16, 16 ],
        "texture" : "#7"
      }
    }
  }, {
    "from" : [ -8, -16, 24 ],
    "to" : [ 0, -8, 32 ],
    "faces" : {
      "east" : {
        "uv" : [ 0, 0, 16, 16 ],
        "texture" : "#6"
      },
      "south" : {
        "uv" : [ 0, 0, 16, 16 ],
        "texture" : "#6"
      },
      "north" : {
        "uv" : [ 0, 0, 16, 16 ],
        "texture" : "#6"
      },
      "west" : {
        "uv" : [ 0, 0, 16, 16 ],
        "texture" : "#6"
      },
      "up" : {
        "uv" : [ 0, 0, 16, 16 ],
        "texture" : "#7"
      },
      "down" : {
        "uv" : [ 0, 0, 16, 16 ],
        "texture" : "#7"
      }
    }
  }, {
    "from" : [ 0, -16, 0 ],
    "to" : [ 8, -8, 8 ],
    "faces" : {
      "east" : {
        "uv" : [ 0, 0, 16, 16 ],
        "texture" : "#1"
      },
      "south" : {
        "uv" : [ 0, 0, 16, 16 ],
        "texture" : "#1"
      },
      "north" : {
        "uv" : [ 0, 0, 16, 16 ],
        "texture" : "#1"
      },
      "west" : {
        "uv" : [ 0, 0, 16, 16 ],
        "texture" : "#1"
      },
      "up" : {
        "uv" : [ 0, 0, 16, 16 ],
        "texture" : "#1"
      },
      "down" : {
        "uv" : [ 0, 0, 16, 16 ],
        "texture" : "#1"
      }
    }
  }, {
    "from" : [ 0, -16, 8 ],
    "to" : [ 8, -8, 16 ],
    "faces" : {
      "east" : {
        "uv" : [ 0, 0, 16, 16 ],
        "texture" : "#5"
      },
      "south" : {
        "uv" : [ 0, 0, 16, 16 ],
        "texture" : "#5"
      },
      "north" : {
        "uv" : [ 0, 0, 16, 16 ],
        "texture" : "#5"
      },
      "west" : {
        "uv" : [ 0, 0, 16, 16 ],
        "texture" : "#5"
      },
      "up" : {
        "uv" : [ 0, 0, 16, 16 ],
        "texture" : "#5"
      },
      "down" : {
        "uv" : [ 0, 0, 16, 16 ],
        "texture" : "#5"
      }
    }
  }, {
    "from" : [ 0, -16, 16 ],
    "to" : [ 8, -8, 24 ],
    "faces" : {
      "east" : {
        "uv" : [ 0, 0, 16, 16 ],
        "texture" : "#6"
      },
      "south" : {
        "uv" : [ 0, 0, 16, 16 ],
        "texture" : "#6"
      },
      "north" : {
        "uv" : [ 0, 0, 16, 16 ],
        "texture" : "#6"
      },
      "west" : {
        "uv" : [ 0, 0, 16, 16 ],
        "texture" : "#6"
      },
      "up" : {
        "uv" : [ 0, 0, 16, 16 ],
        "texture" : "#7"
      },
      "down" : {
        "uv" : [ 0, 0, 16, 16 ],
        "texture" : "#7"
      }
    }
  }, {
    "from" : [ 0, -16, 24 ],
    "to" : [ 8, -8, 32 ],
    "faces" : {
      "east" : {
        "uv" : [ 0, 0, 16, 16 ],
        "texture" : "#5"
      },
      "south" : {
        "uv" : [ 0, 0, 16, 16 ],
        "texture" : "#5"
      },
      "north" : {
        "uv" : [ 0, 0, 16, 16 ],
        "texture" : "#5"
      },
      "west" : {
        "uv" : [ 0, 0, 16, 16 ],
        "texture" : "#5"
      },
      "up" : {
        "uv" : [ 0, 0, 16, 16 ],
        "texture" : "#5"
      },
      "down" : {
        "uv" : [ 0, 0, 16, 16 ],
        "texture" : "#5"
      }
    }
  }, {
    "from" : [ 8, -16, 0 ],
    "to" : [ 16, -8, 8 ],
    "faces" : {
      "east" : {
        "uv" : [ 0, 0, 16, 16 ],
        "texture" : "#1"
      },
      "south" : {
        "uv" : [ 0, 0, 16, 16 ],
        "texture" : "#1"
      },
      "north" : {
        "uv" : [ 0, 0, 16, 16 ],
        "texture" : "#1"
      },
      "west" : {
        "uv" : [ 0, 0, 16, 16 ],
        "texture" : "#1"
      },
      "down" : {
        "uv" : [ 0, 0, 16, 16 ],
        "texture" : "#1"
      }
    }
  }, {
    "from" : [ 8, -16, 8 ],
    "to" : [ 16, -8, 16 ],
    "faces" : {
      "east" : {
        "uv" : [ 0, 0, 16, 16 ],
        "texture" : "#6"
      },
      "south" : {
        "uv" : [ 0, 0, 16, 16 ],
        "texture" : "#6"
      },
      "north" : {
        "uv" : [ 0, 0, 16, 16 ],
        "texture" : "#6"
      },
      "west" : {
        "uv" : [ 0, 0, 16, 16 ],
        "texture" : "#6"
      },
      "up" : {
        "uv" : [ 0, 0, 16, 16 ],
        "texture" : "#7"
      },
      "down" : {
        "uv" : [ 0, 0, 16, 16 ],
        "texture" : "#7"
      }
    }
  }, {
    "from" : [ 8, -16, 16 ],
    "to" : [ 16, -8, 24 ],
    "faces" : {
      "east" : {
        "uv" : [ 0, 0, 16, 16 ],
        "texture" : "#5"
      },
      "south" : {
        "uv" : [ 0, 0, 16, 16 ],
        "texture" : "#5"
      },
      "north" : {
        "uv" : [ 0, 0, 16, 16 ],
        "texture" : "#5"
      },
      "west" : {
        "uv" : [ 0, 0, 16, 16 ],
        "texture" : "#5"
      },
      "up" : {
        "uv" : [ 0, 0, 16, 16 ],
        "texture" : "#5"
      },
      "down" : {
        "uv" : [ 0, 0, 16, 16 ],
        "texture" : "#5"
      }
    }
  }, {
    "from" : [ 8, -16, 24 ],
    "to" : [ 16, -8, 32 ],
    "faces" : {
      "east" : {
        "uv" : [ 0, 0, 16, 16 ],
        "texture" : "#5"
      },
      "south" : {
        "uv" : [ 0, 0, 16, 16 ],
        "texture" : "#5"
      },
      "north" : {
        "uv" : [ 0, 0, 16, 16 ],
        "texture" : "#5"
      },
      "west" : {
        "uv" : [ 0, 0, 16, 16 ],
        "texture" : "#5"
      },
      "down" : {
        "uv" : [ 0, 0, 16, 16 ],
        "texture" : "#5"
      }
    }
  }, {
    "from" : [ 16, -16, 0 ],
    "to" : [ 24, -8, 8 ],
    "faces" : {
      "east" : {
        "uv" : [ 0, 0, 16, 16 ],
        "texture" : "#1"
      },
      "south" : {
        "uv" : [ 0, 0, 16, 16 ],
        "texture" : "#1"
      },
      "north" : {
        "uv" : [ 0, 0, 16, 16 ],
        "texture" : "#1"
      },
      "west" : {
        "uv" : [ 0, 0, 16, 16 ],
        "texture" : "#1"
      },
      "up" : {
        "uv" : [ 0, 0, 16, 16 ],
        "texture" : "#1"
      },
      "down" : {
        "uv" : [ 0, 0, 16, 16 ],
        "texture" : "#1"
      }
    }
  }, {
    "from" : [ 16, -16, 8 ],
    "to" : [ 24, -8, 16 ],
    "faces" : {
      "east" : {
        "uv" : [ 0, 0, 16, 16 ],
        "texture" : "#6"
      },
      "south" : {
        "uv" : [ 0, 0, 16, 16 ],
        "texture" : "#6"
      },
      "north" : {
        "uv" : [ 0, 0, 16, 16 ],
        "texture" : "#6"
      },
      "west" : {
        "uv" : [ 0, 0, 16, 16 ],
        "texture" : "#6"
      },
      "up" : {
        "uv" : [ 0, 0, 16, 16 ],
        "texture" : "#7"
      },
      "down" : {
        "uv" : [ 0, 0, 16, 16 ],
        "texture" : "#7"
      }
    }
  }, {
    "from" : [ 16, -16, 16 ],
    "to" : [ 24, -8, 24 ],
    "faces" : {
      "east" : {
        "uv" : [ 0, 0, 16, 16 ],
        "texture" : "#5"
      },
      "south" : {
        "uv" : [ 0, 0, 16, 16 ],
        "texture" : "#5"
      },
      "north" : {
        "uv" : [ 0, 0, 16, 16 ],
        "texture" : "#5"
      },
      "west" : {
        "uv" : [ 0, 0, 16, 16 ],
        "texture" : "#5"
      },
      "up" : {
        "uv" : [ 0, 0, 16, 16 ],
        "texture" : "#5"
      },
      "down" : {
        "uv" : [ 0, 0, 16, 16 ],
        "texture" : "#5"
      }
    }
  }, {
    "from" : [ 16, -16, 24 ],
    "to" : [ 24, -8, 32 ],
    "faces" : {
      "east" : {
        "uv" : [ 0, 0, 16, 16 ],
        "texture" : "#6"
      },
      "south" : {
        "uv" : [ 0, 0, 16, 16 ],
        "texture" : "#6"
      },
      "north" : {
        "uv" : [ 0, 0, 16, 16 ],
        "texture" : "#6"
      },
      "west" : {
        "uv" : [ 0, 0, 16, 16 ],
        "texture" : "#6"
      },
      "up" : {
        "uv" : [ 0, 0, 16, 16 ],
        "texture" : "#7"
      },
      "down" : {
        "uv" : [ 0, 0, 16, 16 ],
        "texture" : "#7"
      }
    }
  }, {
    "from" : [ 24, -16, 0 ],
    "to" : [ 32, -8, 8 ],
    "faces" : {
      "east" : {
        "uv" : [ 0, 0, 16, 16 ],
        "texture" : "#1"
      },
      "south" : {
        "uv" : [ 0, 0, 16, 16 ],
        "texture" : "#1"
      },
      "north" : {
        "uv" : [ 0, 0, 16, 16 ],
        "texture" : "#1"
      },
      "west" : {
        "uv" : [ 0, 0, 16, 16 ],
        "texture" : "#1"
      },
      "up" : {
        "uv" : [ 0, 0, 16, 16 ],
        "texture" : "#1"
      },
      "down" : {
        "uv" : [ 0, 0, 16, 16 ],
        "texture" : "#1"
      }
    }
  }, {
    "from" : [ 24, -16, 8 ],
    "to" : [ 32, -8, 16 ],
    "faces" : {
      "east" : {
        "uv" : [ 0, 0, 16, 16 ],
        "texture" : "#5"
      },
      "south" : {
        "uv" : [ 0, 0, 16, 16 ],
        "texture" : "#5"
      },
      "north" : {
        "uv" : [ 0, 0, 16, 16 ],
        "texture" : "#5"
      },
      "west" : {
        "uv" : [ 0, 0, 16, 16 ],
        "texture" : "#5"
      },
      "up" : {
        "uv" : [ 0, 0, 16, 16 ],
        "texture" : "#5"
      },
      "down" : {
        "uv" : [ 0, 0, 16, 16 ],
        "texture" : "#5"
      }
    }
  }, {
    "from" : [ 24, -16, 16 ],
    "to" : [ 32, -8, 24 ],
    "faces" : {
      "east" : {
        "uv" : [ 0, 0, 16, 16 ],
        "texture" : "#6"
      },
      "south" : {
        "uv" : [ 0, 0, 16, 16 ],
        "texture" : "#6"
      },
      "north" : {
        "uv" : [ 0, 0, 16, 16 ],
        "texture" : "#6"
      },
      "west" : {
        "uv" : [ 0, 0, 16, 16 ],
        "texture" : "#6"
      },
      "up" : {
        "uv" : [ 0, 0, 16, 16 ],
        "texture" : "#7"
      },
      "down" : {
        "uv" : [ 0, 0, 16, 16 ],
        "texture" : "#7"
      }
    }
  }, {
    "from" : [ 24, -16, 24 ],
    "to" : [ 32, -8, 32 ],
    "faces" : {
      "east" : {
        "uv" : [ 0, 0, 16, 16 ],
        "texture" : "#6"
      },
      "south" : {
        "uv" : [ 0, 0, 16, 16 ],
        "texture" : "#6"
      },
      "north" : {
        "uv" : [ 0, 0, 16, 16 ],
        "texture" : "#6"
      },
      "west" : {
        "uv" : [ 0, 0, 16, 16 ],
        "texture" : "#6"
      },
      "up" : {
        "uv" : [ 0, 0, 16, 16 ],
        "texture" : "#7"
      },
      "down" : {
        "uv" : [ 0, 0, 16, 16 ],
        "texture" : "#7"
      }
    }
  }, {
    "from" : [ 8, -8, 0 ],
    "to" : [ 16, 0, 8 ],
    "faces" : {
      "east" : {
        "uv" : [ 0, 0, 16, 16 ],
        "texture" : "#8"
      },
      "south" : {
        "uv" : [ 0, 0, 16, 16 ],
        "texture" : "#8"
      },
      "north" : {
        "uv" : [ 0, 0, 16, 16 ],
        "texture" : "#8"
      },
      "west" : {
        "uv" : [ 0, 0, 16, 16 ],
        "texture" : "#8"
      },
      "up" : {
        "uv" : [ 0, 0, 16, 16 ],
        "texture" : "#9"
      },
      "down" : {
        "uv" : [ 0, 0, 16, 16 ],
        "texture" : "#9"
      }
    }
  }, {
    "from" : [ 8, -8, 24 ],
    "to" : [ 16, 0, 32 ],
    "faces" : {
      "east" : {
        "uv" : [ 0, 0, 16, 16 ],
        "texture" : "#8"
      },
      "south" : {
        "uv" : [ 0, 0, 16, 16 ],
        "texture" : "#8"
      },
      "north" : {
        "uv" : [ 0, 0, 16, 16 ],
        "texture" : "#8"
      },
      "west" : {
        "uv" : [ 0, 0, 16, 16 ],
        "texture" : "#8"
      },
      "down" : {
        "uv" : [ 0, 0, 16, 16 ],
        "texture" : "#9"
      }
    }
  }, {
    "from" : [ 8, 0, 24 ],
    "to" : [ 16, 8, 32 ],
    "faces" : {
      "east" : {
        "uv" : [ 0, 0, 16, 16 ],
        "texture" : "#8"
      },
      "south" : {
        "uv" : [ 0, 0, 16, 16 ],
        "texture" : "#8"
      },
      "north" : {
        "uv" : [ 0, 0, 16, 16 ],
        "texture" : "#8"
      },
      "west" : {
        "uv" : [ 0, 0, 16, 16 ],
        "texture" : "#8"
      },
      "up" : {
        "uv" : [ 0, 0, 16, 16 ],
        "texture" : "#9"
      }
    }
  }, {
    "from" : [ -16, 8, 24 ],
    "to" : [ -8, 16, 32 ],
    "faces" : {
      "east" : {
        "uv" : [ 0, 0, 16, 16 ],
        "texture" : "#0"
      },
      "north" : {
        "uv" : [ 0, 0, 16, 16 ],
        "texture" : "#0"
      },
      "west" : {
        "uv" : [ 0, 0, 16, 16 ],
        "texture" : "#0"
      },
      "up" : {
        "uv" : [ 0, 0, 16, 16 ],
        "texture" : "#0"
      },
      "down" : {
        "uv" : [ 0, 0, 16, 16 ],
        "texture" : "#0"
      }
    }
  }, {
    "from" : [ 0, 8, 24 ],
    "to" : [ 8, 16, 32 ],
    "faces" : {
      "east" : {
        "uv" : [ 0, 0, 16, 16 ],
        "texture" : "#0"
      },
      "north" : {
        "uv" : [ 0, 0, 16, 16 ],
        "texture" : "#0"
      },
      "west" : {
        "uv" : [ 0, 0, 16, 16 ],
        "texture" : "#0"
      },
      "up" : {
        "uv" : [ 0, 0, 16, 16 ],
        "texture" : "#0"
      },
      "down" : {
        "uv" : [ 0, 0, 16, 16 ],
        "texture" : "#0"
      }
    }
  }, {
    "from" : [ -16, -12, -8 ],
    "to" : [ -8, -8, 0 ],
    "faces" : {
      "south" : {
        "uv" : [ 0, 0, 16, 8 ],
        "texture" : "#15"
      },
      "north" : {
        "uv" : [ 0, 0, 16, 8 ],
        "texture" : "#15"
      },
      "up" : {
        "uv" : [ 0, 0, 16, 16 ],
        "texture" : "#15"
      },
      "down" : {
        "uv" : [ 0, 0, 16, 16 ],
        "texture" : "#15"
      }
    }
  }, {
    "from" : [ -8, -12, -8 ],
    "to" : [ 0, -8, 0 ],
    "faces" : {
      "south" : {
        "uv" : [ 0, 0, 16, 8 ],
        "texture" : "#13"
      },
      "north" : {
        "uv" : [ 0, 0, 16, 8 ],
        "texture" : "#13"
      },
      "up" : {
        "uv" : [ 0, 0, 16, 16 ],
        "texture" : "#13"
      },
      "down" : {
        "uv" : [ 0, 0, 16, 16 ],
        "texture" : "#13"
      }
    }
  }, {
    "from" : [ 0, -12, -8 ],
    "to" : [ 8, -8, 0 ],
    "faces" : {
      "south" : {
        "uv" : [ 0, 0, 16, 8 ],
        "texture" : "#14"
      },
      "north" : {
        "uv" : [ 0, 0, 16, 8 ],
        "texture" : "#14"
      },
      "up" : {
        "uv" : [ 0, 0, 16, 16 ],
        "texture" : "#14"
      },
      "down" : {
        "uv" : [ 0, 0, 16, 16 ],
        "texture" : "#14"
      }
    }
  }, {
    "from" : [ 8, -12, -8 ],
    "to" : [ 16, -8, 0 ],
    "faces" : {
      "south" : {
        "uv" : [ 0, 0, 16, 8 ],
        "texture" : "#15"
      },
      "north" : {
        "uv" : [ 0, 0, 16, 8 ],
        "texture" : "#15"
      },
      "up" : {
        "uv" : [ 0, 0, 16, 16 ],
        "texture" : "#15"
      },
      "down" : {
        "uv" : [ 0, 0, 16, 16 ],
        "texture" : "#15"
      }
    }
  }, {
    "from" : [ 16, -12, -8 ],
    "to" : [ 24, -8, 0 ],
    "faces" : {
      "south" : {
        "uv" : [ 0, 0, 16, 8 ],
        "texture" : "#16"
      },
      "north" : {
        "uv" : [ 0, 0, 16, 8 ],
        "texture" : "#16"
      },
      "up" : {
        "uv" : [ 0, 0, 16, 16 ],
        "texture" : "#16"
      },
      "down" : {
        "uv" : [ 0, 0, 16, 16 ],
        "texture" : "#16"
      }
    }
  }, {
    "from" : [ 24, -12, -8 ],
    "to" : [ 32, -8, 0 ],
    "faces" : {
      "south" : {
        "uv" : [ 0, 0, 16, 8 ],
        "texture" : "#13"
      },
      "north" : {
        "uv" : [ 0, 0, 16, 8 ],
        "texture" : "#13"
      },
      "up" : {
        "uv" : [ 0, 0, 16, 16 ],
        "texture" : "#13"
      },
      "down" : {
        "uv" : [ 0, 0, 16, 16 ],
        "texture" : "#13"
      }
    }
  }, {
    "from" : [ -15, -8, 1 ],
    "to" : [ -9, -6, 7 ],
    "faces" : {
      "east" : {
        "uv" : [ 2, 12, 14, 16 ],
        "texture" : "#17"
      },
      "south" : {
        "uv" : [ 4, 2, 0, 14 ],
        "texture" : "#17",
        "rotation" : 270
      },
      "north" : {
        "uv" : [ 0, 2, 4, 14 ],
        "texture" : "#17",
        "rotation" : 90
      },
      "west" : {
        "uv" : [ 2, 12, 14, 16 ],
        "texture" : "#17"
      },
      "up" : {
        "uv" : [ 2, 2, 14, 14 ],
        "texture" : "#17",
        "rotation" : 270
      },
      "down" : {
        "uv" : [ 2, 2, 14, 14 ],
        "texture" : "#17",
        "rotation" : 90
      }
    }
  }, {
    "from" : [ -15, -6, 2 ],
    "to" : [ -10, -6, 6 ],
    "faces" : {
      "east" : {
        "uv" : [ 4, 11, 12, 12 ],
        "texture" : "#17"
      },
      "south" : {
        "uv" : [ 5, 3, 4, 13 ],
        "texture" : "#17",
        "rotation" : 270
      },
      "north" : {
        "uv" : [ 4, 3, 5, 13 ],
        "texture" : "#17",
        "rotation" : 90
      },
      "west" : {
        "uv" : [ 4, 11, 12, 12 ],
        "texture" : "#17"
      },
      "up" : {
        "uv" : [ 4, 3, 12, 13 ],
        "texture" : "#17",
        "rotation" : 270
      }
    }
  }, {
    "from" : [ -14, -6, 3 ],
    "to" : [ -10, -3, 5 ],
    "faces" : {
      "east" : {
        "uv" : [ 6, 6, 10, 11 ],
        "texture" : "#17"
      },
      "south" : {
        "uv" : [ 10, 4, 5, 12 ],
        "texture" : "#17",
        "rotation" : 270
      },
      "north" : {
        "uv" : [ 5, 4, 10, 12 ],
        "texture" : "#17",
        "rotation" : 90
      },
      "west" : {
        "uv" : [ 6, 6, 10, 11 ],
        "texture" : "#17"
      }
    }
  }, {
    "from" : [ -16, -3, 1 ],
    "to" : [ -8, 0, 6 ],
    "faces" : {
      "east" : {
        "uv" : [ 3, 0, 13, 6 ],
        "texture" : "#17"
      },
      "south" : {
        "uv" : [ 16, 0, 10, 16 ],
        "texture" : "#17",
        "rotation" : 270
      },
      "north" : {
        "uv" : [ 10, 0, 16, 16 ],
        "texture" : "#17",
        "rotation" : 90
      },
      "west" : {
        "uv" : [ 3, 0, 13, 6 ],
        "texture" : "#17"
      },
      "up" : {
        "uv" : [ 3, 0, 13, 16 ],
        "texture" : "#18",
        "rotation" : 270
      },
      "down" : {
        "uv" : [ 3, 0, 13, 16 ],
        "texture" : "#17",
        "rotation" : 90
      }
    }
  }, {
    "from" : [ -14, -8, 26 ],
    "to" : [ -10, 0, 30 ],
    "faces" : {
      "east" : {
        "uv" : [ 4, 0, 12, 16 ],
        "texture" : "#1"
      },
      "south" : {
        "uv" : [ 4, 0, 12, 16 ],
        "texture" : "#1"
      },
      "north" : {
        "uv" : [ 4, 0, 12, 16 ],
        "texture" : "#1"
      },
      "west" : {
        "uv" : [ 4, 0, 12, 16 ],
        "texture" : "#1"
      },
      "up" : {
        "uv" : [ 4, 4, 12, 12 ],
        "texture" : "#1"
      },
      "down" : {
        "uv" : [ 4, 4, 12, 12 ],
        "texture" : "#1"
      }
    }
  }, {
    "from" : [ -14, -8, 28 ],
    "to" : [ -11, 0, 32 ],
    "faces" : {
      "east" : {
        "uv" : [ 0, 0, 8, 16 ],
        "texture" : "#1"
      },
      "south" : {
        "uv" : [ 5, 0, 11, 16 ],
        "texture" : "#1"
      },
      "west" : {
        "uv" : [ 8, 0, 16, 16 ],
        "texture" : "#1"
      },
      "up" : {
        "uv" : [ 5, 8, 11, 16 ],
        "texture" : "#1"
      },
      "down" : {
        "uv" : [ 5, 0, 11, 8 ],
        "texture" : "#1"
      }
    }
  }, {
    "from" : [ -16, -8, 26 ],
    "to" : [ -12, 0, 29 ],
    "faces" : {
      "south" : {
        "uv" : [ 0, 0, 8, 16 ],
        "texture" : "#1"
      },
      "north" : {
        "uv" : [ 8, 0, 16, 16 ],
        "texture" : "#1"
      },
      "up" : {
        "uv" : [ 0, 5, 8, 11 ],
        "texture" : "#1"
      },
      "down" : {
        "uv" : [ 0, 5, 8, 11 ],
        "texture" : "#1"
      }
    }
  }, {
    "from" : [ -7, -8, 1 ],
    "to" : [ -1, -6, 7 ],
    "faces" : {
      "east" : {
        "uv" : [ 2, 12, 14, 16 ],
        "texture" : "#17"
      },
      "south" : {
        "uv" : [ 4, 2, 0, 14 ],
        "texture" : "#17",
        "rotation" : 270
      },
      "north" : {
        "uv" : [ 0, 2, 4, 14 ],
        "texture" : "#17",
        "rotation" : 90
      },
      "west" : {
        "uv" : [ 2, 12, 14, 16 ],
        "texture" : "#17"
      },
      "up" : {
        "uv" : [ 2, 2, 14, 14 ],
        "texture" : "#17",
        "rotation" : 270
      },
      "down" : {
        "uv" : [ 2, 2, 14, 14 ],
        "texture" : "#17",
        "rotation" : 90
      }
    }
  }, {
    "from" : [ -7, -6, 2 ],
    "to" : [ -2, -6, 6 ],
    "faces" : {
      "east" : {
        "uv" : [ 4, 11, 12, 12 ],
        "texture" : "#17"
      },
      "south" : {
        "uv" : [ 5, 3, 4, 13 ],
        "texture" : "#17",
        "rotation" : 270
      },
      "north" : {
        "uv" : [ 4, 3, 5, 13 ],
        "texture" : "#17",
        "rotation" : 90
      },
      "west" : {
        "uv" : [ 4, 11, 12, 12 ],
        "texture" : "#17"
      },
      "up" : {
        "uv" : [ 4, 3, 12, 13 ],
        "texture" : "#17",
        "rotation" : 270
      }
    }
  }, {
    "from" : [ -6, -6, 3 ],
    "to" : [ -2, -3, 5 ],
    "faces" : {
      "east" : {
        "uv" : [ 6, 6, 10, 11 ],
        "texture" : "#17"
      },
      "south" : {
        "uv" : [ 10, 4, 5, 12 ],
        "texture" : "#17",
        "rotation" : 270
      },
      "north" : {
        "uv" : [ 5, 4, 10, 12 ],
        "texture" : "#17",
        "rotation" : 90
      },
      "west" : {
        "uv" : [ 6, 6, 10, 11 ],
        "texture" : "#17"
      }
    }
  }, {
    "from" : [ -8, -3, 1 ],
    "to" : [ 0, 0, 6 ],
    "faces" : {
      "east" : {
        "uv" : [ 3, 0, 13, 6 ],
        "texture" : "#17"
      },
      "south" : {
        "uv" : [ 16, 0, 10, 16 ],
        "texture" : "#17",
        "rotation" : 270
      },
      "north" : {
        "uv" : [ 10, 0, 16, 16 ],
        "texture" : "#17",
        "rotation" : 90
      },
      "west" : {
        "uv" : [ 3, 0, 13, 6 ],
        "texture" : "#17"
      },
      "up" : {
        "uv" : [ 3, 0, 13, 16 ],
        "texture" : "#18",
        "rotation" : 270
      },
      "down" : {
        "uv" : [ 3, 0, 13, 16 ],
        "texture" : "#17",
        "rotation" : 90
      }
    }
  }, {
    "from" : [ 1, -8, 1 ],
    "to" : [ 7, -6, 7 ],
    "faces" : {
      "east" : {
        "uv" : [ 2, 12, 14, 16 ],
        "texture" : "#17"
      },
      "south" : {
        "uv" : [ 4, 2, 0, 14 ],
        "texture" : "#17",
        "rotation" : 270
      },
      "north" : {
        "uv" : [ 0, 2, 4, 14 ],
        "texture" : "#17",
        "rotation" : 90
      },
      "west" : {
        "uv" : [ 2, 12, 14, 16 ],
        "texture" : "#17"
      },
      "up" : {
        "uv" : [ 2, 2, 14, 14 ],
        "texture" : "#17",
        "rotation" : 270
      },
      "down" : {
        "uv" : [ 2, 2, 14, 14 ],
        "texture" : "#17",
        "rotation" : 90
      }
    }
  }, {
    "from" : [ 1, -6, 2 ],
    "to" : [ 6, -6, 6 ],
    "faces" : {
      "east" : {
        "uv" : [ 4, 11, 12, 12 ],
        "texture" : "#17"
      },
      "south" : {
        "uv" : [ 5, 3, 4, 13 ],
        "texture" : "#17",
        "rotation" : 270
      },
      "north" : {
        "uv" : [ 4, 3, 5, 13 ],
        "texture" : "#17",
        "rotation" : 90
      },
      "west" : {
        "uv" : [ 4, 11, 12, 12 ],
        "texture" : "#17"
      },
      "up" : {
        "uv" : [ 4, 3, 12, 13 ],
        "texture" : "#17",
        "rotation" : 270
      }
    }
  }, {
    "from" : [ 2, -6, 3 ],
    "to" : [ 6, -3, 5 ],
    "faces" : {
      "east" : {
        "uv" : [ 6, 6, 10, 11 ],
        "texture" : "#17"
      },
      "south" : {
        "uv" : [ 10, 4, 5, 12 ],
        "texture" : "#17",
        "rotation" : 270
      },
      "north" : {
        "uv" : [ 5, 4, 10, 12 ],
        "texture" : "#17",
        "rotation" : 90
      },
      "west" : {
        "uv" : [ 6, 6, 10, 11 ],
        "texture" : "#17"
      }
    }
  }, {
    "from" : [ 0, -3, 1 ],
    "to" : [ 8, 0, 6 ],
    "faces" : {
      "east" : {
        "uv" : [ 3, 0, 13, 6 ],
        "texture" : "#17"
      },
      "south" : {
        "uv" : [ 16, 0, 10, 16 ],
        "texture" : "#17",
        "rotation" : 270
      },
      "north" : {
        "uv" : [ 10, 0, 16, 16 ],
        "texture" : "#17",
        "rotation" : 90
      },
      "west" : {
        "uv" : [ 3, 0, 13, 6 ],
        "texture" : "#17"
      },
      "up" : {
        "uv" : [ 3, 0, 13, 16 ],
        "texture" : "#18",
        "rotation" : 270
      },
      "down" : {
        "uv" : [ 3, 0, 13, 16 ],
        "texture" : "#17",
        "rotation" : 90
      }
    }
  }, {
    "from" : [ 2, -8, 26 ],
    "to" : [ 6, 0, 30 ],
    "faces" : {
      "east" : {
        "uv" : [ 4, 0, 12, 16 ],
        "texture" : "#1"
      },
      "south" : {
        "uv" : [ 4, 0, 12, 16 ],
        "texture" : "#1"
      },
      "north" : {
        "uv" : [ 4, 0, 12, 16 ],
        "texture" : "#1"
      },
      "west" : {
        "uv" : [ 4, 0, 12, 16 ],
        "texture" : "#1"
      },
      "up" : {
        "uv" : [ 4, 4, 12, 12 ],
        "texture" : "#1"
      },
      "down" : {
        "uv" : [ 4, 4, 12, 12 ],
        "texture" : "#1"
      }
    }
  }, {
    "from" : [ 4, -8, 26 ],
    "to" : [ 8, 0, 29 ],
    "faces" : {
      "south" : {
        "uv" : [ 8, 0, 16, 16 ],
        "texture" : "#1"
      },
      "north" : {
        "uv" : [ 0, 0, 8, 16 ],
        "texture" : "#1"
      },
      "up" : {
        "uv" : [ 8, 5, 16, 11 ],
        "texture" : "#1"
      },
      "down" : {
        "uv" : [ 8, 5, 16, 11 ],
        "texture" : "#1"
      }
    }
  }, {
    "from" : [ 2, -8, 28 ],
    "to" : [ 5, 0, 32 ],
    "faces" : {
      "east" : {
        "uv" : [ 0, 0, 8, 16 ],
        "texture" : "#1"
      },
      "south" : {
        "uv" : [ 5, 0, 11, 16 ],
        "texture" : "#1"
      },
      "west" : {
        "uv" : [ 8, 0, 16, 16 ],
        "texture" : "#1"
      },
      "up" : {
        "uv" : [ 5, 8, 11, 16 ],
        "texture" : "#1"
      },
      "down" : {
        "uv" : [ 5, 0, 11, 8 ],
        "texture" : "#1"
      }
    }
  }, {
    "from" : [ 17, -8, 1 ],
    "to" : [ 23, -6, 7 ],
    "faces" : {
      "east" : {
        "uv" : [ 2, 12, 14, 16 ],
        "texture" : "#17"
      },
      "south" : {
        "uv" : [ 4, 2, 0, 14 ],
        "texture" : "#17",
        "rotation" : 270
      },
      "north" : {
        "uv" : [ 0, 2, 4, 14 ],
        "texture" : "#17",
        "rotation" : 90
      },
      "west" : {
        "uv" : [ 2, 12, 14, 16 ],
        "texture" : "#17"
      },
      "up" : {
        "uv" : [ 2, 2, 14, 14 ],
        "texture" : "#17",
        "rotation" : 270
      },
      "down" : {
        "uv" : [ 2, 2, 14, 14 ],
        "texture" : "#17",
        "rotation" : 90
      }
    }
  }, {
    "from" : [ 17, -6, 2 ],
    "to" : [ 22, -6, 6 ],
    "faces" : {
      "east" : {
        "uv" : [ 4, 11, 12, 12 ],
        "texture" : "#17"
      },
      "south" : {
        "uv" : [ 5, 3, 4, 13 ],
        "texture" : "#17",
        "rotation" : 270
      },
      "north" : {
        "uv" : [ 4, 3, 5, 13 ],
        "texture" : "#17",
        "rotation" : 90
      },
      "west" : {
        "uv" : [ 4, 11, 12, 12 ],
        "texture" : "#17"
      },
      "up" : {
        "uv" : [ 4, 3, 12, 13 ],
        "texture" : "#17",
        "rotation" : 270
      }
    }
  }, {
    "from" : [ 18, -6, 3 ],
    "to" : [ 22, -3, 5 ],
    "faces" : {
      "east" : {
        "uv" : [ 6, 6, 10, 11 ],
        "texture" : "#17"
      },
      "south" : {
        "uv" : [ 10, 4, 5, 12 ],
        "texture" : "#17",
        "rotation" : 270
      },
      "north" : {
        "uv" : [ 5, 4, 10, 12 ],
        "texture" : "#17",
        "rotation" : 90
      },
      "west" : {
        "uv" : [ 6, 6, 10, 11 ],
        "texture" : "#17"
      }
    }
  }, {
    "from" : [ 16, -3, 1 ],
    "to" : [ 24, 0, 6 ],
    "faces" : {
      "east" : {
        "uv" : [ 3, 0, 13, 6 ],
        "texture" : "#17"
      },
      "south" : {
        "uv" : [ 16, 0, 10, 16 ],
        "texture" : "#17",
        "rotation" : 270
      },
      "north" : {
        "uv" : [ 10, 0, 16, 16 ],
        "texture" : "#17",
        "rotation" : 90
      },
      "west" : {
        "uv" : [ 3, 0, 13, 6 ],
        "texture" : "#17"
      },
      "up" : {
        "uv" : [ 3, 0, 13, 16 ],
        "texture" : "#18",
        "rotation" : 270
      },
      "down" : {
        "uv" : [ 3, 0, 13, 16 ],
        "texture" : "#17",
        "rotation" : 90
      }
    }
  }, {
    "from" : [ 25, -8, 1 ],
    "to" : [ 31, -6, 7 ],
    "faces" : {
      "east" : {
        "uv" : [ 2, 12, 14, 16 ],
        "texture" : "#17"
      },
      "south" : {
        "uv" : [ 4, 2, 0, 14 ],
        "texture" : "#17",
        "rotation" : 270
      },
      "north" : {
        "uv" : [ 0, 2, 4, 14 ],
        "texture" : "#17",
        "rotation" : 90
      },
      "west" : {
        "uv" : [ 2, 12, 14, 16 ],
        "texture" : "#17"
      },
      "up" : {
        "uv" : [ 2, 2, 14, 14 ],
        "texture" : "#17",
        "rotation" : 270
      },
      "down" : {
        "uv" : [ 2, 2, 14, 14 ],
        "texture" : "#17",
        "rotation" : 90
      }
    }
  }, {
    "from" : [ 25, -6, 2 ],
    "to" : [ 30, -6, 6 ],
    "faces" : {
      "east" : {
        "uv" : [ 4, 11, 12, 12 ],
        "texture" : "#17"
      },
      "south" : {
        "uv" : [ 5, 3, 4, 13 ],
        "texture" : "#17",
        "rotation" : 270
      },
      "north" : {
        "uv" : [ 4, 3, 5, 13 ],
        "texture" : "#17",
        "rotation" : 90
      },
      "west" : {
        "uv" : [ 4, 11, 12, 12 ],
        "texture" : "#17"
      },
      "up" : {
        "uv" : [ 4, 3, 12, 13 ],
        "texture" : "#17",
        "rotation" : 270
      }
    }
  }, {
    "from" : [ 26, -6, 3 ],
    "to" : [ 30, -3, 5 ],
    "faces" : {
      "east" : {
        "uv" : [ 6, 6, 10, 11 ],
        "texture" : "#17"
      },
      "south" : {
        "uv" : [ 10, 4, 5, 12 ],
        "texture" : "#17",
        "rotation" : 270
      },
      "north" : {
        "uv" : [ 5, 4, 10, 12 ],
        "texture" : "#17",
        "rotation" : 90
      },
      "west" : {
        "uv" : [ 6, 6, 10, 11 ],
        "texture" : "#17"
      }
    }
  }, {
    "from" : [ 24, -3, 1 ],
    "to" : [ 32, 0, 6 ],
    "faces" : {
      "east" : {
        "uv" : [ 3, 0, 13, 6 ],
        "texture" : "#17"
      },
      "south" : {
        "uv" : [ 16, 0, 10, 16 ],
        "texture" : "#17",
        "rotation" : 270
      },
      "north" : {
        "uv" : [ 10, 0, 16, 16 ],
        "texture" : "#17",
        "rotation" : 90
      },
      "west" : {
        "uv" : [ 3, 0, 13, 6 ],
        "texture" : "#17"
      },
      "up" : {
        "uv" : [ 3, 0, 13, 16 ],
        "texture" : "#18",
        "rotation" : 270
      },
      "down" : {
        "uv" : [ 3, 0, 13, 16 ],
        "texture" : "#17",
        "rotation" : 90
      }
    }
  }, {
    "from" : [ -14, 0, 26 ],
    "to" : [ -10, 8, 30 ],
    "faces" : {
      "east" : {
        "uv" : [ 4, 0, 12, 16 ],
        "texture" : "#1"
      },
      "south" : {
        "uv" : [ 4, 0, 12, 16 ],
        "texture" : "#1"
      },
      "north" : {
        "uv" : [ 4, 0, 12, 16 ],
        "texture" : "#1"
      },
      "west" : {
        "uv" : [ 4, 0, 12, 16 ],
        "texture" : "#1"
      },
      "up" : {
        "uv" : [ 4, 4, 12, 12 ],
        "texture" : "#1"
      },
      "down" : {
        "uv" : [ 4, 4, 12, 12 ],
        "texture" : "#1"
      }
    }
  }, {
    "from" : [ -14, 0, 28 ],
    "to" : [ -11, 8, 32 ],
    "faces" : {
      "east" : {
        "uv" : [ 0, 0, 8, 16 ],
        "texture" : "#1"
      },
      "south" : {
        "uv" : [ 5, 0, 11, 16 ],
        "texture" : "#1"
      },
      "west" : {
        "uv" : [ 8, 0, 16, 16 ],
        "texture" : "#1"
      },
      "up" : {
        "uv" : [ 5, 8, 11, 16 ],
        "texture" : "#1"
      },
      "down" : {
        "uv" : [ 5, 0, 11, 8 ],
        "texture" : "#1"
      }
    }
  }, {
    "from" : [ -16, 0, 26 ],
    "to" : [ -12, 8, 29 ],
    "faces" : {
      "south" : {
        "uv" : [ 0, 0, 8, 16 ],
        "texture" : "#1"
      },
      "north" : {
        "uv" : [ 8, 0, 16, 16 ],
        "texture" : "#1"
      },
      "up" : {
        "uv" : [ 0, 5, 8, 11 ],
        "texture" : "#1"
      },
      "down" : {
        "uv" : [ 0, 5, 8, 11 ],
        "texture" : "#1"
      }
    }
  }, {
    "from" : [ 2, 0, 26 ],
    "to" : [ 6, 8, 30 ],
    "faces" : {
      "east" : {
        "uv" : [ 4, 0, 12, 16 ],
        "texture" : "#1"
      },
      "south" : {
        "uv" : [ 4, 0, 12, 16 ],
        "texture" : "#1"
      },
      "north" : {
        "uv" : [ 4, 0, 12, 16 ],
        "texture" : "#1"
      },
      "west" : {
        "uv" : [ 4, 0, 12, 16 ],
        "texture" : "#1"
      },
      "up" : {
        "uv" : [ 4, 4, 12, 12 ],
        "texture" : "#1"
      },
      "down" : {
        "uv" : [ 4, 4, 12, 12 ],
        "texture" : "#1"
      }
    }
  }, {
    "from" : [ 4, 0, 26 ],
    "to" : [ 8, 8, 29 ],
    "faces" : {
      "south" : {
        "uv" : [ 8, 0, 16, 16 ],
        "texture" : "#1"
      },
      "north" : {
        "uv" : [ 0, 0, 8, 16 ],
        "texture" : "#1"
      },
      "up" : {
        "uv" : [ 8, 5, 16, 11 ],
        "texture" : "#1"
      },
      "down" : {
        "uv" : [ 8, 5, 16, 11 ],
        "texture" : "#1"
      }
    }
  }, {
    "from" : [ 2, 0, 28 ],
    "to" : [ 5, 8, 32 ],
    "faces" : {
      "east" : {
        "uv" : [ 0, 0, 8, 16 ],
        "texture" : "#1"
      },
      "south" : {
        "uv" : [ 5, 0, 11, 16 ],
        "texture" : "#1"
      },
      "west" : {
        "uv" : [ 8, 0, 16, 16 ],
        "texture" : "#1"
      },
      "up" : {
        "uv" : [ 5, 8, 11, 16 ],
        "texture" : "#1"
      },
      "down" : {
        "uv" : [ 5, 0, 11, 8 ],
        "texture" : "#1"
      }
    }
  }, {
    "from" : [ 8, 0, 0 ],
    "to" : [ 16, 4, 8 ],
    "faces" : {
      "east" : {
        "uv" : [ 0, 8, 16, 16 ],
        "texture" : "#1"
      },
      "south" : {
        "uv" : [ 0, 8, 16, 16 ],
        "texture" : "#1"
      },
      "north" : {
        "uv" : [ 0, 8, 16, 16 ],
        "texture" : "#1"
      },
      "west" : {
        "uv" : [ 0, 8, 16, 16 ],
        "texture" : "#1"
      },
      "up" : {
        "uv" : [ 0, 0, 16, 16 ],
        "texture" : "#1"
      }
    }
  }, {
    "from" : [ -8, 8, 24 ],
    "to" : [ 0, 12, 32 ],
    "faces" : {
      "east" : {
        "uv" : [ 0, 8, 16, 16 ],
        "texture" : "#0"
      },
      "south" : {
        "uv" : [ 0, 8, 16, 16 ],
        "texture" : "#0"
      },
      "north" : {
        "uv" : [ 0, 8, 16, 16 ],
        "texture" : "#0"
      },
      "west" : {
        "uv" : [ 0, 8, 16, 16 ],
        "texture" : "#0"
      },
      "up" : {
        "uv" : [ 0, 0, 16, 16 ],
        "texture" : "#0"
      },
      "down" : {
        "uv" : [ 0, 0, 16, 16 ],
        "texture" : "#0"
      }
    }
  }, {
    "from" : [ 8, 8, 24 ],
    "to" : [ 16, 12, 32 ],
    "faces" : {
      "east" : {
        "uv" : [ 0, 8, 16, 16 ],
        "texture" : "#0"
      },
      "south" : {
        "uv" : [ 0, 8, 16, 16 ],
        "texture" : "#0"
      },
      "north" : {
        "uv" : [ 0, 8, 16, 16 ],
        "texture" : "#0"
      },
      "west" : {
        "uv" : [ 0, 8, 16, 16 ],
        "texture" : "#0"
      },
      "up" : {
        "uv" : [ 0, 0, 16, 16 ],
        "texture" : "#0"
      }
    }
  }, {
    "from" : [ -14, 16, 26 ],
    "to" : [ -10, 24, 30 ],
    "faces" : {
      "east" : {
        "uv" : [ 4, 0, 12, 16 ],
        "texture" : "#1"
      },
      "south" : {
        "uv" : [ 4, 0, 12, 16 ],
        "texture" : "#1"
      },
      "north" : {
        "uv" : [ 4, 0, 12, 16 ],
        "texture" : "#1"
      },
      "west" : {
        "uv" : [ 4, 0, 12, 16 ],
        "texture" : "#1"
      },
      "up" : {
        "uv" : [ 4, 4, 12, 12 ],
        "texture" : "#1"
      },
      "down" : {
        "uv" : [ 4, 4, 12, 12 ],
        "texture" : "#1"
      }
    }
  }, {
    "from" : [ -14, 16, 28 ],
    "to" : [ -11, 24, 32 ],
    "faces" : {
      "east" : {
        "uv" : [ 0, 0, 8, 16 ],
        "texture" : "#1"
      },
      "west" : {
        "uv" : [ 8, 0, 16, 16 ],
        "texture" : "#1"
      },
      "up" : {
        "uv" : [ 5, 8, 11, 16 ],
        "texture" : "#1"
      },
      "down" : {
        "uv" : [ 5, 0, 11, 8 ],
        "texture" : "#1"
      }
    }
  }, {
    "from" : [ 2, 16, 26 ],
    "to" : [ 6, 24, 30 ],
    "faces" : {
      "east" : {
        "uv" : [ 4, 0, 12, 16 ],
        "texture" : "#1"
      },
      "south" : {
        "uv" : [ 4, 0, 12, 16 ],
        "texture" : "#1"
      },
      "north" : {
        "uv" : [ 4, 0, 12, 16 ],
        "texture" : "#1"
      },
      "west" : {
        "uv" : [ 4, 0, 12, 16 ],
        "texture" : "#1"
      },
      "up" : {
        "uv" : [ 4, 4, 12, 12 ],
        "texture" : "#1"
      },
      "down" : {
        "uv" : [ 4, 4, 12, 12 ],
        "texture" : "#1"
      }
    }
  }, {
    "from" : [ 2, 16, 28 ],
    "to" : [ 5, 24, 32 ],
    "faces" : {
      "east" : {
        "uv" : [ 0, 0, 8, 16 ],
        "texture" : "#1"
      },
      "west" : {
        "uv" : [ 8, 0, 16, 16 ],
        "texture" : "#1"
      },
      "up" : {
        "uv" : [ 5, 8, 11, 16 ],
        "texture" : "#1"
      },
      "down" : {
        "uv" : [ 5, 0, 11, 8 ],
        "texture" : "#1"
      }
    }
  }, {
    "from" : [ -14, 24, 26 ],
    "to" : [ -10, 32, 30 ],
    "faces" : {
      "east" : {
        "uv" : [ 4, 0, 12, 16 ],
        "texture" : "#1"
      },
      "south" : {
        "uv" : [ 4, 0, 12, 16 ],
        "texture" : "#1"
      },
      "north" : {
        "uv" : [ 4, 0, 12, 16 ],
        "texture" : "#1"
      },
      "west" : {
        "uv" : [ 4, 0, 12, 16 ],
        "texture" : "#1"
      },
      "up" : {
        "uv" : [ 4, 4, 12, 12 ],
        "texture" : "#1"
      },
      "down" : {
        "uv" : [ 4, 4, 12, 12 ],
        "texture" : "#1"
      }
    }
  }, {
    "from" : [ -14, 24, 28 ],
    "to" : [ -11, 32, 32 ],
    "faces" : {
      "east" : {
        "uv" : [ 0, 0, 8, 16 ],
        "texture" : "#1"
      },
      "west" : {
        "uv" : [ 8, 0, 16, 16 ],
        "texture" : "#1"
      },
      "up" : {
        "uv" : [ 5, 8, 11, 16 ],
        "texture" : "#1"
      },
      "down" : {
        "uv" : [ 5, 0, 11, 8 ],
        "texture" : "#1"
      }
    }
  }, {
    "from" : [ 2, 24, 26 ],
    "to" : [ 6, 32, 30 ],
    "faces" : {
      "east" : {
        "uv" : [ 4, 0, 12, 16 ],
        "texture" : "#1"
      },
      "south" : {
        "uv" : [ 4, 0, 12, 16 ],
        "texture" : "#1"
      },
      "north" : {
        "uv" : [ 4, 0, 12, 16 ],
        "texture" : "#1"
      },
      "west" : {
        "uv" : [ 4, 0, 12, 16 ],
        "texture" : "#1"
      },
      "up" : {
        "uv" : [ 4, 4, 12, 12 ],
        "texture" : "#1"
      },
      "down" : {
        "uv" : [ 4, 4, 12, 12 ],
        "texture" : "#1"
      }
    }
  }, {
    "from" : [ 2, 24, 28 ],
    "to" : [ 5, 32, 32 ],
    "faces" : {
      "east" : {
        "uv" : [ 0, 0, 8, 16 ],
        "texture" : "#1"
      },
      "west" : {
        "uv" : [ 8, 0, 16, 16 ],
        "texture" : "#1"
      },
      "up" : {
        "uv" : [ 5, 8, 11, 16 ],
        "texture" : "#1"
      },
      "down" : {
        "uv" : [ 5, 0, 11, 8 ],
        "texture" : "#1"
      }
    }
  } ],
  "display" : {
    "head" : {
      "translation" : [ 0.0, -43.25, 0.0 ],
      "scale" : [ 3.2, 3.2, 3.2 ]
    }
  }
}