{
  "textures" : {
    "22" : "block/cauldron_inner",
    "23" : "block/cauldron_bottom",
    "24" : "block/water_still",
    "25" : "block/chain",
    "10" : "block/soul_soil",
    "11" : "block/oxidized_cut_copper",
    "12" : "block/weathered_cut_copper",
    "13" : "block/stone",
    "14" : "block/andesite",
    "15" : "block/stone_bricks",
    "16" : "block/polished_andesite",
    "17" : "block/anvil",
    "18" : "block/anvil_top",
    "19" : "block/soul_fire_0",
    "0" : "block/deepslate_tiles",
    "1" : "block/deepslate_bricks",
    "2" : "block/oxidized_copper",
    "3" : "block/polished_deepslate",
    "4" : "block/weathered_copper",
    "5" : "block/cobbled_deepslate",
    "6" : "block/deepslate",
    "7" : "block/deepslate_top",
    "8" : "block/polished_basalt_side",
    "9" : "block/polished_basalt_top",
    "20" : "block/cauldron_side",
    "21" : "block/cauldron_top"
  },
  "elements" : [ {
    "from" : [ 0, -16, -16 ],
    "to" : [ 8, -8, -8 ],
    "faces" : {
      "east" : {
        "uv" : [ 0, 0, 16, 16 ],
        "texture" : "#1"
      },
      "south" : {
        "uv" : [ 0, 0, 16, 16 ],
        "texture" : "#1"
      },
      "north" : {
        "uv" : [ 0, 0, 16, 16 ],
        "texture" : "#1"
      },
      "west" : {
        "uv" : [ 0, 0, 16, 16 ],
        "texture" : "#1"
      },
      "up" : {
        "uv" : [ 0, 0, 16, 16 ],
        "texture" : "#1"
      },
      "down" : {
        "uv" : [ 0, 0, 16, 16 ],
        "texture" : "#1"
      }
    }
  }, {
    "from" : [ 0, -16, -8 ],
    "to" : [ 8, -8, 0 ],
    "faces" : {
      "east" : {
        "uv" : [ 0, 0, 16, 16 ],
        "texture" : "#1"
      },
      "south" : {
        "uv" : [ 0, 0, 16, 16 ],
        "texture" : "#1"
      },
      "north" : {
        "uv" : [ 0, 0, 16, 16 ],
        "texture" : "#1"
      },
      "west" : {
        "uv" : [ 0, 0, 16, 16 ],
        "texture" : "#1"
      },
      "up" : {
        "uv" : [ 0, 0, 16, 16 ],
        "texture" : "#1"
      },
      "down" : {
        "uv" : [ 0, 0, 16, 16 ],
        "texture" : "#1"
      }
    }
  }, {
    "from" : [ 0, -16, 0 ],
    "to" : [ 8, -8, 8 ],
    "faces" : {
      "east" : {
        "uv" : [ 0, 0, 16, 16 ],
        "texture" : "#1"
      },
      "south" : {
        "uv" : [ 0, 0, 16, 16 ],
        "texture" : "#1"
      },
      "north" : {
        "uv" : [ 0, 0, 16, 16 ],
        "texture" : "#1"
      },
      "west" : {
        "uv" : [ 0, 0, 16, 16 ],
        "texture" : "#1"
      },
      "up" : {
        "uv" : [ 0, 0, 16, 16 ],
        "texture" : "#1"
      },
      "down" : {
        "uv" : [ 0, 0, 16, 16 ],
        "texture" : "#1"
      }
    }
  }, {
    "from" : [ 0, -16, 8 ],
    "to" : [ 8, -8, 16 ],
    "faces" : {
      "east" : {
        "uv" : [ 0, 0, 16, 16 ],
        "texture" : "#1"
      },
      "south" : {
        "uv" : [ 0, 0, 16, 16 ],
        "texture" : "#1"
      },
      "north" : {
        "uv" : [ 0, 0, 16, 16 ],
        "texture" : "#1"
      },
      "west" : {
        "uv" : [ 0, 0, 16, 16 ],
        "texture" : "#1"
      },
      "down" : {
        "uv" : [ 0, 0, 16, 16 ],
        "texture" : "#1"
      }
    }
  }, {
    "from" : [ 0, -16, 16 ],
    "to" : [ 8, -8, 24 ],
    "faces" : {
      "east" : {
        "uv" : [ 0, 0, 16, 16 ],
        "texture" : "#1"
      },
      "south" : {
        "uv" : [ 0, 0, 16, 16 ],
        "texture" : "#1"
      },
      "north" : {
        "uv" : [ 0, 0, 16, 16 ],
        "texture" : "#1"
      },
      "west" : {
        "uv" : [ 0, 0, 16, 16 ],
        "texture" : "#1"
      },
      "up" : {
        "uv" : [ 0, 0, 16, 16 ],
        "texture" : "#1"
      },
      "down" : {
        "uv" : [ 0, 0, 16, 16 ],
        "texture" : "#1"
      }
    }
  }, {
    "from" : [ 0, -16, 24 ],
    "to" : [ 8, -8, 32 ],
    "faces" : {
      "east" : {
        "uv" : [ 0, 0, 16, 16 ],
        "texture" : "#1"
      },
      "south" : {
        "uv" : [ 0, 0, 16, 16 ],
        "texture" : "#1"
      },
      "north" : {
        "uv" : [ 0, 0, 16, 16 ],
        "texture" : "#1"
      },
      "west" : {
        "uv" : [ 0, 0, 16, 16 ],
        "texture" : "#1"
      },
      "up" : {
        "uv" : [ 0, 0, 16, 16 ],
        "texture" : "#1"
      },
      "down" : {
        "uv" : [ 0, 0, 16, 16 ],
        "texture" : "#1"
      }
    }
  }, {
    "from" : [ 8, -16, -16 ],
    "to" : [ 16, -8, -8 ],
    "faces" : {
      "east" : {
        "uv" : [ 0, 0, 16, 16 ],
        "texture" : "#5"
      },
      "south" : {
        "uv" : [ 0, 0, 16, 16 ],
        "texture" : "#5"
      },
      "north" : {
        "uv" : [ 0, 0, 16, 16 ],
        "texture" : "#5"
      },
      "west" : {
        "uv" : [ 0, 0, 16, 16 ],
        "texture" : "#5"
      },
      "up" : {
        "uv" : [ 0, 0, 16, 16 ],
        "texture" : "#5"
      },
      "down" : {
        "uv" : [ 0, 0, 16, 16 ],
        "texture" : "#5"
      }
    }
  }, {
    "from" : [ 8, -16, -8 ],
    "to" : [ 16, -8, 0 ],
    "faces" : {
      "east" : {
        "uv" : [ 0, 0, 16, 16 ],
        "texture" : "#6"
      },
      "south" : {
        "uv" : [ 0, 0, 16, 16 ],
        "texture" : "#6"
      },
      "north" : {
        "uv" : [ 0, 0, 16, 16 ],
        "texture" : "#6"
      },
      "west" : {
        "uv" : [ 0, 0, 16, 16 ],
        "texture" : "#6"
      },
      "up" : {
        "uv" : [ 0, 0, 16, 16 ],
        "texture" : "#7"
      },
      "down" : {
        "uv" : [ 0, 0, 16, 16 ],
        "texture" : "#7"
      }
    }
  }, {
    "from" : [ 8, -16, 0 ],
    "to" : [ 16, -8, 8 ],
    "faces" : {
      "east" : {
        "uv" : [ 0, 0, 16, 16 ],
        "texture" : "#6"
      },
      "south" : {
        "uv" : [ 0, 0, 16, 16 ],
        "texture" : "#6"
      },
      "north" : {
        "uv" : [ 0, 0, 16, 16 ],
        "texture" : "#6"
      },
      "west" : {
        "uv" : [ 0, 0, 16, 16 ],
        "texture" : "#6"
      },
      "up" : {
        "uv" : [ 0, 0, 16, 16 ],
        "texture" : "#7"
      },
      "down" : {
        "uv" : [ 0, 0, 16, 16 ],
        "texture" : "#7"
      }
    }
  }, {
    "from" : [ 8, -16, 8 ],
    "to" : [ 16, -8, 16 ],
    "faces" : {
      "east" : {
        "uv" : [ 0, 0, 16, 16 ],
        "texture" : "#6"
      },
      "south" : {
        "uv" : [ 0, 0, 16, 16 ],
        "texture" : "#6"
      },
      "north" : {
        "uv" : [ 0, 0, 16, 16 ],
        "texture" : "#6"
      },
      "west" : {
        "uv" : [ 0, 0, 16, 16 ],
        "texture" : "#6"
      },
      "up" : {
        "uv" : [ 0, 0, 16, 16 ],
        "texture" : "#7"
      },
      "down" : {
        "uv" : [ 0, 0, 16, 16 ],
        "texture" : "#7"
      }
    }
  }, {
    "from" : [ 8, -16, 16 ],
    "to" : [ 16, -8, 24 ],
    "faces" : {
      "east" : {
        "uv" : [ 0, 0, 16, 16 ],
        "texture" : "#5"
      },
      "south" : {
        "uv" : [ 0, 0, 16, 16 ],
        "texture" : "#5"
      },
      "north" : {
        "uv" : [ 0, 0, 16, 16 ],
        "texture" : "#5"
      },
      "west" : {
        "uv" : [ 0, 0, 16, 16 ],
        "texture" : "#5"
      },
      "up" : {
        "uv" : [ 0, 0, 16, 16 ],
        "texture" : "#5"
      },
      "down" : {
        "uv" : [ 0, 0, 16, 16 ],
        "texture" : "#5"
      }
    }
  }, {
    "from" : [ 8, -16, 24 ],
    "to" : [ 16, -8, 32 ],
    "faces" : {
      "east" : {
        "uv" : [ 0, 0, 16, 16 ],
        "texture" : "#5"
      },
      "south" : {
        "uv" : [ 0, 0, 16, 16 ],
        "texture" : "#5"
      },
      "north" : {
        "uv" : [ 0, 0, 16, 16 ],
        "texture" : "#5"
      },
      "west" : {
        "uv" : [ 0, 0, 16, 16 ],
        "texture" : "#5"
      },
      "up" : {
        "uv" : [ 0, 0, 16, 16 ],
        "texture" : "#5"
      },
      "down" : {
        "uv" : [ 0, 0, 16, 16 ],
        "texture" : "#5"
      }
    }
  }, {
    "from" : [ 16, -16, -16 ],
    "to" : [ 24, -8, -8 ],
    "faces" : {
      "east" : {
        "uv" : [ 0, 0, 16, 16 ],
        "texture" : "#5"
      },
      "south" : {
        "uv" : [ 0, 0, 16, 16 ],
        "texture" : "#5"
      },
      "north" : {
        "uv" : [ 0, 0, 16, 16 ],
        "texture" : "#5"
      },
      "west" : {
        "uv" : [ 0, 0, 16, 16 ],
        "texture" : "#5"
      },
      "up" : {
        "uv" : [ 0, 0, 16, 16 ],
        "texture" : "#5"
      },
      "down" : {
        "uv" : [ 0, 0, 16, 16 ],
        "texture" : "#5"
      }
    }
  }, {
    "from" : [ 16, -16, -8 ],
    "to" : [ 24, -8, 0 ],
    "faces" : {
      "east" : {
        "uv" : [ 0, 0, 16, 16 ],
        "texture" : "#5"
      },
      "south" : {
        "uv" : [ 0, 0, 16, 16 ],
        "texture" : "#5"
      },
      "north" : {
        "uv" : [ 0, 0, 16, 16 ],
        "texture" : "#5"
      },
      "west" : {
        "uv" : [ 0, 0, 16, 16 ],
        "texture" : "#5"
      },
      "up" : {
        "uv" : [ 0, 0, 16, 16 ],
        "texture" : "#5"
      },
      "down" : {
        "uv" : [ 0, 0, 16, 16 ],
        "texture" : "#5"
      }
    }
  }, {
    "from" : [ 16, -16, 0 ],
    "to" : [ 24, -8, 8 ],
    "faces" : {
      "east" : {
        "uv" : [ 0, 0, 16, 16 ],
        "texture" : "#6"
      },
      "south" : {
        "uv" : [ 0, 0, 16, 16 ],
        "texture" : "#6"
      },
      "north" : {
        "uv" : [ 0, 0, 16, 16 ],
        "texture" : "#6"
      },
      "west" : {
        "uv" : [ 0, 0, 16, 16 ],
        "texture" : "#6"
      },
      "up" : {
        "uv" : [ 0, 0, 16, 16 ],
        "texture" : "#7"
      },
      "down" : {
        "uv" : [ 0, 0, 16, 16 ],
        "texture" : "#7"
      }
    }
  }, {
    "from" : [ 16, -16, 8 ],
    "to" : [ 24, -8, 16 ],
    "faces" : {
      "east" : {
        "uv" : [ 0, 0, 16, 16 ],
        "texture" : "#5"
      },
      "south" : {
        "uv" : [ 0, 0, 16, 16 ],
        "texture" : "#5"
      },
      "north" : {
        "uv" : [ 0, 0, 16, 16 ],
        "texture" : "#5"
      },
      "west" : {
        "uv" : [ 0, 0, 16, 16 ],
        "texture" : "#5"
      },
      "up" : {
        "uv" : [ 0, 0, 16, 16 ],
        "texture" : "#5"
      },
      "down" : {
        "uv" : [ 0, 0, 16, 16 ],
        "texture" : "#5"
      }
    }
  }, {
    "from" : [ 16, -16, 16 ],
    "to" : [ 24, -8, 24 ],
    "faces" : {
      "east" : {
        "uv" : [ 0, 0, 16, 16 ],
        "texture" : "#6"
      },
      "south" : {
        "uv" : [ 0, 0, 16, 16 ],
        "texture" : "#6"
      },
      "north" : {
        "uv" : [ 0, 0, 16, 16 ],
        "texture" : "#6"
      },
      "west" : {
        "uv" : [ 0, 0, 16, 16 ],
        "texture" : "#6"
      },
      "up" : {
        "uv" : [ 0, 0, 16, 16 ],
        "texture" : "#7"
      },
      "down" : {
        "uv" : [ 0, 0, 16, 16 ],
        "texture" : "#7"
      }
    }
  }, {
    "from" : [ 16, -16, 24 ],
    "to" : [ 24, -8, 32 ],
    "faces" : {
      "east" : {
        "uv" : [ 0, 0, 16, 16 ],
        "texture" : "#6"
      },
      "south" : {
        "uv" : [ 0, 0, 16, 16 ],
        "texture" : "#6"
      },
      "north" : {
        "uv" : [ 0, 0, 16, 16 ],
        "texture" : "#6"
      },
      "west" : {
        "uv" : [ 0, 0, 16, 16 ],
        "texture" : "#6"
      },
      "up" : {
        "uv" : [ 0, 0, 16, 16 ],
        "texture" : "#7"
      },
      "down" : {
        "uv" : [ 0, 0, 16, 16 ],
        "texture" : "#7"
      }
    }
  }, {
    "from" : [ 24, -16, -16 ],
    "to" : [ 32, -8, -8 ],
    "faces" : {
      "east" : {
        "uv" : [ 0, 0, 16, 16 ],
        "texture" : "#5"
      },
      "south" : {
        "uv" : [ 0, 0, 16, 16 ],
        "texture" : "#5"
      },
      "north" : {
        "uv" : [ 0, 0, 16, 16 ],
        "texture" : "#5"
      },
      "west" : {
        "uv" : [ 0, 0, 16, 16 ],
        "texture" : "#5"
      },
      "up" : {
        "uv" : [ 0, 0, 16, 16 ],
        "texture" : "#5"
      },
      "down" : {
        "uv" : [ 0, 0, 16, 16 ],
        "texture" : "#5"
      }
    }
  }, {
    "from" : [ 24, -16, -8 ],
    "to" : [ 32, -8, 0 ],
    "faces" : {
      "east" : {
        "uv" : [ 0, 0, 16, 16 ],
        "texture" : "#5"
      },
      "south" : {
        "uv" : [ 0, 0, 16, 16 ],
        "texture" : "#5"
      },
      "north" : {
        "uv" : [ 0, 0, 16, 16 ],
        "texture" : "#5"
      },
      "west" : {
        "uv" : [ 0, 0, 16, 16 ],
        "texture" : "#5"
      },
      "up" : {
        "uv" : [ 0, 0, 16, 16 ],
        "texture" : "#5"
      },
      "down" : {
        "uv" : [ 0, 0, 16, 16 ],
        "texture" : "#5"
      }
    }
  }, {
    "from" : [ 24, -16, 0 ],
    "to" : [ 32, -8, 8 ],
    "faces" : {
      "east" : {
        "uv" : [ 0, 0, 16, 16 ],
        "texture" : "#5"
      },
      "south" : {
        "uv" : [ 0, 0, 16, 16 ],
        "texture" : "#5"
      },
      "north" : {
        "uv" : [ 0, 0, 16, 16 ],
        "texture" : "#5"
      },
      "west" : {
        "uv" : [ 0, 0, 16, 16 ],
        "texture" : "#5"
      },
      "up" : {
        "uv" : [ 0, 0, 16, 16 ],
        "texture" : "#5"
      },
      "down" : {
        "uv" : [ 0, 0, 16, 16 ],
        "texture" : "#5"
      }
    }
  }, {
    "from" : [ 24, -16, 8 ],
    "to" : [ 32, -8, 16 ],
    "faces" : {
      "east" : {
        "uv" : [ 0, 0, 16, 16 ],
        "texture" : "#6"
      },
      "south" : {
        "uv" : [ 0, 0, 16, 16 ],
        "texture" : "#6"
      },
      "north" : {
        "uv" : [ 0, 0, 16, 16 ],
        "texture" : "#6"
      },
      "west" : {
        "uv" : [ 0, 0, 16, 16 ],
        "texture" : "#6"
      },
      "down" : {
        "uv" : [ 0, 0, 16, 16 ],
        "texture" : "#7"
      }
    }
  }, {
    "from" : [ 24, -16, 16 ],
    "to" : [ 32, -8, 24 ],
    "faces" : {
      "east" : {
        "uv" : [ 0, 0, 16, 16 ],
        "texture" : "#6"
      },
      "south" : {
        "uv" : [ 0, 0, 16, 16 ],
        "texture" : "#6"
      },
      "north" : {
        "uv" : [ 0, 0, 16, 16 ],
        "texture" : "#6"
      },
      "west" : {
        "uv" : [ 0, 0, 16, 16 ],
        "texture" : "#6"
      },
      "up" : {
        "uv" : [ 0, 0, 16, 16 ],
        "texture" : "#7"
      },
      "down" : {
        "uv" : [ 0, 0, 16, 16 ],
        "texture" : "#7"
      }
    }
  }, {
    "from" : [ 24, -16, 24 ],
    "to" : [ 32, -8, 32 ],
    "faces" : {
      "east" : {
        "uv" : [ 0, 0, 16, 16 ],
        "texture" : "#6"
      },
      "south" : {
        "uv" : [ 0, 0, 16, 16 ],
        "texture" : "#6"
      },
      "north" : {
        "uv" : [ 0, 0, 16, 16 ],
        "texture" : "#6"
      },
      "west" : {
        "uv" : [ 0, 0, 16, 16 ],
        "texture" : "#6"
      },
      "up" : {
        "uv" : [ 0, 0, 16, 16 ],
        "texture" : "#7"
      },
      "down" : {
        "uv" : [ 0, 0, 16, 16 ],
        "texture" : "#7"
      }
    }
  }, {
    "from" : [ 0, -8, 8 ],
    "to" : [ 8, 0, 16 ],
    "faces" : {
      "east" : {
        "uv" : [ 0, 0, 16, 16 ],
        "texture" : "#8"
      },
      "south" : {
        "uv" : [ 0, 0, 16, 16 ],
        "texture" : "#8"
      },
      "north" : {
        "uv" : [ 0, 0, 16, 16 ],
        "texture" : "#8"
      },
      "west" : {
        "uv" : [ 0, 0, 16, 16 ],
        "texture" : "#8"
      },
      "up" : {
        "uv" : [ 0, 0, 16, 16 ],
        "texture" : "#9"
      },
      "down" : {
        "uv" : [ 0, 0, 16, 16 ],
        "texture" : "#9"
      }
    }
  }, {
    "from" : [ 24, -8, 8 ],
    "to" : [ 32, 0, 16 ],
    "faces" : {
      "east" : {
        "uv" : [ 0, 0, 16, 16 ],
        "texture" : "#8"
      },
      "south" : {
        "uv" : [ 0, 0, 16, 16 ],
        "texture" : "#8"
      },
      "north" : {
        "uv" : [ 0, 0, 16, 16 ],
        "texture" : "#8"
      },
      "west" : {
        "uv" : [ 0, 0, 16, 16 ],
        "texture" : "#8"
      },
      "down" : {
        "uv" : [ 0, 0, 16, 16 ],
        "texture" : "#9"
      }
    }
  }, {
    "from" : [ 24, 0, 8 ],
    "to" : [ 32, 8, 16 ],
    "faces" : {
      "east" : {
        "uv" : [ 0, 0, 16, 16 ],
        "texture" : "#8"
      },
      "south" : {
        "uv" : [ 0, 0, 16, 16 ],
        "texture" : "#8"
      },
      "north" : {
        "uv" : [ 0, 0, 16, 16 ],
        "texture" : "#8"
      },
      "west" : {
        "uv" : [ 0, 0, 16, 16 ],
        "texture" : "#8"
      },
      "up" : {
        "uv" : [ 0, 0, 16, 16 ],
        "texture" : "#9"
      }
    }
  }, {
    "from" : [ 24, 8, -16 ],
    "to" : [ 32, 16, -8 ],
    "faces" : {
      "south" : {
        "uv" : [ 0, 0, 16, 16 ],
        "texture" : "#0"
      },
      "north" : {
        "uv" : [ 0, 0, 16, 16 ],
        "texture" : "#0"
      },
      "west" : {
        "uv" : [ 0, 0, 16, 16 ],
        "texture" : "#0"
      },
      "up" : {
        "uv" : [ 0, 0, 16, 16 ],
        "texture" : "#0"
      },
      "down" : {
        "uv" : [ 0, 0, 16, 16 ],
        "texture" : "#0"
      }
    }
  }, {
    "from" : [ 24, 8, 0 ],
    "to" : [ 32, 16, 8 ],
    "faces" : {
      "south" : {
        "uv" : [ 0, 0, 16, 16 ],
        "texture" : "#0"
      },
      "north" : {
        "uv" : [ 0, 0, 16, 16 ],
        "texture" : "#0"
      },
      "west" : {
        "uv" : [ 0, 0, 16, 16 ],
        "texture" : "#0"
      },
      "up" : {
        "uv" : [ 0, 0, 16, 16 ],
        "texture" : "#0"
      },
      "down" : {
        "uv" : [ 0, 0, 16, 16 ],
        "texture" : "#0"
      }
    }
  }, {
    "from" : [ -8, -12, -16 ],
    "to" : [ 0, -8, -8 ],
    "faces" : {
      "east" : {
        "uv" : [ 0, 0, 16, 8 ],
        "texture" : "#13"
      },
      "west" : {
        "uv" : [ 0, 0, 16, 8 ],
        "texture" : "#13"
      },
      "up" : {
        "uv" : [ 0, 0, 16, 16 ],
        "texture" : "#13"
      },
      "down" : {
        "uv" : [ 0, 0, 16, 16 ],
        "texture" : "#13"
      }
    }
  }, {
    "from" : [ -8, -12, -8 ],
    "to" : [ 0, -8, 0 ],
    "faces" : {
      "east" : {
        "uv" : [ 0, 0, 16, 8 ],
        "texture" : "#14"
      },
      "west" : {
        "uv" : [ 0, 0, 16, 8 ],
        "texture" : "#14"
      },
      "up" : {
        "uv" : [ 0, 0, 16, 16 ],
        "texture" : "#14"
      },
      "down" : {
        "uv" : [ 0, 0, 16, 16 ],
        "texture" : "#14"
      }
    }
  }, {
    "from" : [ -8, -12, 0 ],
    "to" : [ 0, -8, 8 ],
    "faces" : {
      "east" : {
        "uv" : [ 0, 0, 16, 8 ],
        "texture" : "#16"
      },
      "west" : {
        "uv" : [ 0, 0, 16, 8 ],
        "texture" : "#16"
      },
      "up" : {
        "uv" : [ 0, 0, 16, 16 ],
        "texture" : "#16"
      },
      "down" : {
        "uv" : [ 0, 0, 16, 16 ],
        "texture" : "#16"
      }
    }
  }, {
    "from" : [ -8, -12, 8 ],
    "to" : [ 0, -8, 16 ],
    "faces" : {
      "east" : {
        "uv" : [ 0, 0, 16, 8 ],
        "texture" : "#14"
      },
      "west" : {
        "uv" : [ 0, 0, 16, 8 ],
        "texture" : "#14"
      },
      "up" : {
        "uv" : [ 0, 0, 16, 16 ],
        "texture" : "#14"
      },
      "down" : {
        "uv" : [ 0, 0, 16, 16 ],
        "texture" : "#14"
      }
    }
  }, {
    "from" : [ -8, -12, 16 ],
    "to" : [ 0, -8, 24 ],
    "faces" : {
      "east" : {
        "uv" : [ 0, 0, 16, 8 ],
        "texture" : "#13"
      },
      "west" : {
        "uv" : [ 0, 0, 16, 8 ],
        "texture" : "#13"
      },
      "up" : {
        "uv" : [ 0, 0, 16, 16 ],
        "texture" : "#13"
      },
      "down" : {
        "uv" : [ 0, 0, 16, 16 ],
        "texture" : "#13"
      }
    }
  }, {
    "from" : [ -8, -12, 24 ],
    "to" : [ 0, -8, 32 ],
    "faces" : {
      "east" : {
        "uv" : [ 0, 0, 16, 8 ],
        "texture" : "#14"
      },
      "west" : {
        "uv" : [ 0, 0, 16, 8 ],
        "texture" : "#14"
      },
      "up" : {
        "uv" : [ 0, 0, 16, 16 ],
        "texture" : "#14"
      },
      "down" : {
        "uv" : [ 0, 0, 16, 16 ],
        "texture" : "#14"
      }
    }
  }, {
    "from" : [ 1, -8, -15 ],
    "to" : [ 7, -6, -9 ],
    "faces" : {
      "east" : {
        "uv" : [ 4, 2, 0, 14 ],
        "texture" : "#17",
        "rotation" : 270
      },
      "south" : {
        "uv" : [ 2, 12, 14, 16 ],
        "texture" : "#17"
      },
      "north" : {
        "uv" : [ 2, 12, 14, 16 ],
        "texture" : "#17"
      },
      "west" : {
        "uv" : [ 0, 2, 4, 14 ],
        "texture" : "#17",
        "rotation" : 90
      },
      "up" : {
        "uv" : [ 2, 2, 14, 14 ],
        "texture" : "#17",
        "rotation" : 180
      },
      "down" : {
        "uv" : [ 2, 2, 14, 14 ],
        "texture" : "#17",
        "rotation" : 180
      }
    }
  }, {
    "from" : [ 2, -6, -15 ],
    "to" : [ 6, -6, -10 ],
    "faces" : {
      "east" : {
        "uv" : [ 5, 3, 4, 13 ],
        "texture" : "#17",
        "rotation" : 270
      },
      "south" : {
        "uv" : [ 4, 11, 12, 12 ],
        "texture" : "#17"
      },
      "north" : {
        "uv" : [ 4, 11, 12, 12 ],
        "texture" : "#17"
      },
      "west" : {
        "uv" : [ 4, 3, 5, 13 ],
        "texture" : "#17",
        "rotation" : 90
      },
      "up" : {
        "uv" : [ 4, 3, 12, 13 ],
        "texture" : "#17",
        "rotation" : 180
      }
    }
  }, {
    "from" : [ 3, -6, -14 ],
    "to" : [ 5, -3, -10 ],
    "faces" : {
      "east" : {
        "uv" : [ 10, 4, 5, 12 ],
        "texture" : "#17",
        "rotation" : 270
      },
      "south" : {
        "uv" : [ 6, 6, 10, 11 ],
        "texture" : "#17"
      },
      "north" : {
        "uv" : [ 6, 6, 10, 11 ],
        "texture" : "#17"
      },
      "west" : {
        "uv" : [ 5, 4, 10, 12 ],
        "texture" : "#17",
        "rotation" : 90
      }
    }
  }, {
    "from" : [ 1, -3, -16 ],
    "to" : [ 6, 0, -8 ],
    "faces" : {
      "east" : {
        "uv" : [ 16, 0, 10, 16 ],
        "texture" : "#17",
        "rotation" : 270
      },
      "south" : {
        "uv" : [ 3, 0, 13, 6 ],
        "texture" : "#17"
      },
      "north" : {
        "uv" : [ 3, 0, 13, 6 ],
        "texture" : "#17"
      },
      "west" : {
        "uv" : [ 10, 0, 16, 16 ],
        "texture" : "#17",
        "rotation" : 90
      },
      "up" : {
        "uv" : [ 3, 0, 13, 16 ],
        "texture" : "#18",
        "rotation" : 180
      },
      "down" : {
        "uv" : [ 3, 0, 13, 16 ],
        "texture" : "#17",
        "rotation" : 180
      }
    }
  }, {
    "from" : [ 1, -8, -7 ],
    "to" : [ 7, -6, -1 ],
    "faces" : {
      "east" : {
        "uv" : [ 4, 2, 0, 14 ],
        "texture" : "#17",
        "rotation" : 270
      },
      "south" : {
        "uv" : [ 2, 12, 14, 16 ],
        "texture" : "#17"
      },
      "north" : {
        "uv" : [ 2, 12, 14, 16 ],
        "texture" : "#17"
      },
      "west" : {
        "uv" : [ 0, 2, 4, 14 ],
        "texture" : "#17",
        "rotation" : 90
      },
      "up" : {
        "uv" : [ 2, 2, 14, 14 ],
        "texture" : "#17",
        "rotation" : 180
      },
      "down" : {
        "uv" : [ 2, 2, 14, 14 ],
        "texture" : "#17",
        "rotation" : 180
      }
    }
  }, {
    "from" : [ 2, -6, -7 ],
    "to" : [ 6, -6, -2 ],
    "faces" : {
      "east" : {
        "uv" : [ 5, 3, 4, 13 ],
        "texture" : "#17",
        "rotation" : 270
      },
      "south" : {
        "uv" : [ 4, 11, 12, 12 ],
        "texture" : "#17"
      },
      "north" : {
        "uv" : [ 4, 11, 12, 12 ],
        "texture" : "#17"
      },
      "west" : {
        "uv" : [ 4, 3, 5, 13 ],
        "texture" : "#17",
        "rotation" : 90
      },
      "up" : {
        "uv" : [ 4, 3, 12, 13 ],
        "texture" : "#17",
        "rotation" : 180
      }
    }
  }, {
    "from" : [ 3, -6, -6 ],
    "to" : [ 5, -3, -2 ],
    "faces" : {
      "east" : {
        "uv" : [ 10, 4, 5, 12 ],
        "texture" : "#17",
        "rotation" : 270
      },
      "south" : {
        "uv" : [ 6, 6, 10, 11 ],
        "texture" : "#17"
      },
      "north" : {
        "uv" : [ 6, 6, 10, 11 ],
        "texture" : "#17"
      },
      "west" : {
        "uv" : [ 5, 4, 10, 12 ],
        "texture" : "#17",
        "rotation" : 90
      }
    }
  }, {
    "from" : [ 1, -3, -8 ],
    "to" : [ 6, 0, 0 ],
    "faces" : {
      "east" : {
        "uv" : [ 16, 0, 10, 16 ],
        "texture" : "#17",
        "rotation" : 270
      },
      "south" : {
        "uv" : [ 3, 0, 13, 6 ],
        "texture" : "#17"
      },
      "north" : {
        "uv" : [ 3, 0, 13, 6 ],
        "texture" : "#17"
      },
      "west" : {
        "uv" : [ 10, 0, 16, 16 ],
        "texture" : "#17",
        "rotation" : 90
      },
      "up" : {
        "uv" : [ 3, 0, 13, 16 ],
        "texture" : "#18",
        "rotation" : 180
      },
      "down" : {
        "uv" : [ 3, 0, 13, 16 ],
        "texture" : "#17",
        "rotation" : 180
      }
    }
  }, {
    "from" : [ 1, -8, 1 ],
    "to" : [ 7, -6, 7 ],
    "faces" : {
      "east" : {
        "uv" : [ 4, 2, 0, 14 ],
        "texture" : "#17",
        "rotation" : 270
      },
      "south" : {
        "uv" : [ 2, 12, 14, 16 ],
        "texture" : "#17"
      },
      "north" : {
        "uv" : [ 2, 12, 14, 16 ],
        "texture" : "#17"
      },
      "west" : {
        "uv" : [ 0, 2, 4, 14 ],
        "texture" : "#17",
        "rotation" : 90
      },
      "up" : {
        "uv" : [ 2, 2, 14, 14 ],
        "texture" : "#17",
        "rotation" : 180
      },
      "down" : {
        "uv" : [ 2, 2, 14, 14 ],
        "texture" : "#17",
        "rotation" : 180
      }
    }
  }, {
    "from" : [ 2, -6, 1 ],
    "to" : [ 6, -6, 6 ],
    "faces" : {
      "east" : {
        "uv" : [ 5, 3, 4, 13 ],
        "texture" : "#17",
        "rotation" : 270
      },
      "south" : {
        "uv" : [ 4, 11, 12, 12 ],
        "texture" : "#17"
      },
      "north" : {
        "uv" : [ 4, 11, 12, 12 ],
        "texture" : "#17"
      },
      "west" : {
        "uv" : [ 4, 3, 5, 13 ],
        "texture" : "#17",
        "rotation" : 90
      },
      "up" : {
        "uv" : [ 4, 3, 12, 13 ],
        "texture" : "#17",
        "rotation" : 180
      }
    }
  }, {
    "from" : [ 3, -6, 2 ],
    "to" : [ 5, -3, 6 ],
    "faces" : {
      "east" : {
        "uv" : [ 10, 4, 5, 12 ],
        "texture" : "#17",
        "rotation" : 270
      },
      "south" : {
        "uv" : [ 6, 6, 10, 11 ],
        "texture" : "#17"
      },
      "north" : {
        "uv" : [ 6, 6, 10, 11 ],
        "texture" : "#17"
      },
      "west" : {
        "uv" : [ 5, 4, 10, 12 ],
        "texture" : "#17",
        "rotation" : 90
      }
    }
  }, {
    "from" : [ 1, -3, 0 ],
    "to" : [ 6, 0, 8 ],
    "faces" : {
      "east" : {
        "uv" : [ 16, 0, 10, 16 ],
        "texture" : "#17",
        "rotation" : 270
      },
      "south" : {
        "uv" : [ 3, 0, 13, 6 ],
        "texture" : "#17"
      },
      "north" : {
        "uv" : [ 3, 0, 13, 6 ],
        "texture" : "#17"
      },
      "west" : {
        "uv" : [ 10, 0, 16, 16 ],
        "texture" : "#17",
        "rotation" : 90
      },
      "up" : {
        "uv" : [ 3, 0, 13, 16 ],
        "texture" : "#18",
        "rotation" : 180
      },
      "down" : {
        "uv" : [ 3, 0, 13, 16 ],
        "texture" : "#17",
        "rotation" : 180
      }
    }
  }, {
    "from" : [ 1, -8, 17 ],
    "to" : [ 7, -6, 23 ],
    "faces" : {
      "east" : {
        "uv" : [ 4, 2, 0, 14 ],
        "texture" : "#17",
        "rotation" : 270
      },
      "south" : {
        "uv" : [ 2, 12, 14, 16 ],
        "texture" : "#17"
      },
      "north" : {
        "uv" : [ 2, 12, 14, 16 ],
        "texture" : "#17"
      },
      "west" : {
        "uv" : [ 0, 2, 4, 14 ],
        "texture" : "#17",
        "rotation" : 90
      },
      "up" : {
        "uv" : [ 2, 2, 14, 14 ],
        "texture" : "#17",
        "rotation" : 180
      },
      "down" : {
        "uv" : [ 2, 2, 14, 14 ],
        "texture" : "#17",
        "rotation" : 180
      }
    }
  }, {
    "from" : [ 2, -6, 17 ],
    "to" : [ 6, -6, 22 ],
    "faces" : {
      "east" : {
        "uv" : [ 5, 3, 4, 13 ],
        "texture" : "#17",
        "rotation" : 270
      },
      "south" : {
        "uv" : [ 4, 11, 12, 12 ],
        "texture" : "#17"
      },
      "north" : {
        "uv" : [ 4, 11, 12, 12 ],
        "texture" : "#17"
      },
      "west" : {
        "uv" : [ 4, 3, 5, 13 ],
        "texture" : "#17",
        "rotation" : 90
      },
      "up" : {
        "uv" : [ 4, 3, 12, 13 ],
        "texture" : "#17",
        "rotation" : 180
      }
    }
  }, {
    "from" : [ 3, -6, 18 ],
    "to" : [ 5, -3, 22 ],
    "faces" : {
      "east" : {
        "uv" : [ 10, 4, 5, 12 ],
        "texture" : "#17",
        "rotation" : 270
      },
      "south" : {
        "uv" : [ 6, 6, 10, 11 ],
        "texture" : "#17"
      },
      "north" : {
        "uv" : [ 6, 6, 10, 11 ],
        "texture" : "#17"
      },
      "west" : {
        "uv" : [ 5, 4, 10, 12 ],
        "texture" : "#17",
        "rotation" : 90
      }
    }
  }, {
    "from" : [ 1, -3, 16 ],
    "to" : [ 6, 0, 24 ],
    "faces" : {
      "east" : {
        "uv" : [ 16, 0, 10, 16 ],
        "texture" : "#17",
        "rotation" : 270
      },
      "south" : {
        "uv" : [ 3, 0, 13, 6 ],
        "texture" : "#17"
      },
      "north" : {
        "uv" : [ 3, 0, 13, 6 ],
        "texture" : "#17"
      },
      "west" : {
        "uv" : [ 10, 0, 16, 16 ],
        "texture" : "#17",
        "rotation" : 90
      },
      "up" : {
        "uv" : [ 3, 0, 13, 16 ],
        "texture" : "#18",
        "rotation" : 180
      },
      "down" : {
        "uv" : [ 3, 0, 13, 16 ],
        "texture" : "#17",
        "rotation" : 180
      }
    }
  }, {
    "from" : [ 1, -8, 25 ],
    "to" : [ 7, -6, 31 ],
    "faces" : {
      "east" : {
        "uv" : [ 4, 2, 0, 14 ],
        "texture" : "#17",
        "rotation" : 270
      },
      "south" : {
        "uv" : [ 2, 12, 14, 16 ],
        "texture" : "#17"
      },
      "north" : {
        "uv" : [ 2, 12, 14, 16 ],
        "texture" : "#17"
      },
      "west" : {
        "uv" : [ 0, 2, 4, 14 ],
        "texture" : "#17",
        "rotation" : 90
      },
      "up" : {
        "uv" : [ 2, 2, 14, 14 ],
        "texture" : "#17",
        "rotation" : 180
      },
      "down" : {
        "uv" : [ 2, 2, 14, 14 ],
        "texture" : "#17",
        "rotation" : 180
      }
    }
  }, {
    "from" : [ 2, -6, 25 ],
    "to" : [ 6, -6, 30 ],
    "faces" : {
      "east" : {
        "uv" : [ 5, 3, 4, 13 ],
        "texture" : "#17",
        "rotation" : 270
      },
      "south" : {
        "uv" : [ 4, 11, 12, 12 ],
        "texture" : "#17"
      },
      "north" : {
        "uv" : [ 4, 11, 12, 12 ],
        "texture" : "#17"
      },
      "west" : {
        "uv" : [ 4, 3, 5, 13 ],
        "texture" : "#17",
        "rotation" : 90
      },
      "up" : {
        "uv" : [ 4, 3, 12, 13 ],
        "texture" : "#17",
        "rotation" : 180
      }
    }
  }, {
    "from" : [ 3, -6, 26 ],
    "to" : [ 5, -3, 30 ],
    "faces" : {
      "east" : {
        "uv" : [ 10, 4, 5, 12 ],
        "texture" : "#17",
        "rotation" : 270
      },
      "south" : {
        "uv" : [ 6, 6, 10, 11 ],
        "texture" : "#17"
      },
      "north" : {
        "uv" : [ 6, 6, 10, 11 ],
        "texture" : "#17"
      },
      "west" : {
        "uv" : [ 5, 4, 10, 12 ],
        "texture" : "#17",
        "rotation" : 90
      }
    }
  }, {
    "from" : [ 1, -3, 24 ],
    "to" : [ 6, 0, 32 ],
    "faces" : {
      "east" : {
        "uv" : [ 16, 0, 10, 16 ],
        "texture" : "#17",
        "rotation" : 270
      },
      "south" : {
        "uv" : [ 3, 0, 13, 6 ],
        "texture" : "#17"
      },
      "north" : {
        "uv" : [ 3, 0, 13, 6 ],
        "texture" : "#17"
      },
      "west" : {
        "uv" : [ 10, 0, 16, 16 ],
        "texture" : "#17",
        "rotation" : 90
      },
      "up" : {
        "uv" : [ 3, 0, 13, 16 ],
        "texture" : "#18",
        "rotation" : 180
      },
      "down" : {
        "uv" : [ 3, 0, 13, 16 ],
        "texture" : "#17",
        "rotation" : 180
      }
    }
  }, {
    "from" : [ 26, -8, -14 ],
    "to" : [ 30, 0, -10 ],
    "faces" : {
      "east" : {
        "uv" : [ 4, 0, 12, 16 ],
        "texture" : "#1"
      },
      "south" : {
        "uv" : [ 4, 0, 12, 16 ],
        "texture" : "#1"
      },
      "north" : {
        "uv" : [ 4, 0, 12, 16 ],
        "texture" : "#1"
      },
      "west" : {
        "uv" : [ 4, 0, 12, 16 ],
        "texture" : "#1"
      },
      "up" : {
        "uv" : [ 4, 4, 12, 12 ],
        "texture" : "#1"
      },
      "down" : {
        "uv" : [ 4, 4, 12, 12 ],
        "texture" : "#1"
      }
    }
  }, {
    "from" : [ 26, -8, -16 ],
    "to" : [ 29, 0, -12 ],
    "faces" : {
      "east" : {
        "uv" : [ 8, 0, 16, 16 ],
        "texture" : "#1"
      },
      "west" : {
        "uv" : [ 0, 0, 8, 16 ],
        "texture" : "#1"
      },
      "up" : {
        "uv" : [ 5, 0, 11, 8 ],
        "texture" : "#1"
      },
      "down" : {
        "uv" : [ 5, 8, 11, 16 ],
        "texture" : "#1"
      }
    }
  }, {
    "from" : [ 28, -8, -14 ],
    "to" : [ 32, 0, -11 ],
    "faces" : {
      "east" : {
        "uv" : [ 5, 0, 11, 16 ],
        "texture" : "#1"
      },
      "south" : {
        "uv" : [ 8, 0, 16, 16 ],
        "texture" : "#1"
      },
      "north" : {
        "uv" : [ 0, 0, 8, 16 ],
        "texture" : "#1"
      },
      "up" : {
        "uv" : [ 8, 5, 16, 11 ],
        "texture" : "#1"
      },
      "down" : {
        "uv" : [ 8, 5, 16, 11 ],
        "texture" : "#1"
      }
    }
  }, {
    "from" : [ 26, -8, 2 ],
    "to" : [ 30, 0, 6 ],
    "faces" : {
      "east" : {
        "uv" : [ 4, 0, 12, 16 ],
        "texture" : "#1"
      },
      "south" : {
        "uv" : [ 4, 0, 12, 16 ],
        "texture" : "#1"
      },
      "north" : {
        "uv" : [ 4, 0, 12, 16 ],
        "texture" : "#1"
      },
      "west" : {
        "uv" : [ 4, 0, 12, 16 ],
        "texture" : "#1"
      },
      "up" : {
        "uv" : [ 4, 4, 12, 12 ],
        "texture" : "#1"
      },
      "down" : {
        "uv" : [ 4, 4, 12, 12 ],
        "texture" : "#1"
      }
    }
  }, {
    "from" : [ 28, -8, 2 ],
    "to" : [ 32, 0, 5 ],
    "faces" : {
      "east" : {
        "uv" : [ 5, 0, 11, 16 ],
        "texture" : "#1"
      },
      "south" : {
        "uv" : [ 8, 0, 16, 16 ],
        "texture" : "#1"
      },
      "north" : {
        "uv" : [ 0, 0, 8, 16 ],
        "texture" : "#1"
      },
      "up" : {
        "uv" : [ 8, 5, 16, 11 ],
        "texture" : "#1"
      },
      "down" : {
        "uv" : [ 8, 5, 16, 11 ],
        "texture" : "#1"
      }
    }
  }, {
    "from" : [ 26, -8, 4 ],
    "to" : [ 29, 0, 8 ],
    "faces" : {
      "east" : {
        "uv" : [ 0, 0, 8, 16 ],
        "texture" : "#1"
      },
      "west" : {
        "uv" : [ 8, 0, 16, 16 ],
        "texture" : "#1"
      },
      "up" : {
        "uv" : [ 5, 8, 11, 16 ],
        "texture" : "#1"
      },
      "down" : {
        "uv" : [ 5, 0, 11, 8 ],
        "texture" : "#1"
      }
    }
  }, {
    "from" : [ 0, 0, 8 ],
    "to" : [ 8, 4, 16 ],
    "faces" : {
      "east" : {
        "uv" : [ 0, 8, 16, 16 ],
        "texture" : "#1"
      },
      "south" : {
        "uv" : [ 0, 8, 16, 16 ],
        "texture" : "#1"
      },
      "north" : {
        "uv" : [ 0, 8, 16, 16 ],
        "texture" : "#1"
      },
      "west" : {
        "uv" : [ 0, 8, 16, 16 ],
        "texture" : "#1"
      },
      "up" : {
        "uv" : [ 0, 0, 16, 16 ],
        "texture" : "#1"
      }
    }
  }, {
    "from" : [ 26, 0, -14 ],
    "to" : [ 30, 8, -10 ],
    "faces" : {
      "east" : {
        "uv" : [ 4, 0, 12, 16 ],
        "texture" : "#1"
      },
      "south" : {
        "uv" : [ 4, 0, 12, 16 ],
        "texture" : "#1"
      },
      "north" : {
        "uv" : [ 4, 0, 12, 16 ],
        "texture" : "#1"
      },
      "west" : {
        "uv" : [ 4, 0, 12, 16 ],
        "texture" : "#1"
      },
      "up" : {
        "uv" : [ 4, 4, 12, 12 ],
        "texture" : "#1"
      },
      "down" : {
        "uv" : [ 4, 4, 12, 12 ],
        "texture" : "#1"
      }
    }
  }, {
    "from" : [ 26, 0, -16 ],
    "to" : [ 29, 8, -12 ],
    "faces" : {
      "east" : {
        "uv" : [ 8, 0, 16, 16 ],
        "texture" : "#1"
      },
      "west" : {
        "uv" : [ 0, 0, 8, 16 ],
        "texture" : "#1"
      },
      "up" : {
        "uv" : [ 5, 0, 11, 8 ],
        "texture" : "#1"
      },
      "down" : {
        "uv" : [ 5, 8, 11, 16 ],
        "texture" : "#1"
      }
    }
  }, {
    "from" : [ 28, 0, -14 ],
    "to" : [ 32, 8, -11 ],
    "faces" : {
      "east" : {
        "uv" : [ 5, 0, 11, 16 ],
        "texture" : "#1"
      },
      "south" : {
        "uv" : [ 8, 0, 16, 16 ],
        "texture" : "#1"
      },
      "north" : {
        "uv" : [ 0, 0, 8, 16 ],
        "texture" : "#1"
      },
      "up" : {
        "uv" : [ 8, 5, 16, 11 ],
        "texture" : "#1"
      },
      "down" : {
        "uv" : [ 8, 5, 16, 11 ],
        "texture" : "#1"
      }
    }
  }, {
    "from" : [ 26, 0, 2 ],
    "to" : [ 30, 8, 6 ],
    "faces" : {
      "east" : {
        "uv" : [ 4, 0, 12, 16 ],
        "texture" : "#1"
      },
      "south" : {
        "uv" : [ 4, 0, 12, 16 ],
        "texture" : "#1"
      },
      "north" : {
        "uv" : [ 4, 0, 12, 16 ],
        "texture" : "#1"
      },
      "west" : {
        "uv" : [ 4, 0, 12, 16 ],
        "texture" : "#1"
      },
      "up" : {
        "uv" : [ 4, 4, 12, 12 ],
        "texture" : "#1"
      },
      "down" : {
        "uv" : [ 4, 4, 12, 12 ],
        "texture" : "#1"
      }
    }
  }, {
    "from" : [ 28, 0, 2 ],
    "to" : [ 32, 8, 5 ],
    "faces" : {
      "east" : {
        "uv" : [ 5, 0, 11, 16 ],
        "texture" : "#1"
      },
      "south" : {
        "uv" : [ 8, 0, 16, 16 ],
        "texture" : "#1"
      },
      "north" : {
        "uv" : [ 0, 0, 8, 16 ],
        "texture" : "#1"
      },
      "up" : {
        "uv" : [ 8, 5, 16, 11 ],
        "texture" : "#1"
      },
      "down" : {
        "uv" : [ 8, 5, 16, 11 ],
        "texture" : "#1"
      }
    }
  }, {
    "from" : [ 26, 0, 4 ],
    "to" : [ 29, 8, 8 ],
    "faces" : {
      "east" : {
        "uv" : [ 0, 0, 8, 16 ],
        "texture" : "#1"
      },
      "west" : {
        "uv" : [ 8, 0, 16, 16 ],
        "texture" : "#1"
      },
      "up" : {
        "uv" : [ 5, 8, 11, 16 ],
        "texture" : "#1"
      },
      "down" : {
        "uv" : [ 5, 0, 11, 8 ],
        "texture" : "#1"
      }
    }
  }, {
    "from" : [ 24, 8, -8 ],
    "to" : [ 32, 12, 0 ],
    "faces" : {
      "east" : {
        "uv" : [ 0, 8, 16, 16 ],
        "texture" : "#0"
      },
      "south" : {
        "uv" : [ 0, 8, 16, 16 ],
        "texture" : "#0"
      },
      "north" : {
        "uv" : [ 0, 8, 16, 16 ],
        "texture" : "#0"
      },
      "west" : {
        "uv" : [ 0, 8, 16, 16 ],
        "texture" : "#0"
      },
      "up" : {
        "uv" : [ 0, 0, 16, 16 ],
        "texture" : "#0"
      },
      "down" : {
        "uv" : [ 0, 0, 16, 16 ],
        "texture" : "#0"
      }
    }
  }, {
    "from" : [ 24, 8, 8 ],
    "to" : [ 32, 12, 16 ],
    "faces" : {
      "east" : {
        "uv" : [ 0, 8, 16, 16 ],
        "texture" : "#0"
      },
      "south" : {
        "uv" : [ 0, 8, 16, 16 ],
        "texture" : "#0"
      },
      "north" : {
        "uv" : [ 0, 8, 16, 16 ],
        "texture" : "#0"
      },
      "west" : {
        "uv" : [ 0, 8, 16, 16 ],
        "texture" : "#0"
      },
      "up" : {
        "uv" : [ 0, 0, 16, 16 ],
        "texture" : "#0"
      }
    }
  }, {
    "from" : [ 26, 16, -14 ],
    "to" : [ 30, 24, -10 ],
    "faces" : {
      "east" : {
        "uv" : [ 4, 0, 12, 16 ],
        "texture" : "#1"
      },
      "south" : {
        "uv" : [ 4, 0, 12, 16 ],
        "texture" : "#1"
      },
      "north" : {
        "uv" : [ 4, 0, 12, 16 ],
        "texture" : "#1"
      },
      "west" : {
        "uv" : [ 4, 0, 12, 16 ],
        "texture" : "#1"
      },
      "up" : {
        "uv" : [ 4, 4, 12, 12 ],
        "texture" : "#1"
      },
      "down" : {
        "uv" : [ 4, 4, 12, 12 ],
        "texture" : "#1"
      }
    }
  }, {
    "from" : [ 28, 16, -14 ],
    "to" : [ 32, 24, -11 ],
    "faces" : {
      "south" : {
        "uv" : [ 8, 0, 16, 16 ],
        "texture" : "#1"
      },
      "north" : {
        "uv" : [ 0, 0, 8, 16 ],
        "texture" : "#1"
      },
      "up" : {
        "uv" : [ 8, 5, 16, 11 ],
        "texture" : "#1"
      },
      "down" : {
        "uv" : [ 8, 5, 16, 11 ],
        "texture" : "#1"
      }
    }
  }, {
    "from" : [ 26, 16, 2 ],
    "to" : [ 30, 24, 6 ],
    "faces" : {
      "east" : {
        "uv" : [ 4, 0, 12, 16 ],
        "texture" : "#1"
      },
      "south" : {
        "uv" : [ 4, 0, 12, 16 ],
        "texture" : "#1"
      },
      "north" : {
        "uv" : [ 4, 0, 12, 16 ],
        "texture" : "#1"
      },
      "west" : {
        "uv" : [ 4, 0, 12, 16 ],
        "texture" : "#1"
      },
      "up" : {
        "uv" : [ 4, 4, 12, 12 ],
        "texture" : "#1"
      },
      "down" : {
        "uv" : [ 4, 4, 12, 12 ],
        "texture" : "#1"
      }
    }
  }, {
    "from" : [ 28, 16, 2 ],
    "to" : [ 32, 24, 5 ],
    "faces" : {
      "south" : {
        "uv" : [ 8, 0, 16, 16 ],
        "texture" : "#1"
      },
      "north" : {
        "uv" : [ 0, 0, 8, 16 ],
        "texture" : "#1"
      },
      "up" : {
        "uv" : [ 8, 5, 16, 11 ],
        "texture" : "#1"
      },
      "down" : {
        "uv" : [ 8, 5, 16, 11 ],
        "texture" : "#1"
      }
    }
  }, {
    "from" : [ 26, 24, -14 ],
    "to" : [ 30, 32, -10 ],
    "faces" : {
      "east" : {
        "uv" : [ 4, 0, 12, 16 ],
        "texture" : "#1"
      },
      "south" : {
        "uv" : [ 4, 0, 12, 16 ],
        "texture" : "#1"
      },
      "north" : {
        "uv" : [ 4, 0, 12, 16 ],
        "texture" : "#1"
      },
      "west" : {
        "uv" : [ 4, 0, 12, 16 ],
        "texture" : "#1"
      },
      "up" : {
        "uv" : [ 4, 4, 12, 12 ],
        "texture" : "#1"
      },
      "down" : {
        "uv" : [ 4, 4, 12, 12 ],
        "texture" : "#1"
      }
    }
  }, {
    "from" : [ 28, 24, -14 ],
    "to" : [ 32, 32, -11 ],
    "faces" : {
      "south" : {
        "uv" : [ 8, 0, 16, 16 ],
        "texture" : "#1"
      },
      "north" : {
        "uv" : [ 0, 0, 8, 16 ],
        "texture" : "#1"
      },
      "up" : {
        "uv" : [ 8, 5, 16, 11 ],
        "texture" : "#1"
      },
      "down" : {
        "uv" : [ 8, 5, 16, 11 ],
        "texture" : "#1"
      }
    }
  }, {
    "from" : [ 26, 24, 2 ],
    "to" : [ 30, 32, 6 ],
    "faces" : {
      "east" : {
        "uv" : [ 4, 0, 12, 16 ],
        "texture" : "#1"
      },
      "south" : {
        "uv" : [ 4, 0, 12, 16 ],
        "texture" : "#1"
      },
      "north" : {
        "uv" : [ 4, 0, 12, 16 ],
        "texture" : "#1"
      },
      "west" : {
        "uv" : [ 4, 0, 12, 16 ],
        "texture" : "#1"
      },
      "up" : {
        "uv" : [ 4, 4, 12, 12 ],
        "texture" : "#1"
      },
      "down" : {
        "uv" : [ 4, 4, 12, 12 ],
        "texture" : "#1"
      }
    }
  }, {
    "from" : [ 28, 24, 2 ],
    "to" : [ 32, 32, 5 ],
    "faces" : {
      "south" : {
        "uv" : [ 8, 0, 16, 16 ],
        "texture" : "#1"
      },
      "north" : {
        "uv" : [ 0, 0, 8, 16 ],
        "texture" : "#1"
      },
      "up" : {
        "uv" : [ 8, 5, 16, 11 ],
        "texture" : "#1"
      },
      "down" : {
        "uv" : [ 8, 5, 16, 11 ],
        "texture" : "#1"
      }
    }
  } ],
  "display" : {
    "head" : {
      "translation" : [ 0.0, -43.25, 0.0 ],
      "scale" : [ 3.2, 3.2, 3.2 ]
    }
  }
}