{
  "textures" : {
    "11" : "block/weathered_cut_copper",
    "12" : "block/stone",
    "13" : "block/polished_andesite",
    "14" : "block/stone_bricks",
    "15" : "block/andesite",
    "16" : "block/anvil",
    "17" : "block/anvil_top",
    "18" : "block/soul_fire_0",
    "19" : "block/chain",
    "0" : "block/deepslate_tiles",
    "1" : "block/deepslate_bricks",
    "2" : "block/oxidized_copper",
    "3" : "block/weathered_copper",
    "4" : "block/polished_deepslate",
    "5" : "block/cobbled_deepslate",
    "6" : "block/deepslate",
    "7" : "block/deepslate_top",
    "8" : "block/polished_basalt_side",
    "9" : "block/polished_basalt_top",
    "10" : "block/soul_soil"
  },
  "elements" : [ {
    "from" : [ -8, 0, -16 ],
    "to" : [ 0, 8, -8 ],
    "faces" : {
      "east" : {
        "uv" : [ 0, 0, 16, 16 ],
        "texture" : "#6"
      },
      "south" : {
        "uv" : [ 0, 0, 16, 16 ],
        "texture" : "#6"
      },
      "north" : {
        "uv" : [ 0, 0, 16, 16 ],
        "texture" : "#6"
      },
      "west" : {
        "uv" : [ 0, 0, 16, 16 ],
        "texture" : "#6"
      },
      "up" : {
        "uv" : [ 0, 0, 16, 16 ],
        "texture" : "#7"
      },
      "down" : {
        "uv" : [ 0, 0, 16, 16 ],
        "texture" : "#7"
      }
    }
  }, {
    "from" : [ -8, 0, -8 ],
    "to" : [ 0, 8, 0 ],
    "faces" : {
      "east" : {
        "uv" : [ 0, 0, 16, 16 ],
        "texture" : "#5"
      },
      "south" : {
        "uv" : [ 0, 0, 16, 16 ],
        "texture" : "#5"
      },
      "north" : {
        "uv" : [ 0, 0, 16, 16 ],
        "texture" : "#5"
      },
      "west" : {
        "uv" : [ 0, 0, 16, 16 ],
        "texture" : "#5"
      },
      "down" : {
        "uv" : [ 0, 0, 16, 16 ],
        "texture" : "#5"
      }
    }
  }, {
    "from" : [ -8, 0, 0 ],
    "to" : [ 0, 8, 8 ],
    "faces" : {
      "east" : {
        "uv" : [ 0, 0, 16, 16 ],
        "texture" : "#5"
      },
      "south" : {
        "uv" : [ 0, 0, 16, 16 ],
        "texture" : "#5"
      },
      "north" : {
        "uv" : [ 0, 0, 16, 16 ],
        "texture" : "#5"
      },
      "west" : {
        "uv" : [ 0, 0, 16, 16 ],
        "texture" : "#5"
      },
      "up" : {
        "uv" : [ 0, 0, 16, 16 ],
        "texture" : "#5"
      },
      "down" : {
        "uv" : [ 0, 0, 16, 16 ],
        "texture" : "#5"
      }
    }
  }, {
    "from" : [ -8, 0, 8 ],
    "to" : [ 0, 8, 16 ],
    "faces" : {
      "east" : {
        "uv" : [ 0, 0, 16, 16 ],
        "texture" : "#6"
      },
      "south" : {
        "uv" : [ 0, 0, 16, 16 ],
        "texture" : "#6"
      },
      "north" : {
        "uv" : [ 0, 0, 16, 16 ],
        "texture" : "#6"
      },
      "west" : {
        "uv" : [ 0, 0, 16, 16 ],
        "texture" : "#6"
      },
      "down" : {
        "uv" : [ 0, 0, 16, 16 ],
        "texture" : "#7"
      }
    }
  }, {
    "from" : [ -8, 0, 16 ],
    "to" : [ 0, 8, 24 ],
    "faces" : {
      "east" : {
        "uv" : [ 0, 0, 16, 16 ],
        "texture" : "#6"
      },
      "south" : {
        "uv" : [ 0, 0, 16, 16 ],
        "texture" : "#6"
      },
      "north" : {
        "uv" : [ 0, 0, 16, 16 ],
        "texture" : "#6"
      },
      "west" : {
        "uv" : [ 0, 0, 16, 16 ],
        "texture" : "#6"
      },
      "up" : {
        "uv" : [ 0, 0, 16, 16 ],
        "texture" : "#7"
      },
      "down" : {
        "uv" : [ 0, 0, 16, 16 ],
        "texture" : "#7"
      }
    }
  }, {
    "from" : [ -8, 0, 24 ],
    "to" : [ 0, 8, 32 ],
    "faces" : {
      "east" : {
        "uv" : [ 0, 0, 16, 16 ],
        "texture" : "#6"
      },
      "south" : {
        "uv" : [ 0, 0, 16, 16 ],
        "texture" : "#6"
      },
      "north" : {
        "uv" : [ 0, 0, 16, 16 ],
        "texture" : "#6"
      },
      "west" : {
        "uv" : [ 0, 0, 16, 16 ],
        "texture" : "#6"
      },
      "down" : {
        "uv" : [ 0, 0, 16, 16 ],
        "texture" : "#7"
      }
    }
  }, {
    "from" : [ 0, 0, -16 ],
    "to" : [ 8, 8, -8 ],
    "faces" : {
      "east" : {
        "uv" : [ 0, 0, 16, 16 ],
        "texture" : "#5"
      },
      "south" : {
        "uv" : [ 0, 0, 16, 16 ],
        "texture" : "#5"
      },
      "north" : {
        "uv" : [ 0, 0, 16, 16 ],
        "texture" : "#5"
      },
      "west" : {
        "uv" : [ 0, 0, 16, 16 ],
        "texture" : "#5"
      },
      "up" : {
        "uv" : [ 0, 0, 16, 16 ],
        "texture" : "#5"
      },
      "down" : {
        "uv" : [ 0, 0, 16, 16 ],
        "texture" : "#5"
      }
    }
  }, {
    "from" : [ 0, 0, -8 ],
    "to" : [ 8, 8, 0 ],
    "faces" : {
      "east" : {
        "uv" : [ 0, 0, 16, 16 ],
        "texture" : "#6"
      },
      "south" : {
        "uv" : [ 0, 0, 16, 16 ],
        "texture" : "#6"
      },
      "north" : {
        "uv" : [ 0, 0, 16, 16 ],
        "texture" : "#6"
      },
      "west" : {
        "uv" : [ 0, 0, 16, 16 ],
        "texture" : "#6"
      },
      "up" : {
        "uv" : [ 0, 0, 16, 16 ],
        "texture" : "#7"
      },
      "down" : {
        "uv" : [ 0, 0, 16, 16 ],
        "texture" : "#7"
      }
    }
  }, {
    "from" : [ 0, 0, 0 ],
    "to" : [ 8, 8, 8 ],
    "faces" : {
      "east" : {
        "uv" : [ 0, 0, 16, 16 ],
        "texture" : "#6"
      },
      "south" : {
        "uv" : [ 0, 0, 16, 16 ],
        "texture" : "#6"
      },
      "north" : {
        "uv" : [ 0, 0, 16, 16 ],
        "texture" : "#6"
      },
      "west" : {
        "uv" : [ 0, 0, 16, 16 ],
        "texture" : "#6"
      },
      "up" : {
        "uv" : [ 0, 0, 16, 16 ],
        "texture" : "#7"
      },
      "down" : {
        "uv" : [ 0, 0, 16, 16 ],
        "texture" : "#7"
      }
    }
  }, {
    "from" : [ 0, 0, 8 ],
    "to" : [ 8, 8, 16 ],
    "faces" : {
      "east" : {
        "uv" : [ 0, 0, 16, 16 ],
        "texture" : "#5"
      },
      "south" : {
        "uv" : [ 0, 0, 16, 16 ],
        "texture" : "#5"
      },
      "north" : {
        "uv" : [ 0, 0, 16, 16 ],
        "texture" : "#5"
      },
      "west" : {
        "uv" : [ 0, 0, 16, 16 ],
        "texture" : "#5"
      },
      "up" : {
        "uv" : [ 0, 0, 16, 16 ],
        "texture" : "#5"
      },
      "down" : {
        "uv" : [ 0, 0, 16, 16 ],
        "texture" : "#5"
      }
    }
  }, {
    "from" : [ 0, 0, 16 ],
    "to" : [ 8, 8, 24 ],
    "faces" : {
      "east" : {
        "uv" : [ 0, 0, 16, 16 ],
        "texture" : "#5"
      },
      "south" : {
        "uv" : [ 0, 0, 16, 16 ],
        "texture" : "#5"
      },
      "north" : {
        "uv" : [ 0, 0, 16, 16 ],
        "texture" : "#5"
      },
      "west" : {
        "uv" : [ 0, 0, 16, 16 ],
        "texture" : "#5"
      },
      "up" : {
        "uv" : [ 0, 0, 16, 16 ],
        "texture" : "#5"
      },
      "down" : {
        "uv" : [ 0, 0, 16, 16 ],
        "texture" : "#5"
      }
    }
  }, {
    "from" : [ 0, 0, 24 ],
    "to" : [ 8, 8, 32 ],
    "faces" : {
      "east" : {
        "uv" : [ 0, 0, 16, 16 ],
        "texture" : "#5"
      },
      "south" : {
        "uv" : [ 0, 0, 16, 16 ],
        "texture" : "#5"
      },
      "north" : {
        "uv" : [ 0, 0, 16, 16 ],
        "texture" : "#5"
      },
      "west" : {
        "uv" : [ 0, 0, 16, 16 ],
        "texture" : "#5"
      },
      "up" : {
        "uv" : [ 0, 0, 16, 16 ],
        "texture" : "#5"
      },
      "down" : {
        "uv" : [ 0, 0, 16, 16 ],
        "texture" : "#5"
      }
    }
  }, {
    "from" : [ 8, 0, -16 ],
    "to" : [ 16, 8, -8 ],
    "faces" : {
      "east" : {
        "uv" : [ 0, 0, 16, 16 ],
        "texture" : "#6"
      },
      "south" : {
        "uv" : [ 0, 0, 16, 16 ],
        "texture" : "#6"
      },
      "north" : {
        "uv" : [ 0, 0, 16, 16 ],
        "texture" : "#6"
      },
      "west" : {
        "uv" : [ 0, 0, 16, 16 ],
        "texture" : "#6"
      },
      "up" : {
        "uv" : [ 0, 0, 16, 16 ],
        "texture" : "#7"
      },
      "down" : {
        "uv" : [ 0, 0, 16, 16 ],
        "texture" : "#7"
      }
    }
  }, {
    "from" : [ 8, 0, -8 ],
    "to" : [ 16, 8, 0 ],
    "faces" : {
      "east" : {
        "uv" : [ 0, 0, 16, 16 ],
        "texture" : "#5"
      },
      "south" : {
        "uv" : [ 0, 0, 16, 16 ],
        "texture" : "#5"
      },
      "north" : {
        "uv" : [ 0, 0, 16, 16 ],
        "texture" : "#5"
      },
      "west" : {
        "uv" : [ 0, 0, 16, 16 ],
        "texture" : "#5"
      },
      "up" : {
        "uv" : [ 0, 0, 16, 16 ],
        "texture" : "#5"
      },
      "down" : {
        "uv" : [ 0, 0, 16, 16 ],
        "texture" : "#5"
      }
    }
  }, {
    "from" : [ 8, 0, 0 ],
    "to" : [ 16, 8, 8 ],
    "faces" : {
      "east" : {
        "uv" : [ 0, 0, 16, 16 ],
        "texture" : "#5"
      },
      "south" : {
        "uv" : [ 0, 0, 16, 16 ],
        "texture" : "#5"
      },
      "north" : {
        "uv" : [ 0, 0, 16, 16 ],
        "texture" : "#5"
      },
      "west" : {
        "uv" : [ 0, 0, 16, 16 ],
        "texture" : "#5"
      },
      "up" : {
        "uv" : [ 0, 0, 16, 16 ],
        "texture" : "#5"
      },
      "down" : {
        "uv" : [ 0, 0, 16, 16 ],
        "texture" : "#5"
      }
    }
  }, {
    "from" : [ 8, 0, 8 ],
    "to" : [ 16, 8, 16 ],
    "faces" : {
      "east" : {
        "uv" : [ 0, 0, 16, 16 ],
        "texture" : "#5"
      },
      "south" : {
        "uv" : [ 0, 0, 16, 16 ],
        "texture" : "#5"
      },
      "north" : {
        "uv" : [ 0, 0, 16, 16 ],
        "texture" : "#5"
      },
      "west" : {
        "uv" : [ 0, 0, 16, 16 ],
        "texture" : "#5"
      },
      "up" : {
        "uv" : [ 0, 0, 16, 16 ],
        "texture" : "#5"
      },
      "down" : {
        "uv" : [ 0, 0, 16, 16 ],
        "texture" : "#5"
      }
    }
  }, {
    "from" : [ 8, 0, 16 ],
    "to" : [ 16, 8, 24 ],
    "faces" : {
      "east" : {
        "uv" : [ 0, 0, 16, 16 ],
        "texture" : "#5"
      },
      "south" : {
        "uv" : [ 0, 0, 16, 16 ],
        "texture" : "#5"
      },
      "north" : {
        "uv" : [ 0, 0, 16, 16 ],
        "texture" : "#5"
      },
      "west" : {
        "uv" : [ 0, 0, 16, 16 ],
        "texture" : "#5"
      },
      "up" : {
        "uv" : [ 0, 0, 16, 16 ],
        "texture" : "#5"
      },
      "down" : {
        "uv" : [ 0, 0, 16, 16 ],
        "texture" : "#5"
      }
    }
  }, {
    "from" : [ 8, 0, 24 ],
    "to" : [ 16, 8, 32 ],
    "faces" : {
      "east" : {
        "uv" : [ 0, 0, 16, 16 ],
        "texture" : "#6"
      },
      "south" : {
        "uv" : [ 0, 0, 16, 16 ],
        "texture" : "#6"
      },
      "north" : {
        "uv" : [ 0, 0, 16, 16 ],
        "texture" : "#6"
      },
      "west" : {
        "uv" : [ 0, 0, 16, 16 ],
        "texture" : "#6"
      },
      "up" : {
        "uv" : [ 0, 0, 16, 16 ],
        "texture" : "#7"
      },
      "down" : {
        "uv" : [ 0, 0, 16, 16 ],
        "texture" : "#7"
      }
    }
  }, {
    "from" : [ 16, 0, -16 ],
    "to" : [ 24, 8, -8 ],
    "faces" : {
      "east" : {
        "uv" : [ 0, 0, 16, 16 ],
        "texture" : "#5"
      },
      "south" : {
        "uv" : [ 0, 0, 16, 16 ],
        "texture" : "#5"
      },
      "north" : {
        "uv" : [ 0, 0, 16, 16 ],
        "texture" : "#5"
      },
      "west" : {
        "uv" : [ 0, 0, 16, 16 ],
        "texture" : "#5"
      },
      "up" : {
        "uv" : [ 0, 0, 16, 16 ],
        "texture" : "#5"
      },
      "down" : {
        "uv" : [ 0, 0, 16, 16 ],
        "texture" : "#5"
      }
    }
  }, {
    "from" : [ 16, 0, -8 ],
    "to" : [ 24, 8, 0 ],
    "faces" : {
      "east" : {
        "uv" : [ 0, 0, 16, 16 ],
        "texture" : "#6"
      },
      "south" : {
        "uv" : [ 0, 0, 16, 16 ],
        "texture" : "#6"
      },
      "north" : {
        "uv" : [ 0, 0, 16, 16 ],
        "texture" : "#6"
      },
      "west" : {
        "uv" : [ 0, 0, 16, 16 ],
        "texture" : "#6"
      },
      "up" : {
        "uv" : [ 0, 0, 16, 16 ],
        "texture" : "#7"
      },
      "down" : {
        "uv" : [ 0, 0, 16, 16 ],
        "texture" : "#7"
      }
    }
  }, {
    "from" : [ 16, 0, 0 ],
    "to" : [ 24, 8, 8 ],
    "faces" : {
      "east" : {
        "uv" : [ 0, 0, 16, 16 ],
        "texture" : "#5"
      },
      "south" : {
        "uv" : [ 0, 0, 16, 16 ],
        "texture" : "#5"
      },
      "north" : {
        "uv" : [ 0, 0, 16, 16 ],
        "texture" : "#5"
      },
      "west" : {
        "uv" : [ 0, 0, 16, 16 ],
        "texture" : "#5"
      },
      "up" : {
        "uv" : [ 0, 0, 16, 16 ],
        "texture" : "#5"
      },
      "down" : {
        "uv" : [ 0, 0, 16, 16 ],
        "texture" : "#5"
      }
    }
  }, {
    "from" : [ 16, 0, 8 ],
    "to" : [ 24, 8, 16 ],
    "faces" : {
      "east" : {
        "uv" : [ 0, 0, 16, 16 ],
        "texture" : "#6"
      },
      "south" : {
        "uv" : [ 0, 0, 16, 16 ],
        "texture" : "#6"
      },
      "north" : {
        "uv" : [ 0, 0, 16, 16 ],
        "texture" : "#6"
      },
      "west" : {
        "uv" : [ 0, 0, 16, 16 ],
        "texture" : "#6"
      },
      "up" : {
        "uv" : [ 0, 0, 16, 16 ],
        "texture" : "#7"
      },
      "down" : {
        "uv" : [ 0, 0, 16, 16 ],
        "texture" : "#7"
      }
    }
  }, {
    "from" : [ 16, 0, 16 ],
    "to" : [ 24, 8, 24 ],
    "faces" : {
      "east" : {
        "uv" : [ 0, 0, 16, 16 ],
        "texture" : "#5"
      },
      "south" : {
        "uv" : [ 0, 0, 16, 16 ],
        "texture" : "#5"
      },
      "north" : {
        "uv" : [ 0, 0, 16, 16 ],
        "texture" : "#5"
      },
      "west" : {
        "uv" : [ 0, 0, 16, 16 ],
        "texture" : "#5"
      },
      "up" : {
        "uv" : [ 0, 0, 16, 16 ],
        "texture" : "#5"
      },
      "down" : {
        "uv" : [ 0, 0, 16, 16 ],
        "texture" : "#5"
      }
    }
  }, {
    "from" : [ 16, 0, 24 ],
    "to" : [ 24, 8, 32 ],
    "faces" : {
      "east" : {
        "uv" : [ 0, 0, 16, 16 ],
        "texture" : "#5"
      },
      "south" : {
        "uv" : [ 0, 0, 16, 16 ],
        "texture" : "#5"
      },
      "north" : {
        "uv" : [ 0, 0, 16, 16 ],
        "texture" : "#5"
      },
      "west" : {
        "uv" : [ 0, 0, 16, 16 ],
        "texture" : "#5"
      },
      "up" : {
        "uv" : [ 0, 0, 16, 16 ],
        "texture" : "#5"
      },
      "down" : {
        "uv" : [ 0, 0, 16, 16 ],
        "texture" : "#5"
      }
    }
  }, {
    "from" : [ 24, 0, -16 ],
    "to" : [ 32, 8, -8 ],
    "faces" : {
      "east" : {
        "uv" : [ 0, 0, 16, 16 ],
        "texture" : "#6"
      },
      "south" : {
        "uv" : [ 0, 0, 16, 16 ],
        "texture" : "#6"
      },
      "north" : {
        "uv" : [ 0, 0, 16, 16 ],
        "texture" : "#6"
      },
      "west" : {
        "uv" : [ 0, 0, 16, 16 ],
        "texture" : "#6"
      },
      "up" : {
        "uv" : [ 0, 0, 16, 16 ],
        "texture" : "#7"
      },
      "down" : {
        "uv" : [ 0, 0, 16, 16 ],
        "texture" : "#7"
      }
    }
  }, {
    "from" : [ 24, 0, -8 ],
    "to" : [ 32, 8, 0 ],
    "faces" : {
      "east" : {
        "uv" : [ 0, 0, 16, 16 ],
        "texture" : "#5"
      },
      "south" : {
        "uv" : [ 0, 0, 16, 16 ],
        "texture" : "#5"
      },
      "north" : {
        "uv" : [ 0, 0, 16, 16 ],
        "texture" : "#5"
      },
      "west" : {
        "uv" : [ 0, 0, 16, 16 ],
        "texture" : "#5"
      },
      "up" : {
        "uv" : [ 0, 0, 16, 16 ],
        "texture" : "#5"
      },
      "down" : {
        "uv" : [ 0, 0, 16, 16 ],
        "texture" : "#5"
      }
    }
  }, {
    "from" : [ 24, 0, 0 ],
    "to" : [ 32, 8, 8 ],
    "faces" : {
      "east" : {
        "uv" : [ 0, 0, 16, 16 ],
        "texture" : "#6"
      },
      "south" : {
        "uv" : [ 0, 0, 16, 16 ],
        "texture" : "#6"
      },
      "north" : {
        "uv" : [ 0, 0, 16, 16 ],
        "texture" : "#6"
      },
      "west" : {
        "uv" : [ 0, 0, 16, 16 ],
        "texture" : "#6"
      },
      "up" : {
        "uv" : [ 0, 0, 16, 16 ],
        "texture" : "#7"
      },
      "down" : {
        "uv" : [ 0, 0, 16, 16 ],
        "texture" : "#7"
      }
    }
  }, {
    "from" : [ 24, 0, 8 ],
    "to" : [ 32, 8, 16 ],
    "faces" : {
      "east" : {
        "uv" : [ 0, 0, 16, 16 ],
        "texture" : "#6"
      },
      "south" : {
        "uv" : [ 0, 0, 16, 16 ],
        "texture" : "#6"
      },
      "north" : {
        "uv" : [ 0, 0, 16, 16 ],
        "texture" : "#6"
      },
      "west" : {
        "uv" : [ 0, 0, 16, 16 ],
        "texture" : "#6"
      },
      "up" : {
        "uv" : [ 0, 0, 16, 16 ],
        "texture" : "#7"
      },
      "down" : {
        "uv" : [ 0, 0, 16, 16 ],
        "texture" : "#7"
      }
    }
  }, {
    "from" : [ 24, 0, 16 ],
    "to" : [ 32, 8, 24 ],
    "faces" : {
      "east" : {
        "uv" : [ 0, 0, 16, 16 ],
        "texture" : "#6"
      },
      "south" : {
        "uv" : [ 0, 0, 16, 16 ],
        "texture" : "#6"
      },
      "north" : {
        "uv" : [ 0, 0, 16, 16 ],
        "texture" : "#6"
      },
      "west" : {
        "uv" : [ 0, 0, 16, 16 ],
        "texture" : "#6"
      },
      "up" : {
        "uv" : [ 0, 0, 16, 16 ],
        "texture" : "#7"
      },
      "down" : {
        "uv" : [ 0, 0, 16, 16 ],
        "texture" : "#7"
      }
    }
  }, {
    "from" : [ 24, 0, 24 ],
    "to" : [ 32, 8, 32 ],
    "faces" : {
      "east" : {
        "uv" : [ 0, 0, 16, 16 ],
        "texture" : "#5"
      },
      "south" : {
        "uv" : [ 0, 0, 16, 16 ],
        "texture" : "#5"
      },
      "north" : {
        "uv" : [ 0, 0, 16, 16 ],
        "texture" : "#5"
      },
      "west" : {
        "uv" : [ 0, 0, 16, 16 ],
        "texture" : "#5"
      },
      "up" : {
        "uv" : [ 0, 0, 16, 16 ],
        "texture" : "#5"
      },
      "down" : {
        "uv" : [ 0, 0, 16, 16 ],
        "texture" : "#5"
      }
    }
  }, {
    "from" : [ -16, 8, -16 ],
    "to" : [ -8, 16, -8 ],
    "faces" : {
      "east" : {
        "uv" : [ 0, 0, 16, 16 ],
        "texture" : "#1"
      },
      "south" : {
        "uv" : [ 0, 0, 16, 16 ],
        "texture" : "#1"
      },
      "north" : {
        "uv" : [ 0, 0, 16, 16 ],
        "texture" : "#1"
      },
      "west" : {
        "uv" : [ 0, 0, 16, 16 ],
        "texture" : "#1"
      },
      "up" : {
        "uv" : [ 0, 0, 16, 16 ],
        "texture" : "#1"
      },
      "down" : {
        "uv" : [ 0, 0, 16, 16 ],
        "texture" : "#1"
      }
    }
  }, {
    "from" : [ -16, 8, 0 ],
    "to" : [ -8, 16, 8 ],
    "faces" : {
      "east" : {
        "uv" : [ 0, 0, 16, 16 ],
        "texture" : "#1"
      },
      "south" : {
        "uv" : [ 0, 0, 16, 16 ],
        "texture" : "#1"
      },
      "north" : {
        "uv" : [ 0, 0, 16, 16 ],
        "texture" : "#1"
      },
      "west" : {
        "uv" : [ 0, 0, 16, 16 ],
        "texture" : "#1"
      },
      "up" : {
        "uv" : [ 0, 0, 16, 16 ],
        "texture" : "#1"
      },
      "down" : {
        "uv" : [ 0, 0, 16, 16 ],
        "texture" : "#1"
      }
    }
  }, {
    "from" : [ -16, 8, 16 ],
    "to" : [ -8, 16, 24 ],
    "faces" : {
      "east" : {
        "uv" : [ 0, 0, 16, 16 ],
        "texture" : "#1"
      },
      "south" : {
        "uv" : [ 0, 0, 16, 16 ],
        "texture" : "#1"
      },
      "north" : {
        "uv" : [ 0, 0, 16, 16 ],
        "texture" : "#1"
      },
      "west" : {
        "uv" : [ 0, 0, 16, 16 ],
        "texture" : "#1"
      },
      "up" : {
        "uv" : [ 0, 0, 16, 16 ],
        "texture" : "#1"
      },
      "down" : {
        "uv" : [ 0, 0, 16, 16 ],
        "texture" : "#1"
      }
    }
  }, {
    "from" : [ -8, 8, -8 ],
    "to" : [ 0, 16, 0 ],
    "faces" : {
      "east" : {
        "uv" : [ 0, 0, 16, 16 ],
        "texture" : "#8"
      },
      "south" : {
        "uv" : [ 0, 0, 16, 16 ],
        "texture" : "#8"
      },
      "north" : {
        "uv" : [ 0, 0, 16, 16 ],
        "texture" : "#8"
      },
      "west" : {
        "uv" : [ 0, 0, 16, 16 ],
        "texture" : "#8"
      },
      "down" : {
        "uv" : [ 0, 0, 16, 16 ],
        "texture" : "#9"
      }
    }
  }, {
    "from" : [ -8, 8, 8 ],
    "to" : [ 0, 16, 16 ],
    "faces" : {
      "east" : {
        "uv" : [ 0, 0, 16, 16 ],
        "texture" : "#8"
      },
      "south" : {
        "uv" : [ 0, 0, 16, 16 ],
        "texture" : "#8"
      },
      "north" : {
        "uv" : [ 0, 0, 16, 16 ],
        "texture" : "#8"
      },
      "west" : {
        "uv" : [ 0, 0, 16, 16 ],
        "texture" : "#8"
      },
      "down" : {
        "uv" : [ 0, 0, 16, 16 ],
        "texture" : "#9"
      }
    }
  }, {
    "from" : [ -8, 8, 24 ],
    "to" : [ 0, 16, 32 ],
    "faces" : {
      "east" : {
        "uv" : [ 0, 0, 16, 16 ],
        "texture" : "#8"
      },
      "south" : {
        "uv" : [ 0, 0, 16, 16 ],
        "texture" : "#8"
      },
      "north" : {
        "uv" : [ 0, 0, 16, 16 ],
        "texture" : "#8"
      },
      "west" : {
        "uv" : [ 0, 0, 16, 16 ],
        "texture" : "#8"
      },
      "down" : {
        "uv" : [ 0, 0, 16, 16 ],
        "texture" : "#9"
      }
    }
  }, {
    "from" : [ -16, 16, -16 ],
    "to" : [ -8, 24, -8 ],
    "faces" : {
      "east" : {
        "uv" : [ 0, 0, 16, 16 ],
        "texture" : "#1"
      },
      "south" : {
        "uv" : [ 0, 0, 16, 16 ],
        "texture" : "#1"
      },
      "north" : {
        "uv" : [ 0, 0, 16, 16 ],
        "texture" : "#1"
      },
      "west" : {
        "uv" : [ 0, 0, 16, 16 ],
        "texture" : "#1"
      },
      "up" : {
        "uv" : [ 0, 0, 16, 16 ],
        "texture" : "#1"
      },
      "down" : {
        "uv" : [ 0, 0, 16, 16 ],
        "texture" : "#1"
      }
    }
  }, {
    "from" : [ -16, 16, 0 ],
    "to" : [ -8, 24, 8 ],
    "faces" : {
      "east" : {
        "uv" : [ 0, 0, 16, 16 ],
        "texture" : "#1"
      },
      "south" : {
        "uv" : [ 0, 0, 16, 16 ],
        "texture" : "#1"
      },
      "north" : {
        "uv" : [ 0, 0, 16, 16 ],
        "texture" : "#1"
      },
      "west" : {
        "uv" : [ 0, 0, 16, 16 ],
        "texture" : "#1"
      },
      "up" : {
        "uv" : [ 0, 0, 16, 16 ],
        "texture" : "#1"
      },
      "down" : {
        "uv" : [ 0, 0, 16, 16 ],
        "texture" : "#1"
      }
    }
  }, {
    "from" : [ -16, 16, 16 ],
    "to" : [ -8, 24, 24 ],
    "faces" : {
      "east" : {
        "uv" : [ 0, 0, 16, 16 ],
        "texture" : "#1"
      },
      "south" : {
        "uv" : [ 0, 0, 16, 16 ],
        "texture" : "#1"
      },
      "north" : {
        "uv" : [ 0, 0, 16, 16 ],
        "texture" : "#1"
      },
      "west" : {
        "uv" : [ 0, 0, 16, 16 ],
        "texture" : "#1"
      },
      "up" : {
        "uv" : [ 0, 0, 16, 16 ],
        "texture" : "#1"
      },
      "down" : {
        "uv" : [ 0, 0, 16, 16 ],
        "texture" : "#1"
      }
    }
  }, {
    "from" : [ -8, 16, -8 ],
    "to" : [ 0, 24, 0 ],
    "faces" : {
      "east" : {
        "uv" : [ 0, 0, 16, 16 ],
        "texture" : "#8"
      },
      "south" : {
        "uv" : [ 0, 0, 16, 16 ],
        "texture" : "#8"
      },
      "north" : {
        "uv" : [ 0, 0, 16, 16 ],
        "texture" : "#8"
      },
      "west" : {
        "uv" : [ 0, 0, 16, 16 ],
        "texture" : "#8"
      }
    }
  }, {
    "from" : [ -8, 16, 8 ],
    "to" : [ 0, 24, 16 ],
    "faces" : {
      "east" : {
        "uv" : [ 0, 0, 16, 16 ],
        "texture" : "#8"
      },
      "south" : {
        "uv" : [ 0, 0, 16, 16 ],
        "texture" : "#8"
      },
      "north" : {
        "uv" : [ 0, 0, 16, 16 ],
        "texture" : "#8"
      },
      "west" : {
        "uv" : [ 0, 0, 16, 16 ],
        "texture" : "#8"
      }
    }
  }, {
    "from" : [ -8, 16, 24 ],
    "to" : [ 0, 24, 32 ],
    "faces" : {
      "east" : {
        "uv" : [ 0, 0, 16, 16 ],
        "texture" : "#8"
      },
      "south" : {
        "uv" : [ 0, 0, 16, 16 ],
        "texture" : "#8"
      },
      "north" : {
        "uv" : [ 0, 0, 16, 16 ],
        "texture" : "#8"
      },
      "west" : {
        "uv" : [ 0, 0, 16, 16 ],
        "texture" : "#8"
      }
    }
  }, {
    "from" : [ -16, 24, 0 ],
    "to" : [ -8, 32, 8 ],
    "faces" : {
      "east" : {
        "uv" : [ 0, 0, 16, 16 ],
        "texture" : "#1"
      },
      "south" : {
        "uv" : [ 0, 0, 16, 16 ],
        "texture" : "#1"
      },
      "north" : {
        "uv" : [ 0, 0, 16, 16 ],
        "texture" : "#1"
      },
      "west" : {
        "uv" : [ 0, 0, 16, 16 ],
        "texture" : "#1"
      },
      "up" : {
        "uv" : [ 0, 0, 16, 16 ],
        "texture" : "#1"
      },
      "down" : {
        "uv" : [ 0, 0, 16, 16 ],
        "texture" : "#1"
      }
    }
  }, {
    "from" : [ -16, 24, 16 ],
    "to" : [ -8, 32, 24 ],
    "faces" : {
      "east" : {
        "uv" : [ 0, 0, 16, 16 ],
        "texture" : "#1"
      },
      "south" : {
        "uv" : [ 0, 0, 16, 16 ],
        "texture" : "#1"
      },
      "north" : {
        "uv" : [ 0, 0, 16, 16 ],
        "texture" : "#1"
      },
      "west" : {
        "uv" : [ 0, 0, 16, 16 ],
        "texture" : "#1"
      },
      "up" : {
        "uv" : [ 0, 0, 16, 16 ],
        "texture" : "#1"
      },
      "down" : {
        "uv" : [ 0, 0, 16, 16 ],
        "texture" : "#1"
      }
    }
  }, {
    "from" : [ -8, 24, -8 ],
    "to" : [ 0, 32, 0 ],
    "faces" : {
      "east" : {
        "uv" : [ 0, 0, 16, 16 ],
        "texture" : "#8"
      },
      "south" : {
        "uv" : [ 0, 0, 16, 16 ],
        "texture" : "#8"
      },
      "north" : {
        "uv" : [ 0, 0, 16, 16 ],
        "texture" : "#8"
      },
      "west" : {
        "uv" : [ 0, 0, 16, 16 ],
        "texture" : "#8"
      }
    }
  }, {
    "from" : [ -8, 24, 8 ],
    "to" : [ 0, 32, 16 ],
    "faces" : {
      "east" : {
        "uv" : [ 0, 0, 16, 16 ],
        "texture" : "#8"
      },
      "south" : {
        "uv" : [ 0, 0, 16, 16 ],
        "texture" : "#8"
      },
      "north" : {
        "uv" : [ 0, 0, 16, 16 ],
        "texture" : "#8"
      },
      "west" : {
        "uv" : [ 0, 0, 16, 16 ],
        "texture" : "#8"
      }
    }
  }, {
    "from" : [ -8, 24, 24 ],
    "to" : [ 0, 32, 32 ],
    "faces" : {
      "east" : {
        "uv" : [ 0, 0, 16, 16 ],
        "texture" : "#8"
      },
      "south" : {
        "uv" : [ 0, 0, 16, 16 ],
        "texture" : "#8"
      },
      "north" : {
        "uv" : [ 0, 0, 16, 16 ],
        "texture" : "#8"
      },
      "west" : {
        "uv" : [ 0, 0, 16, 16 ],
        "texture" : "#8"
      }
    }
  }, {
    "from" : [ -16, 28, -16 ],
    "to" : [ -8, 32, -8 ],
    "faces" : {
      "east" : {
        "uv" : [ 0, 0, 16, 8 ],
        "texture" : "#0"
      },
      "south" : {
        "uv" : [ 0, 0, 16, 8 ],
        "texture" : "#0"
      },
      "north" : {
        "uv" : [ 0, 0, 16, 8 ],
        "texture" : "#0"
      },
      "west" : {
        "uv" : [ 0, 0, 16, 8 ],
        "texture" : "#0"
      },
      "up" : {
        "uv" : [ 0, 0, 16, 16 ],
        "texture" : "#0"
      },
      "down" : {
        "uv" : [ 0, 0, 16, 16 ],
        "texture" : "#0"
      }
    }
  }, {
    "from" : [ -8, 28, -16 ],
    "to" : [ 0, 32, -8 ],
    "faces" : {
      "east" : {
        "uv" : [ 0, 0, 16, 8 ],
        "texture" : "#4"
      },
      "west" : {
        "uv" : [ 0, 0, 16, 8 ],
        "texture" : "#4"
      },
      "up" : {
        "uv" : [ 0, 0, 16, 16 ],
        "texture" : "#4"
      },
      "down" : {
        "uv" : [ 0, 0, 16, 16 ],
        "texture" : "#4"
      }
    }
  }, {
    "from" : [ -8, 24, -16 ],
    "to" : [ -4, 28, -8 ],
    "faces" : {
      "east" : {
        "uv" : [ 0, 8, 16, 16 ],
        "texture" : "#4"
      },
      "west" : {
        "uv" : [ 0, 8, 16, 16 ],
        "texture" : "#4"
      },
      "down" : {
        "uv" : [ 0, 0, 8, 16 ],
        "texture" : "#4"
      }
    }
  } ],
  "display" : {
    "head" : {
      "translation" : [ 0.0, -43.25, 0.0 ],
      "scale" : [ 3.2, 3.2, 3.2 ]
    }
  }
}