{
  "textures" : {
    "11" : "block/stone_bricks",
    "12" : "block/andesite",
    "13" : "block/polished_andesite",
    "14" : "block/stone",
    "15" : "block/anvil",
    "16" : "block/anvil_top",
    "17" : "block/soul_fire_0",
    "18" : "block/chain",
    "0" : "block/deepslate_tiles",
    "1" : "block/deepslate_bricks",
    "2" : "block/oxidized_copper",
    "3" : "block/weathered_copper",
    "4" : "block/polished_deepslate",
    "5" : "block/deepslate",
    "6" : "block/deepslate_top",
    "7" : "block/cobbled_deepslate",
    "8" : "block/polished_basalt_side",
    "9" : "block/polished_basalt_top",
    "10" : "block/soul_soil"
  },
  "elements" : [ {
    "from" : [ -8, -16, -8 ],
    "to" : [ 0, -8, 0 ],
    "faces" : {
      "east" : {
        "uv" : [ 0, 0, 16, 16 ],
        "texture" : "#8"
      },
      "south" : {
        "uv" : [ 0, 0, 16, 16 ],
        "texture" : "#8"
      },
      "north" : {
        "uv" : [ 0, 0, 16, 16 ],
        "texture" : "#8"
      },
      "west" : {
        "uv" : [ 0, 0, 16, 16 ],
        "texture" : "#8"
      }
    }
  }, {
    "from" : [ -8, -16, 8 ],
    "to" : [ 0, -8, 16 ],
    "faces" : {
      "east" : {
        "uv" : [ 0, 0, 16, 16 ],
        "texture" : "#8"
      },
      "south" : {
        "uv" : [ 0, 0, 16, 16 ],
        "texture" : "#8"
      },
      "north" : {
        "uv" : [ 0, 0, 16, 16 ],
        "texture" : "#8"
      },
      "west" : {
        "uv" : [ 0, 0, 16, 16 ],
        "texture" : "#8"
      },
      "up" : {
        "uv" : [ 0, 0, 16, 16 ],
        "texture" : "#9"
      }
    }
  }, {
    "from" : [ -8, -8, -8 ],
    "to" : [ 0, 0, 0 ],
    "faces" : {
      "east" : {
        "uv" : [ 0, 0, 16, 16 ],
        "texture" : "#8"
      },
      "south" : {
        "uv" : [ 0, 0, 16, 16 ],
        "texture" : "#8"
      },
      "north" : {
        "uv" : [ 0, 0, 16, 16 ],
        "texture" : "#8"
      },
      "west" : {
        "uv" : [ 0, 0, 16, 16 ],
        "texture" : "#8"
      },
      "up" : {
        "uv" : [ 0, 0, 16, 16 ],
        "texture" : "#9"
      }
    }
  }, {
    "from" : [ -16, -12, -16 ],
    "to" : [ -8, -8, -8 ],
    "faces" : {
      "east" : {
        "uv" : [ 0, 0, 16, 8 ],
        "texture" : "#7"
      },
      "south" : {
        "uv" : [ 0, 0, 16, 8 ],
        "texture" : "#7"
      },
      "north" : {
        "uv" : [ 0, 0, 16, 8 ],
        "texture" : "#7"
      },
      "west" : {
        "uv" : [ 0, 0, 16, 8 ],
        "texture" : "#7"
      },
      "up" : {
        "uv" : [ 0, 0, 16, 16 ],
        "texture" : "#7"
      },
      "down" : {
        "uv" : [ 0, 0, 16, 16 ],
        "texture" : "#7"
      }
    }
  }, {
    "from" : [ -16, -16, -8 ],
    "to" : [ -8, -12, 0 ],
    "faces" : {
      "south" : {
        "uv" : [ 0, 8, 16, 16 ],
        "texture" : "#1"
      },
      "north" : {
        "uv" : [ 0, 8, 16, 16 ],
        "texture" : "#1"
      },
      "west" : {
        "uv" : [ 0, 8, 16, 16 ],
        "texture" : "#1"
      },
      "up" : {
        "uv" : [ 0, 0, 16, 16 ],
        "texture" : "#1"
      },
      "down" : {
        "uv" : [ 0, 0, 16, 16 ],
        "texture" : "#1"
      }
    }
  }, {
    "from" : [ -8, -12, -16 ],
    "to" : [ 0, -8, -8 ],
    "faces" : {
      "east" : {
        "uv" : [ 0, 0, 16, 8 ],
        "texture" : "#4"
      },
      "west" : {
        "uv" : [ 0, 0, 16, 8 ],
        "texture" : "#4"
      },
      "up" : {
        "uv" : [ 0, 0, 16, 16 ],
        "texture" : "#4"
      },
      "down" : {
        "uv" : [ 0, 0, 16, 16 ],
        "texture" : "#4"
      }
    }
  }, {
    "from" : [ -8, -16, -16 ],
    "to" : [ -4, -12, -8 ],
    "faces" : {
      "east" : {
        "uv" : [ 0, 8, 16, 16 ],
        "texture" : "#4"
      },
      "west" : {
        "uv" : [ 0, 8, 16, 16 ],
        "texture" : "#4"
      },
      "down" : {
        "uv" : [ 0, 0, 8, 16 ],
        "texture" : "#4"
      }
    }
  }, {
    "from" : [ -7, -16, 1 ],
    "to" : [ -1, -14, 7 ],
    "faces" : {
      "east" : {
        "uv" : [ 0, 2, 4, 14 ],
        "texture" : "#15",
        "rotation" : 90
      },
      "south" : {
        "uv" : [ 2, 12, 14, 16 ],
        "texture" : "#15"
      },
      "north" : {
        "uv" : [ 2, 12, 14, 16 ],
        "texture" : "#15"
      },
      "west" : {
        "uv" : [ 4, 2, 0, 14 ],
        "texture" : "#15",
        "rotation" : 270
      },
      "up" : {
        "uv" : [ 2, 2, 14, 14 ],
        "texture" : "#15"
      },
      "down" : {
        "uv" : [ 2, 2, 14, 14 ],
        "texture" : "#15"
      }
    }
  }, {
    "from" : [ -6, -14, 1 ],
    "to" : [ -2, -14, 6 ],
    "faces" : {
      "east" : {
        "uv" : [ 4, 3, 5, 13 ],
        "texture" : "#15",
        "rotation" : 90
      },
      "south" : {
        "uv" : [ 4, 11, 12, 12 ],
        "texture" : "#15"
      },
      "north" : {
        "uv" : [ 4, 11, 12, 12 ],
        "texture" : "#15"
      },
      "west" : {
        "uv" : [ 5, 3, 4, 13 ],
        "texture" : "#15",
        "rotation" : 270
      },
      "up" : {
        "uv" : [ 4, 3, 12, 13 ],
        "texture" : "#15"
      }
    }
  }, {
    "from" : [ -5, -14, 2 ],
    "to" : [ -3, -11, 6 ],
    "faces" : {
      "east" : {
        "uv" : [ 5, 4, 10, 12 ],
        "texture" : "#15",
        "rotation" : 90
      },
      "south" : {
        "uv" : [ 6, 6, 10, 11 ],
        "texture" : "#15"
      },
      "north" : {
        "uv" : [ 6, 6, 10, 11 ],
        "texture" : "#15"
      },
      "west" : {
        "uv" : [ 10, 4, 5, 12 ],
        "texture" : "#15",
        "rotation" : 270
      }
    }
  }, {
    "from" : [ -6, -11, 0 ],
    "to" : [ -1, -8, 8 ],
    "faces" : {
      "east" : {
        "uv" : [ 10, 0, 16, 16 ],
        "texture" : "#15",
        "rotation" : 90
      },
      "south" : {
        "uv" : [ 3, 0, 13, 6 ],
        "texture" : "#15"
      },
      "north" : {
        "uv" : [ 3, 0, 13, 6 ],
        "texture" : "#15"
      },
      "west" : {
        "uv" : [ 16, 0, 10, 16 ],
        "texture" : "#15",
        "rotation" : 270
      },
      "up" : {
        "uv" : [ 3, 0, 13, 16 ],
        "texture" : "#16"
      },
      "down" : {
        "uv" : [ 3, 0, 13, 16 ],
        "texture" : "#15"
      }
    }
  }, {
    "from" : [ -8, -16, 24 ],
    "to" : [ 0, -12, 32 ],
    "faces" : {
      "east" : {
        "uv" : [ 0, 8, 16, 16 ],
        "texture" : "#1"
      },
      "south" : {
        "uv" : [ 0, 8, 16, 16 ],
        "texture" : "#1"
      },
      "north" : {
        "uv" : [ 0, 8, 16, 16 ],
        "texture" : "#1"
      },
      "west" : {
        "uv" : [ 0, 8, 16, 16 ],
        "texture" : "#1"
      },
      "up" : {
        "uv" : [ 0, 0, 16, 16 ],
        "texture" : "#1"
      }
    }
  }, {
    "from" : [ -7, -8, -15 ],
    "to" : [ -1, -6, -9 ],
    "faces" : {
      "east" : {
        "uv" : [ 0, 2, 4, 14 ],
        "texture" : "#15",
        "rotation" : 90
      },
      "south" : {
        "uv" : [ 2, 12, 14, 16 ],
        "texture" : "#15"
      },
      "north" : {
        "uv" : [ 2, 12, 14, 16 ],
        "texture" : "#15"
      },
      "west" : {
        "uv" : [ 4, 2, 0, 14 ],
        "texture" : "#15",
        "rotation" : 270
      },
      "up" : {
        "uv" : [ 2, 2, 14, 14 ],
        "texture" : "#15"
      },
      "down" : {
        "uv" : [ 2, 2, 14, 14 ],
        "texture" : "#15"
      }
    }
  }, {
    "from" : [ -6, -6, -15 ],
    "to" : [ -2, -6, -10 ],
    "faces" : {
      "east" : {
        "uv" : [ 4, 3, 5, 13 ],
        "texture" : "#15",
        "rotation" : 90
      },
      "south" : {
        "uv" : [ 4, 11, 12, 12 ],
        "texture" : "#15"
      },
      "north" : {
        "uv" : [ 4, 11, 12, 12 ],
        "texture" : "#15"
      },
      "west" : {
        "uv" : [ 5, 3, 4, 13 ],
        "texture" : "#15",
        "rotation" : 270
      },
      "up" : {
        "uv" : [ 4, 3, 12, 13 ],
        "texture" : "#15"
      }
    }
  }, {
    "from" : [ -5, -6, -14 ],
    "to" : [ -3, -3, -10 ],
    "faces" : {
      "east" : {
        "uv" : [ 5, 4, 10, 12 ],
        "texture" : "#15",
        "rotation" : 90
      },
      "south" : {
        "uv" : [ 6, 6, 10, 11 ],
        "texture" : "#15"
      },
      "north" : {
        "uv" : [ 6, 6, 10, 11 ],
        "texture" : "#15"
      },
      "west" : {
        "uv" : [ 10, 4, 5, 12 ],
        "texture" : "#15",
        "rotation" : 270
      }
    }
  }, {
    "from" : [ -6, -3, -16 ],
    "to" : [ -1, 0, -8 ],
    "faces" : {
      "east" : {
        "uv" : [ 10, 0, 16, 16 ],
        "texture" : "#15",
        "rotation" : 90
      },
      "south" : {
        "uv" : [ 3, 0, 13, 6 ],
        "texture" : "#15"
      },
      "north" : {
        "uv" : [ 3, 0, 13, 6 ],
        "texture" : "#15"
      },
      "west" : {
        "uv" : [ 16, 0, 10, 16 ],
        "texture" : "#15",
        "rotation" : 270
      },
      "up" : {
        "uv" : [ 3, 0, 13, 16 ],
        "texture" : "#16"
      },
      "down" : {
        "uv" : [ 3, 0, 13, 16 ],
        "texture" : "#15"
      }
    }
  }, {
    "from" : [ -8, -8, 8 ],
    "to" : [ 0, -4, 16 ],
    "faces" : {
      "east" : {
        "uv" : [ 0, 8, 16, 16 ],
        "texture" : "#7"
      },
      "south" : {
        "uv" : [ 0, 8, 16, 16 ],
        "texture" : "#7"
      },
      "north" : {
        "uv" : [ 0, 8, 16, 16 ],
        "texture" : "#7"
      },
      "west" : {
        "uv" : [ 0, 8, 16, 16 ],
        "texture" : "#7"
      },
      "up" : {
        "uv" : [ 0, 0, 16, 16 ],
        "texture" : "#7"
      }
    }
  }, {
    "from" : [ -8, 0, -8 ],
    "to" : [ 0, 4, 0 ],
    "faces" : {
      "east" : {
        "uv" : [ 0, 8, 16, 16 ],
        "texture" : "#1"
      },
      "south" : {
        "uv" : [ 0, 8, 16, 16 ],
        "texture" : "#1"
      },
      "north" : {
        "uv" : [ 0, 8, 16, 16 ],
        "texture" : "#1"
      },
      "west" : {
        "uv" : [ 0, 8, 16, 16 ],
        "texture" : "#1"
      },
      "up" : {
        "uv" : [ 0, 0, 16, 16 ],
        "texture" : "#1"
      }
    }
  } ],
  "display" : {
    "head" : {
      "translation" : [ 0.0, -43.25, 0.0 ],
      "scale" : [ 3.2, 3.2, 3.2 ]
    }
  }
}