{
	"credit": "Made with Blockbench",
	"ambientocclusion": false,
	"texture_size": [64, 64],
	"textures": {
		"0": "hexerei:block/mixing_cauldron",
		"1": "cobalt/block/mixing_cauldron_side",
		"3": "cobalt/block/mixing_cauldron_fire",
		"particle": "hexerei:block/cauldron_side"
	},
	"elements": [
		{
			"from": [0, 3, 0],
			"to": [16, 16, 2],
			"faces": {
				"north": {"uv": [0, 1, 8, 7.5], "texture": "#1"},
				"east": {"uv": [7, 1, 8, 7.5], "texture": "#1"},
				"south": {"uv": [8, 1.5, 16, 8], "texture": "#1"},
				"west": {"uv": [0, 1, 1, 7.5], "texture": "#1"},
				"up": {"uv": [0, 0.5, 8, 1.5], "rotation": 180, "texture": "#1"},
				"down": {"uv": [0, 0, 8, 1], "texture": "#1"}
			}
		},
		{
			"from": [1, 13, -0.5],
			"to": [15, 14, 0],
			"faces": {
				"north": {"uv": [1.5, 8, 8.5, 8.5], "rotation": 180, "texture": "#1"},
				"east": {"uv": [4, 1, 3.5, 1.5], "texture": "#1"},
				"south": {"uv": [7.5, 1, 0.5, 1.5], "texture": "#1"},
				"west": {"uv": [4.5, 1, 4, 1.5], "texture": "#1"},
				"up": {"uv": [1, 1.5, 8, 1], "texture": "#1"},
				"down": {"uv": [0, 1.5, 7, 1], "texture": "#1"}
			}
		},
		{
			"from": [1, 13, 16],
			"to": [15, 14, 16.5],
			"rotation": {"angle": 0, "axis": "y", "origin": [0, 0, 16]},
			"faces": {
				"north": {"uv": [0.5, 1, 7.5, 1.5], "texture": "#1"},
				"east": {"uv": [3.5, 1, 4, 1.5], "texture": "#1"},
				"south": {"uv": [7.5, 1, 0.5, 1.5], "texture": "#1"},
				"west": {"uv": [4, 1, 4.5, 1.5], "texture": "#1"},
				"up": {"uv": [1, 1, 8, 1.5], "texture": "#1"},
				"down": {"uv": [0, 1, 7, 1.5], "texture": "#1"}
			}
		},
		{
			"from": [-0.5, 13, 1],
			"to": [0, 14, 15],
			"rotation": {"angle": 0, "axis": "y", "origin": [8, 13.5, 8]},
			"faces": {
				"north": {"uv": [4, 1, 4.5, 1.5], "texture": "#1"},
				"east": {"uv": [0.5, 1, 7.5, 1.5], "texture": "#1"},
				"south": {"uv": [3.5, 1, 4, 1.5], "texture": "#1"},
				"west": {"uv": [8.5, 8, 1.5, 8.5], "rotation": 180, "texture": "#1"},
				"up": {"uv": [1, 1, 8, 1.5], "rotation": 90, "texture": "#1"},
				"down": {"uv": [0, 1, 7, 1.5], "rotation": 270, "texture": "#1"}
			}
		},
		{
			"from": [16, 13, 1],
			"to": [16.5, 14, 15],
			"rotation": {"angle": 0, "axis": "y", "origin": [8, 13.5, 8]},
			"faces": {
				"north": {"uv": [4.5, 1, 4, 1.5], "texture": "#1"},
				"east": {"uv": [1, 8, 8, 8.5], "rotation": 180, "texture": "#1"},
				"south": {"uv": [4, 1, 3.5, 1.5], "texture": "#1"},
				"west": {"uv": [7.5, 1, 0.5, 1.5], "texture": "#1"},
				"up": {"uv": [1, 1.5, 8, 1], "rotation": 90, "texture": "#1"},
				"down": {"uv": [0, 1.5, 7, 1], "rotation": 270, "texture": "#1"}
			}
		},
		{
			"from": [-0.5, 11, 1],
			"to": [0, 12, 15],
			"rotation": {"angle": 0, "axis": "y", "origin": [8, 13.5, 8]},
			"faces": {
				"north": {"uv": [4, 1, 4.5, 1.5], "texture": "#1"},
				"east": {"uv": [0.5, 1, 7.5, 1.5], "texture": "#1"},
				"south": {"uv": [3.5, 1, 4, 1.5], "texture": "#1"},
				"west": {"uv": [7.5, 1, 0.5, 1.5], "texture": "#1"},
				"up": {"uv": [1, 1, 8, 1.5], "rotation": 90, "texture": "#1"},
				"down": {"uv": [0, 1, 7, 1.5], "rotation": 270, "texture": "#1"}
			}
		},
		{
			"from": [1, 11, 16],
			"to": [15, 12, 16.5],
			"rotation": {"angle": 0, "axis": "y", "origin": [0, 0, 16]},
			"faces": {
				"north": {"uv": [0.5, 1, 7.5, 1.5], "texture": "#1"},
				"east": {"uv": [3.5, 1, 4, 1.5], "texture": "#1"},
				"south": {"uv": [7.5, 8, 0.5, 8.5], "texture": "#1"},
				"west": {"uv": [4, 1, 4.5, 1.5], "texture": "#1"},
				"up": {"uv": [1, 1, 8, 1.5], "texture": "#1"},
				"down": {"uv": [0, 1, 7, 1.5], "texture": "#1"}
			}
		},
		{
			"from": [16, 11, 1],
			"to": [16.5, 12, 15],
			"rotation": {"angle": 0, "axis": "y", "origin": [8, 13.5, 8]},
			"faces": {
				"north": {"uv": [4.5, 1, 4, 1.5], "texture": "#1"},
				"east": {"uv": [0.5, 1, 7.5, 1.5], "texture": "#1"},
				"south": {"uv": [4, 1, 3.5, 1.5], "texture": "#1"},
				"west": {"uv": [7.5, 1, 0.5, 1.5], "texture": "#1"},
				"up": {"uv": [1, 1.5, 8, 1], "rotation": 90, "texture": "#1"},
				"down": {"uv": [0, 1.5, 7, 1], "rotation": 270, "texture": "#1"}
			}
		},
		{
			"from": [1, 11, -0.5],
			"to": [15, 12, 0],
			"faces": {
				"north": {"uv": [0.5, 1, 7.5, 1.5], "texture": "#1"},
				"east": {"uv": [4, 1, 3.5, 1.5], "texture": "#1"},
				"south": {"uv": [7.5, 1, 0.5, 1.5], "texture": "#1"},
				"west": {"uv": [4.5, 1, 4, 1.5], "texture": "#1"},
				"up": {"uv": [1, 1.5, 8, 1], "texture": "#1"},
				"down": {"uv": [0, 1.5, 7, 1], "texture": "#1"}
			}
		},
		{
			"from": [-1.25, 15.5, -1.25],
			"to": [1.75, 16.5, 1.75],
			"rotation": {"angle": 0, "axis": "y", "origin": [16, 0, 0]},
			"faces": {
				"north": {"uv": [4, 1, 2.5, 1.5], "texture": "#1"},
				"east": {"uv": [6.5, 1, 5, 1.5], "texture": "#1"},
				"south": {"uv": [7.5, 1, 6, 1.5], "texture": "#1"},
				"west": {"uv": [2, 1, 0.5, 1.5], "texture": "#1"},
				"up": {"uv": [8.5, 10, 7, 11.5], "rotation": 180, "texture": "#1"},
				"down": {"uv": [2.5, 6.5, 1, 8], "texture": "#1"}
			}
		},
		{
			"from": [-0.75, 16.5, 1.25],
			"to": [1.25, 17.5, 1.75],
			"rotation": {"angle": 0, "axis": "y", "origin": [16, 0, 0]},
			"faces": {
				"north": {"uv": [1.5, 3, 0.5, 3.5], "texture": "#1"},
				"east": {"uv": [0.5, 0, 0, 0.5], "texture": "#0"},
				"south": {"uv": [5.5, 2, 4.5, 2.5], "texture": "#1"},
				"west": {"uv": [0.5, 0, 0, 0.5], "texture": "#0"},
				"up": {"uv": [2.5, 4.5, 1.5, 5], "texture": "#1"},
				"down": {"uv": [1, 0, 0, 0.5], "texture": "#0"}
			}
		},
		{
			"from": [-1.25, 16.5, -1.25],
			"to": [-0.75, 17.5, 1.75],
			"rotation": {"angle": 0, "axis": "y", "origin": [16, 0, 0]},
			"faces": {
				"north": {"uv": [2, 4, 1.5, 4.5], "texture": "#1"},
				"east": {"uv": [3.5, 1.5, 2, 2], "texture": "#1"},
				"south": {"uv": [0.5, 2, 0, 2.5], "texture": "#1"},
				"west": {"uv": [3, 6, 1.5, 6.5], "texture": "#1"},
				"up": {"uv": [1, 3, 0.5, 4.5], "texture": "#1"},
				"down": {"uv": [0.5, 0, 0, 1.5], "texture": "#0"}
			}
		},
		{
			"from": [1.25, 16.5, -1.25],
			"to": [1.75, 17.5, 1.75],
			"rotation": {"angle": 0, "axis": "y", "origin": [16, 0, 0]},
			"faces": {
				"north": {"uv": [3, 3.5, 2.5, 4], "texture": "#1"},
				"east": {"uv": [4.5, 5, 3, 5.5], "texture": "#1"},
				"south": {"uv": [1, 3.5, 0.5, 4], "texture": "#1"},
				"west": {"uv": [4, 1.5, 2.5, 2], "texture": "#1"},
				"up": {"uv": [6, 1, 5.5, 2.5], "texture": "#1"},
				"down": {"uv": [0.5, 0, 0, 1.5], "texture": "#0"}
			}
		},
		{
			"from": [-0.75, 16.5, -1.25],
			"to": [1.25, 17.5, -0.75],
			"rotation": {"angle": 0, "axis": "y", "origin": [16, 0, 0]},
			"faces": {
				"north": {"uv": [1, 0, 0, 0.5], "texture": "#1"},
				"east": {"uv": [0.5, 0, 0, 0.5], "texture": "#0"},
				"south": {"uv": [3.5, 1.5, 2.5, 2], "texture": "#1"},
				"west": {"uv": [0.5, 0, 0, 0.5], "texture": "#0"},
				"up": {"uv": [5, 3.5, 4, 4], "texture": "#1"},
				"down": {"uv": [1, 0, 0, 0.5], "texture": "#0"}
			}
		},
		{
			"from": [0, 3, 14],
			"to": [16, 16, 16],
			"faces": {
				"north": {"uv": [8, 1.5, 16, 8], "texture": "#1"},
				"east": {"uv": [0, 1, 1, 7.5], "texture": "#1"},
				"south": {"uv": [0, 1, 8, 7.5], "texture": "#1"},
				"west": {"uv": [7, 1, 8, 7.5], "texture": "#1"},
				"up": {"uv": [0, 0.5, 8, 1.5], "texture": "#1"},
				"down": {"uv": [0, 0, 8, 1], "texture": "#1"}
			}
		},
		{
			"from": [14, 3, 2],
			"to": [16, 16, 14],
			"faces": {
				"north": {"uv": [0, 0, 6, 6.5], "texture": "#0"},
				"east": {"uv": [1, 1, 7, 7.5], "texture": "#1"},
				"south": {"uv": [0, 0, 6, 6.5], "texture": "#0"},
				"west": {"uv": [9, 1.5, 15, 8], "texture": "#1"},
				"up": {"uv": [1, 0.5, 7.5, 1.5], "rotation": 270, "texture": "#1"},
				"down": {"uv": [7, 3, 8, 9], "texture": "#1"}
			}
		},
		{
			"from": [1, 2, 1],
			"to": [15, 2.5, 15],
			"faces": {
				"north": {"uv": [9, 8, 16, 8.5], "texture": "#1"},
				"east": {"uv": [9, 8, 16, 8.5], "texture": "#1"},
				"south": {"uv": [9, 8, 16, 8.5], "texture": "#1"},
				"west": {"uv": [9, 8, 16, 8.5], "texture": "#1"},
				"up": {"uv": [9, 8, 16, 8.5], "texture": "#1"},
				"down": {"uv": [9, 8, 16, 8.5], "texture": "#1"}
			}
		},
		{
			"from": [0.5, 1.5, 0.5],
			"to": [15.5, 2, 15.5],
			"faces": {
				"north": {"uv": [8.5, 11.5, 16, 12], "texture": "#1"},
				"east": {"uv": [8.5, 12.5, 16, 13], "texture": "#1"},
				"south": {"uv": [8.5, 12, 16, 12.5], "texture": "#1"},
				"west": {"uv": [8.5, 11, 16, 11.5], "texture": "#1"},
				"up": {"uv": [8.5, 8.5, 16, 16], "texture": "#1"},
				"down": {"uv": [8.5, 8.5, 16, 16], "texture": "#1"}
			}
		},
		{
			"from": [0.5, 2.5, 0.5],
			"to": [15.5, 3, 15.5],
			"faces": {
				"north": {"uv": [0, 0, 7.5, 0.5], "texture": "#1"},
				"east": {"uv": [0, 0, 7.5, 0.5], "texture": "#1"},
				"south": {"uv": [0, 0, 7.5, 0.5], "texture": "#1"},
				"west": {"uv": [0, 0, 7.5, 0.5], "texture": "#1"},
				"up": {"uv": [8.5, 0, 16, 7.5], "texture": "#1"},
				"down": {"uv": [8.5, 8.5, 16, 16], "texture": "#1"}
			}
		},
		{
			"from": [-0.25, 2.6, -0.25],
			"to": [1.75, 3.5, 1.75],
			"rotation": {"angle": 0, "axis": "y", "origin": [16, 0, 0]},
			"faces": {
				"north": {"uv": [4, 1.5, 5, 2], "texture": "#1"},
				"east": {"uv": [0.5, 1.5, 1.5, 2], "texture": "#1"},
				"south": {"uv": [0.5, 1, 1.5, 1.5], "texture": "#1"},
				"west": {"uv": [2.5, 1.5, 3.5, 2], "texture": "#1"},
				"up": {"uv": [2.5, 2, 1.5, 1], "texture": "#1"},
				"down": {"uv": [2.5, 2, 1.5, 1], "texture": "#1"}
			}
		},
		{
			"from": [-0.75, 3.5, -0.75],
			"to": [1.25, 15.5, 1.25],
			"rotation": {"angle": 0, "axis": "y", "origin": [16, 0, 0]},
			"faces": {
				"north": {"uv": [14.5, 9.5, 15.5, 15.5], "texture": "#1"},
				"east": {"uv": [12.5, 9.5, 13.5, 15.5], "texture": "#1"},
				"south": {"uv": [11.5, 9.5, 12.5, 15.5], "texture": "#1"},
				"west": {"uv": [13.5, 9.5, 14.5, 15.5], "texture": "#1"},
				"up": {"uv": [1, 2, 0, 1], "texture": "#0"},
				"down": {"uv": [1, 2, 0, 1], "texture": "#1"}
			}
		},
		{
			"from": [-0.25, 0, 13.25],
			"to": [2.75, 0.5, 16.25],
			"rotation": {"angle": 0, "axis": "y", "origin": [16, 0, 0]},
			"faces": {
				"north": {"uv": [5.5, 15.5, 4, 16], "texture": "#1"},
				"east": {"uv": [2.5, 15.5, 1, 16], "texture": "#1"},
				"south": {"uv": [7.5, 15.5, 6, 16], "texture": "#1"},
				"west": {"uv": [6, 15, 4.5, 15.5], "texture": "#1"},
				"up": {"uv": [4, 14.5, 2.5, 16], "texture": "#1"},
				"down": {"uv": [4, 14.5, 2.5, 16], "texture": "#1"}
			}
		},
		{
			"from": [0.25, 0.5, 13.75],
			"to": [2.25, 2.75, 15.75],
			"rotation": {"angle": 0, "axis": "y", "origin": [16, 0, 0]},
			"faces": {
				"north": {"uv": [4.5, 4.5, 5.5, 6], "texture": "#1"},
				"east": {"uv": [4, 5, 3, 6.5], "texture": "#1"},
				"south": {"uv": [5, 4, 6, 5.5], "texture": "#1"},
				"west": {"uv": [2, 4, 1, 5.5], "texture": "#1"},
				"up": {"uv": [3, 4, 2, 5], "texture": "#1"},
				"down": {"uv": [1, 0, 0, 1], "texture": "#0"}
			}
		},
		{
			"from": [13.75, 0.5, 13.75],
			"to": [15.75, 2.75, 15.75],
			"faces": {
				"north": {"uv": [5.5, 4.5, 4.5, 6], "texture": "#1"},
				"east": {"uv": [1, 4, 2, 5.5], "texture": "#1"},
				"south": {"uv": [6, 4, 5, 5.5], "texture": "#1"},
				"west": {"uv": [3, 5, 4, 6.5], "texture": "#1"},
				"up": {"uv": [2, 4, 3, 5], "texture": "#1"},
				"down": {"uv": [0, 0, 1, 1], "texture": "#0"}
			}
		},
		{
			"from": [13.25, 0, 13.25],
			"to": [16.25, 0.5, 16.25],
			"faces": {
				"north": {"uv": [4, 15.5, 5.5, 16], "texture": "#1"},
				"east": {"uv": [4.5, 15, 6, 15.5], "texture": "#1"},
				"south": {"uv": [6, 15.5, 7.5, 16], "texture": "#1"},
				"west": {"uv": [1, 15.5, 2.5, 16], "texture": "#1"},
				"up": {"uv": [2.5, 14.5, 4, 16], "texture": "#1"},
				"down": {"uv": [2.5, 14.5, 4, 16], "texture": "#1"}
			}
		},
		{
			"from": [13.75, 0.5, 0.25],
			"to": [15.75, 2.75, 2.25],
			"rotation": {"angle": 0, "axis": "y", "origin": [0, 0, 16]},
			"faces": {
				"north": {"uv": [5, 4, 6, 5.5], "texture": "#1"},
				"east": {"uv": [2, 4, 1, 5.5], "texture": "#1"},
				"south": {"uv": [4.5, 4.5, 5.5, 6], "texture": "#1"},
				"west": {"uv": [4, 5, 3, 6.5], "texture": "#1"},
				"up": {"uv": [2, 5, 3, 4], "texture": "#1"},
				"down": {"uv": [0, 1, 1, 0], "texture": "#0"}
			}
		},
		{
			"from": [13.25, 0, -0.25],
			"to": [16.25, 0.5, 2.75],
			"rotation": {"angle": 0, "axis": "y", "origin": [0, 0, 16]},
			"faces": {
				"north": {"uv": [7.5, 15.5, 6, 16], "texture": "#1"},
				"east": {"uv": [6, 15, 4.5, 15.5], "texture": "#1"},
				"south": {"uv": [5.5, 15.5, 4, 16], "texture": "#1"},
				"west": {"uv": [2.5, 15.5, 1, 16], "texture": "#1"},
				"up": {"uv": [2.5, 16, 4, 14.5], "texture": "#1"},
				"down": {"uv": [2.5, 16, 4, 14.5], "texture": "#1"}
			}
		},
		{
			"from": [0.25, 0.5, 0.25],
			"to": [2.25, 2.75, 2.25],
			"rotation": {"angle": 0, "axis": "y", "origin": [16, 0, 16]},
			"faces": {
				"north": {"uv": [6, 4, 5, 5.5], "texture": "#1"},
				"east": {"uv": [3, 5, 4, 6.5], "texture": "#1"},
				"south": {"uv": [5.5, 4.5, 4.5, 6], "texture": "#1"},
				"west": {"uv": [1, 4, 2, 5.5], "texture": "#1"},
				"up": {"uv": [3, 5, 2, 4], "texture": "#1"},
				"down": {"uv": [1, 1, 0, 0], "texture": "#0"}
			}
		},
		{
			"from": [-0.25, 0, -0.25],
			"to": [2.75, 0.5, 2.75],
			"rotation": {"angle": 0, "axis": "y", "origin": [16, 0, 16]},
			"faces": {
				"north": {"uv": [6, 15.5, 7.5, 16], "texture": "#1"},
				"east": {"uv": [1, 15.5, 2.5, 16], "texture": "#1"},
				"south": {"uv": [4, 15.5, 5.5, 16], "texture": "#1"},
				"west": {"uv": [4.5, 15, 6, 15.5], "texture": "#1"},
				"up": {"uv": [4, 16, 2.5, 14.5], "texture": "#1"},
				"down": {"uv": [4, 16, 2.5, 14.5], "texture": "#1"}
			}
		},
		{
			"from": [14.25, 2.6, -0.25],
			"to": [16.25, 3.5, 1.75],
			"faces": {
				"north": {"uv": [5, 1.5, 4, 2], "texture": "#1"},
				"east": {"uv": [3.5, 1.5, 2.5, 2], "texture": "#1"},
				"south": {"uv": [1.5, 1, 0.5, 1.5], "texture": "#1"},
				"west": {"uv": [1.5, 1.5, 0.5, 2], "texture": "#1"},
				"up": {"uv": [1.5, 2, 2.5, 1], "texture": "#1"},
				"down": {"uv": [1.5, 2, 2.5, 1], "texture": "#1"}
			}
		},
		{
			"from": [14.75, 3.5, -0.75],
			"to": [16.75, 15.5, 1.25],
			"faces": {
				"north": {"uv": [15.5, 9.5, 14.5, 15.5], "texture": "#1"},
				"east": {"uv": [14.5, 9.5, 13.5, 15.5], "texture": "#1"},
				"south": {"uv": [12.5, 9.5, 11.5, 15.5], "texture": "#1"},
				"west": {"uv": [13.5, 9.5, 12.5, 15.5], "texture": "#1"},
				"up": {"uv": [0, 2, 1, 1], "texture": "#0"},
				"down": {"uv": [0, 2, 1, 1], "texture": "#1"}
			}
		},
		{
			"from": [14.25, 15.5, -1.25],
			"to": [17.25, 16.5, 1.75],
			"faces": {
				"north": {"uv": [2.5, 1, 4, 1.5], "texture": "#1"},
				"east": {"uv": [0.5, 1, 2, 1.5], "texture": "#1"},
				"south": {"uv": [6, 1, 7.5, 1.5], "texture": "#1"},
				"west": {"uv": [5, 1, 6.5, 1.5], "texture": "#1"},
				"up": {"uv": [7, 10, 8.5, 11.5], "texture": "#1"},
				"down": {"uv": [1, 6.5, 2.5, 8], "texture": "#1"}
			}
		},
		{
			"from": [14.25, 16.5, -1.25],
			"to": [14.75, 17.5, 1.75],
			"faces": {
				"north": {"uv": [2.5, 3.5, 3, 4], "texture": "#1"},
				"east": {"uv": [2.5, 1.5, 4, 2], "texture": "#1"},
				"south": {"uv": [0.5, 3.5, 1, 4], "texture": "#1"},
				"west": {"uv": [3, 5, 4.5, 5.5], "texture": "#1"},
				"up": {"uv": [5.5, 1, 6, 2.5], "texture": "#1"},
				"down": {"uv": [0, 0, 0.5, 1.5], "texture": "#0"}
			}
		},
		{
			"from": [14.75, 16.5, -1.25],
			"to": [16.75, 17.5, -0.75],
			"faces": {
				"north": {"uv": [0, 0, 1, 0.5], "texture": "#1"},
				"east": {"uv": [0, 0, 0.5, 0.5], "texture": "#0"},
				"south": {"uv": [2.5, 1.5, 3.5, 2], "texture": "#1"},
				"west": {"uv": [0, 0, 0.5, 0.5], "texture": "#0"},
				"up": {"uv": [4, 3.5, 5, 4], "texture": "#1"},
				"down": {"uv": [0, 0, 1, 0.5], "texture": "#0"}
			}
		},
		{
			"from": [16.75, 16.5, -1.25],
			"to": [17.25, 17.5, 1.75],
			"faces": {
				"north": {"uv": [1.5, 4, 2, 4.5], "texture": "#1"},
				"east": {"uv": [1.5, 6, 3, 6.5], "texture": "#1"},
				"south": {"uv": [0, 2, 0.5, 2.5], "texture": "#1"},
				"west": {"uv": [2, 1.5, 3.5, 2], "texture": "#1"},
				"up": {"uv": [0.5, 3, 1, 4.5], "texture": "#1"},
				"down": {"uv": [0, 0, 0.5, 1.5], "texture": "#0"}
			}
		},
		{
			"from": [14.75, 16.5, 1.25],
			"to": [16.75, 17.5, 1.75],
			"faces": {
				"north": {"uv": [0.5, 3, 1.5, 3.5], "texture": "#1"},
				"east": {"uv": [0, 0, 0.5, 0.5], "texture": "#0"},
				"south": {"uv": [4.5, 2, 5.5, 2.5], "texture": "#1"},
				"west": {"uv": [0, 0, 0.5, 0.5], "texture": "#0"},
				"up": {"uv": [1.5, 4.5, 2.5, 5], "texture": "#1"},
				"down": {"uv": [0, 0, 1, 0.5], "texture": "#0"}
			}
		},
		{
			"from": [14.25, 2.6, 14.25],
			"to": [16.25, 3.5, 16.25],
			"rotation": {"angle": 0, "axis": "y", "origin": [0, 0, 16]},
			"faces": {
				"north": {"uv": [0.5, 1, 1.5, 1.5], "texture": "#1"},
				"east": {"uv": [2.5, 1.5, 3.5, 2], "texture": "#1"},
				"south": {"uv": [4, 1.5, 5, 2], "texture": "#1"},
				"west": {"uv": [0.5, 1.5, 1.5, 2], "texture": "#1"},
				"up": {"uv": [1.5, 1, 2.5, 2], "texture": "#1"},
				"down": {"uv": [7, 1, 8, 2], "texture": "#1"}
			}
		},
		{
			"from": [14.75, 3.5, 14.75],
			"to": [16.75, 15.5, 16.75],
			"rotation": {"angle": 0, "axis": "y", "origin": [0, 0, 16]},
			"faces": {
				"north": {"uv": [11.5, 9.5, 12.5, 15.5], "texture": "#1"},
				"east": {"uv": [13.5, 9.5, 14.5, 15.5], "texture": "#1"},
				"south": {"uv": [14.5, 9.5, 15.5, 15.5], "texture": "#1"},
				"west": {"uv": [12.5, 9.5, 13.5, 15.5], "texture": "#1"},
				"up": {"uv": [0, 1, 1, 2], "texture": "#0"},
				"down": {"uv": [0, 1, 1, 2], "texture": "#1"}
			}
		},
		{
			"from": [14.25, 15.5, 14.25],
			"to": [17.25, 16.5, 17.25],
			"rotation": {"angle": 0, "axis": "y", "origin": [0, 0, 16]},
			"faces": {
				"north": {"uv": [7.5, 1, 6, 1.5], "texture": "#1"},
				"east": {"uv": [2, 1, 0.5, 1.5], "texture": "#1"},
				"south": {"uv": [4, 1, 2.5, 1.5], "texture": "#1"},
				"west": {"uv": [6.5, 1, 5, 1.5], "texture": "#1"},
				"up": {"uv": [8.5, 10, 7, 11.5], "rotation": 270, "texture": "#1"},
				"down": {"uv": [1, 8, 2.5, 6.5], "texture": "#1"}
			}
		},
		{
			"from": [14.25, 16.5, 14.25],
			"to": [14.75, 17.5, 17.25],
			"rotation": {"angle": 0, "axis": "y", "origin": [0, 0, 16]},
			"faces": {
				"north": {"uv": [1, 3.5, 0.5, 4], "texture": "#1"},
				"east": {"uv": [4, 1.5, 2.5, 2], "texture": "#1"},
				"south": {"uv": [3, 3.5, 2.5, 4], "texture": "#1"},
				"west": {"uv": [4.5, 5, 3, 5.5], "texture": "#1"},
				"up": {"uv": [5.5, 2.5, 6, 1], "texture": "#1"},
				"down": {"uv": [0, 1.5, 0.5, 0], "texture": "#0"}
			}
		},
		{
			"from": [14.75, 16.5, 16.75],
			"to": [16.75, 17.5, 17.25],
			"rotation": {"angle": 0, "axis": "y", "origin": [0, 0, 16]},
			"faces": {
				"north": {"uv": [3.5, 1.5, 2.5, 2], "texture": "#1"},
				"east": {"uv": [0.5, 0, 0, 0.5], "texture": "#0"},
				"south": {"uv": [1, 0, 0, 0.5], "texture": "#1"},
				"west": {"uv": [0.5, 0, 0, 0.5], "texture": "#0"},
				"up": {"uv": [4, 4, 5, 3.5], "texture": "#1"},
				"down": {"uv": [0, 0.5, 1, 0], "texture": "#0"}
			}
		},
		{
			"from": [16.75, 16.5, 14.25],
			"to": [17.25, 17.5, 17.25],
			"rotation": {"angle": 0, "axis": "y", "origin": [0, 0, 16]},
			"faces": {
				"north": {"uv": [0.5, 2, 0, 2.5], "texture": "#1"},
				"east": {"uv": [3, 6, 1.5, 6.5], "texture": "#1"},
				"south": {"uv": [2, 4, 1.5, 4.5], "texture": "#1"},
				"west": {"uv": [3.5, 1.5, 2, 2], "texture": "#1"},
				"up": {"uv": [0.5, 4.5, 1, 3], "texture": "#1"},
				"down": {"uv": [0, 1.5, 0.5, 0], "texture": "#0"}
			}
		},
		{
			"from": [14.75, 16.5, 14.25],
			"to": [16.75, 17.5, 14.75],
			"rotation": {"angle": 0, "axis": "y", "origin": [0, 0, 16]},
			"faces": {
				"north": {"uv": [5.5, 2, 4.5, 2.5], "texture": "#1"},
				"east": {"uv": [0.5, 0, 0, 0.5], "texture": "#0"},
				"south": {"uv": [1.5, 3, 0.5, 3.5], "texture": "#1"},
				"west": {"uv": [0.5, 0, 0, 0.5], "texture": "#0"},
				"up": {"uv": [1.5, 5, 2.5, 4.5], "texture": "#1"},
				"down": {"uv": [0, 0.5, 1, 0], "texture": "#0"}
			}
		},
		{
			"from": [-0.25, 2.6, 14.25],
			"to": [1.75, 3.5, 16.25],
			"rotation": {"angle": 0, "axis": "y", "origin": [16, 0, 16]},
			"faces": {
				"north": {"uv": [1.5, 1, 0.5, 1.5], "texture": "#1"},
				"east": {"uv": [1.5, 1.5, 0.5, 2], "texture": "#1"},
				"south": {"uv": [5, 1.5, 4, 2], "texture": "#1"},
				"west": {"uv": [3.5, 1.5, 2.5, 2], "texture": "#1"},
				"up": {"uv": [2.5, 1, 1.5, 2], "texture": "#1"},
				"down": {"uv": [2.5, 1, 1.5, 2], "texture": "#1"}
			}
		},
		{
			"from": [-0.75, 3.5, 14.75],
			"to": [1.25, 15.5, 16.75],
			"rotation": {"angle": 0, "axis": "y", "origin": [16, 0, 16]},
			"faces": {
				"north": {"uv": [11.5, 9.5, 10.5, 15.5], "texture": "#1"},
				"east": {"uv": [12.5, 9.5, 11.5, 15.5], "texture": "#1"},
				"south": {"uv": [14.5, 9.5, 13.5, 15.5], "texture": "#1"},
				"west": {"uv": [13.5, 9.5, 12.5, 15.5], "texture": "#1"},
				"up": {"uv": [1, 1, 0, 2], "texture": "#0"},
				"down": {"uv": [1, 1, 0, 2], "texture": "#1"}
			}
		},
		{
			"from": [-1.25, 15.5, 14.25],
			"to": [1.75, 16.5, 17.25],
			"rotation": {"angle": 0, "axis": "y", "origin": [16, 0, 16]},
			"faces": {
				"north": {"uv": [6, 1, 7.5, 1.5], "texture": "#1"},
				"east": {"uv": [5, 1, 6.5, 1.5], "texture": "#1"},
				"south": {"uv": [2.5, 1, 4, 1.5], "texture": "#1"},
				"west": {"uv": [0.5, 1, 2, 1.5], "texture": "#1"},
				"up": {"uv": [8.5, 11.5, 7, 10], "rotation": 90, "texture": "#1"},
				"down": {"uv": [2.5, 8, 1, 6.5], "texture": "#1"}
			}
		},
		{
			"from": [-0.75, 16.5, 16.75],
			"to": [1.25, 17.5, 17.25],
			"rotation": {"angle": 0, "axis": "y", "origin": [16, 0, 16]},
			"faces": {
				"north": {"uv": [2.5, 1.5, 3.5, 2], "texture": "#1"},
				"east": {"uv": [0, 0, 0.5, 0.5], "texture": "#0"},
				"south": {"uv": [0, 0, 1, 0.5], "texture": "#1"},
				"west": {"uv": [0, 0, 0.5, 0.5], "texture": "#0"},
				"up": {"uv": [5, 4, 4, 3.5], "texture": "#1"},
				"down": {"uv": [1, 0.5, 0, 0], "texture": "#0"}
			}
		},
		{
			"from": [-1.25, 16.5, 14.25],
			"to": [-0.75, 17.5, 17.25],
			"rotation": {"angle": 0, "axis": "y", "origin": [16, 0, 16]},
			"faces": {
				"north": {"uv": [0, 2, 0.5, 2.5], "texture": "#1"},
				"east": {"uv": [2, 1.5, 3.5, 2], "texture": "#1"},
				"south": {"uv": [1.5, 4, 2, 4.5], "texture": "#1"},
				"west": {"uv": [1.5, 6, 3, 6.5], "texture": "#1"},
				"up": {"uv": [1, 4.5, 0.5, 3], "texture": "#1"},
				"down": {"uv": [0.5, 1.5, 0, 0], "texture": "#0"}
			}
		},
		{
			"from": [1.25, 16.5, 14.25],
			"to": [1.75, 17.5, 17.25],
			"rotation": {"angle": 0, "axis": "y", "origin": [16, 0, 16]},
			"faces": {
				"north": {"uv": [0.5, 3.5, 1, 4], "texture": "#1"},
				"east": {"uv": [3, 5, 4.5, 5.5], "texture": "#1"},
				"south": {"uv": [2.5, 3.5, 3, 4], "texture": "#1"},
				"west": {"uv": [2.5, 1.5, 4, 2], "texture": "#1"},
				"up": {"uv": [6, 2.5, 5.5, 1], "texture": "#1"},
				"down": {"uv": [0.5, 1.5, 0, 0], "texture": "#0"}
			}
		},
		{
			"from": [-0.75, 16.5, 14.25],
			"to": [1.25, 17.5, 14.75],
			"rotation": {"angle": 0, "axis": "y", "origin": [16, 0, 16]},
			"faces": {
				"north": {"uv": [4.5, 2, 5.5, 2.5], "texture": "#1"},
				"east": {"uv": [0, 0, 0.5, 0.5], "texture": "#0"},
				"south": {"uv": [0.5, 3, 1.5, 3.5], "texture": "#1"},
				"west": {"uv": [0, 0, 0.5, 0.5], "texture": "#0"},
				"up": {"uv": [2.5, 5, 1.5, 4.5], "texture": "#1"},
				"down": {"uv": [1, 0.5, 0, 0], "texture": "#0"}
			}
		},
		{
			"from": [0, 3, 2],
			"to": [2, 16, 14],
			"faces": {
				"north": {"uv": [0, 0, 6, 6.5], "texture": "#1"},
				"east": {"uv": [9, 1.5, 15, 8], "texture": "#1"},
				"south": {"uv": [0, 0, 6, 6.5], "texture": "#1"},
				"west": {"uv": [1, 1, 7, 7.5], "texture": "#1"},
				"up": {"uv": [1, 0.5, 7.5, 1.5], "rotation": 90, "texture": "#1"},
				"down": {"uv": [7, 3, 8, 9], "texture": "#1"}
			}
		},
		{
			"from": [-1, 16.5, 0.1],
			"to": [2, 20.5, 0.1],
			"rotation": {"angle": 45, "axis": "y", "origin": [0.5, 17.5, 0.5]},
			"faces": {
				"north": {"uv": [0, 0, 3.5, 4], "texture": "#3"},
				"east": {"uv": [0, 0, 0, 0], "texture": "#3"},
				"south": {"uv": [0, 0, 3.5, 4], "texture": "#3"},
				"west": {"uv": [0, 0, 0, 0], "texture": "#3"},
				"up": {"uv": [0, 0, 0, 0], "texture": "#3"},
				"down": {"uv": [0, 0, 0, 0], "texture": "#3"}
			}
		},
		{
			"from": [-1.28284, 16.5, 0.21716],
			"to": [1.71716, 20.5, 0.21716],
			"rotation": {"angle": -45, "axis": "y", "origin": [0.21716, 18.5, 0.21716]},
			"faces": {
				"north": {"uv": [0, 0, 3.5, 4], "texture": "#3"},
				"east": {"uv": [0, 0, 0, 0], "texture": "#3"},
				"south": {"uv": [0, 0, 3.5, 4], "texture": "#3"},
				"west": {"uv": [0, 0, 0, 0], "texture": "#3"},
				"up": {"uv": [0, 0, 0, 0], "texture": "#3"},
				"down": {"uv": [0, 0, 0, 0], "texture": "#3"}
			}
		},
		{
			"from": [14.28284, 16.5, 0.21716],
			"to": [17.28284, 20.5, 0.21716],
			"rotation": {"angle": 45, "axis": "y", "origin": [15.78284, 18.5, 0.21716]},
			"faces": {
				"north": {"uv": [3.5, 0, 0, 4], "texture": "#3"},
				"east": {"uv": [0, 0, 0, 0], "texture": "#3"},
				"south": {"uv": [3.5, 0, 0, 4], "texture": "#3"},
				"west": {"uv": [0, 0, 0, 0], "texture": "#3"},
				"up": {"uv": [0, 0, 0, 0], "texture": "#3"},
				"down": {"uv": [0, 0, 0, 0], "texture": "#3"}
			}
		},
		{
			"from": [14, 16.5, 0.1],
			"to": [17, 20.5, 0.1],
			"rotation": {"angle": -45, "axis": "y", "origin": [15.5, 17.5, 0.5]},
			"faces": {
				"north": {"uv": [3.5, 0, 0, 4], "texture": "#3"},
				"east": {"uv": [0, 0, 0, 0], "texture": "#3"},
				"south": {"uv": [3.5, 0, 0, 4], "texture": "#3"},
				"west": {"uv": [0, 0, 0, 0], "texture": "#3"},
				"up": {"uv": [0, 0, 0, 0], "texture": "#3"},
				"down": {"uv": [0, 0, 0, 0], "texture": "#3"}
			}
		},
		{
			"from": [14.28284, 16.5, 15.78284],
			"to": [17.28284, 20.5, 15.78284],
			"rotation": {"angle": -45, "axis": "y", "origin": [15.78284, 18.5, 15.78284]},
			"faces": {
				"north": {"uv": [0, 0, 3.5, 4], "texture": "#3"},
				"east": {"uv": [0, 0, 0, 0], "texture": "#3"},
				"south": {"uv": [0, 0, 3.5, 4], "texture": "#3"},
				"west": {"uv": [0, 0, 0, 0], "texture": "#3"},
				"up": {"uv": [0, 0, 0, 0], "texture": "#3"},
				"down": {"uv": [0, 0, 0, 0], "texture": "#3"}
			}
		},
		{
			"from": [14, 16.5, 15.9],
			"to": [17, 20.5, 15.9],
			"rotation": {"angle": 45, "axis": "y", "origin": [15.5, 17.5, 15.5]},
			"faces": {
				"north": {"uv": [0, 0, 3.5, 4], "texture": "#3"},
				"east": {"uv": [0, 0, 0, 0], "texture": "#3"},
				"south": {"uv": [0, 0, 3.5, 4], "texture": "#3"},
				"west": {"uv": [0, 0, 0, 0], "texture": "#3"},
				"up": {"uv": [0, 0, 0, 0], "texture": "#3"},
				"down": {"uv": [0, 0, 0, 0], "texture": "#3"}
			}
		},
		{
			"from": [-1, 16.5, 15.9],
			"to": [2, 20.5, 15.9],
			"rotation": {"angle": -45, "axis": "y", "origin": [0.5, 17.5, 15.5]},
			"faces": {
				"north": {"uv": [3.5, 0, 0, 4], "texture": "#3"},
				"east": {"uv": [0, 0, 0, 0], "texture": "#3"},
				"south": {"uv": [3.5, 0, 0, 4], "texture": "#3"},
				"west": {"uv": [0, 0, 0, 0], "texture": "#3"},
				"up": {"uv": [0, 0, 0, 0], "texture": "#3"},
				"down": {"uv": [0, 0, 0, 0], "texture": "#3"}
			}
		},
		{
			"from": [-1.28284, 16.5, 15.78284],
			"to": [1.71716, 20.5, 15.78284],
			"rotation": {"angle": 45, "axis": "y", "origin": [0.21716, 18.5, 15.78284]},
			"faces": {
				"north": {"uv": [3.5, 0, 0, 4], "texture": "#3"},
				"east": {"uv": [0, 0, 0, 0], "texture": "#3"},
				"south": {"uv": [3.5, 0, 0, 4], "texture": "#3"},
				"west": {"uv": [0, 0, 0, 0], "texture": "#3"},
				"up": {"uv": [0, 0, 0, 0], "texture": "#3"},
				"down": {"uv": [0, 0, 0, 0], "texture": "#3"}
			}
		}
	],
	"display": {
		"thirdperson_righthand": {
			"rotation": [75, 45, 0],
			"translation": [0, 2.5, 0],
			"scale": [0.375, 0.375, 0.375]
		},
		"thirdperson_lefthand": {
			"rotation": [75, 45, 0],
			"translation": [0, 2.5, 0],
			"scale": [0.375, 0.375, 0.375]
		},
		"firstperson_righthand": {
			"rotation": [0, 45, 0],
			"scale": [0.4, 0.4, 0.4]
		},
		"firstperson_lefthand": {
			"rotation": [0, 225, 0],
			"scale": [0.4, 0.4, 0.4]
		},
		"ground": {
			"translation": [0, 3, 0],
			"scale": [0.25, 0.25, 0.25]
		},
		"gui": {
			"rotation": [30, 225, 0],
			"scale": [0.625, 0.625, 0.625]
		},
		"head": {
			"translation": [0, -29.75, 0],
			"scale": [1.7, 1.7, 1.7]
		},
		"fixed": {
			"scale": [0.5, 0.5, 0.5]
		}
	},
	"groups": [
		{
			"name": "VoxelShapes",
			"origin": [8, 8, 8],
			"color": 0,
			"children": [0, 1, 2, 3, 4, 5, 6, 7, 8, 9, 10, 11, 12, 13, 14, 15, 16, 17, 18, 19, 20, 21, 22, 23, 24, 25, 26, 27, 28, 29, 30, 31, 32, 33, 34, 35, 36, 37, 38, 39, 40, 41, 42, 43, 44, 45, 46, 47, 48, 49, 50, 51, 52, 53, 54, 55, 56, 57, 58]
		}
	]
}