{
	"credit": "Made with Blockbench",
	"textures": {
		"1": "hat/hair/xlong",
		"particle": "hat/hair/xlong"
	},
	"elements": [
		{
			"name": "head",
			"from": [7, 0, 7],
			"to": [9, 6, 9],
			"faces": {
				"north": {"uv": [3, 2, 5, 8], "texture": "#1"},
				"east": {"uv": [3, 2, 5, 8], "texture": "#1"},
				"south": {"uv": [3, 2, 5, 8], "texture": "#1"},
				"west": {"uv": [3, 2, 5, 8], "texture": "#1"},
				"up": {"uv": [3, 2, 5, 3], "texture": "#1"},
				"down": {"uv": [3, 7, 5, 8], "texture": "#1"}
			}
		}
	],
	"display": {
		"thirdperson_righthand": {
			"rotation": [67.5, 0, 0],
			"translation": [0, 0, 1.5],
			"scale": [0.6, 0.6, 0.6]
		},
		"thirdperson_lefthand": {
			"rotation": [67.5, 0, 0],
			"translation": [0, 0, 1.5],
			"scale": [0.6, 0.6, 0.6]
		},
		"ground": {
			"translation": [0, 3, 0],
			"scale": [0.8, 0.8, 0.8]
		},
		"gui": {
			"rotation": [30, 135, 0],
			"translation": [0, 3.5, 0]
		},
		"head": {
			"translation": [0, -2.25, 4.25],
			"scale": [2, 2, 2]
		},
		"fixed": {
			"rotation": [-90, 0, 0],
			"translation": [0, 0, -11],
			"scale": [1.4, 1.4, 1.4]
		}
	}
}