{
  "textures" : {
    "22" : "block/cauldron_inner",
    "23" : "block/cauldron_bottom",
    "24" : "block/water_still",
    "25" : "block/chain",
    "10" : "block/soul_soil",
    "11" : "block/oxidized_cut_copper",
    "12" : "block/weathered_cut_copper",
    "13" : "block/stone",
    "14" : "block/andesite",
    "15" : "block/stone_bricks",
    "16" : "block/polished_andesite",
    "17" : "block/anvil",
    "18" : "block/anvil_top",
    "19" : "block/soul_fire_0",
    "0" : "block/deepslate_tiles",
    "1" : "block/deepslate_bricks",
    "2" : "block/oxidized_copper",
    "3" : "block/polished_deepslate",
    "4" : "block/weathered_copper",
    "5" : "block/cobbled_deepslate",
    "6" : "block/deepslate",
    "7" : "block/deepslate_top",
    "8" : "block/polished_basalt_side",
    "9" : "block/polished_basalt_top",
    "20" : "block/cauldron_side",
    "21" : "block/cauldron_top"
  },
  "elements" : [ {
    "from" : [ -8, -16, 8 ],
    "to" : [ 0, -8, 16 ],
    "faces" : {
      "east" : {
        "uv" : [ 0, 0, 16, 16 ],
        "texture" : "#2"
      },
      "south" : {
        "uv" : [ 0, 0, 16, 16 ],
        "texture" : "#2"
      },
      "north" : {
        "uv" : [ 0, 0, 16, 16 ],
        "texture" : "#2"
      },
      "west" : {
        "uv" : [ 0, 0, 16, 16 ],
        "texture" : "#2"
      },
      "up" : {
        "uv" : [ 0, 0, 16, 16 ],
        "texture" : "#2"
      },
      "down" : {
        "uv" : [ 0, 0, 16, 16 ],
        "texture" : "#2"
      }
    }
  }, {
    "from" : [ -8, -8, 8 ],
    "to" : [ 0, 0, 16 ],
    "faces" : {
      "east" : {
        "uv" : [ 0, 0, 16, 16 ],
        "texture" : "#4"
      },
      "south" : {
        "uv" : [ 0, 0, 16, 16 ],
        "texture" : "#4"
      },
      "north" : {
        "uv" : [ 0, 0, 16, 16 ],
        "texture" : "#4"
      },
      "west" : {
        "uv" : [ 0, 0, 16, 16 ],
        "texture" : "#4"
      },
      "up" : {
        "uv" : [ 0, 0, 16, 16 ],
        "texture" : "#4"
      },
      "down" : {
        "uv" : [ 0, 0, 16, 16 ],
        "texture" : "#4"
      }
    }
  }, {
    "from" : [ -8, 0, 8 ],
    "to" : [ 0, 8, 16 ],
    "faces" : {
      "east" : {
        "uv" : [ 0, 0, 16, 16 ],
        "texture" : "#2"
      },
      "south" : {
        "uv" : [ 0, 0, 16, 16 ],
        "texture" : "#2"
      },
      "north" : {
        "uv" : [ 0, 0, 16, 16 ],
        "texture" : "#2"
      },
      "west" : {
        "uv" : [ 0, 0, 16, 16 ],
        "texture" : "#2"
      },
      "down" : {
        "uv" : [ 0, 0, 16, 16 ],
        "texture" : "#2"
      }
    }
  }, {
    "from" : [ -16, 8, 8 ],
    "to" : [ -8, 16, 16 ],
    "faces" : {
      "south" : {
        "uv" : [ 0, 0, 16, 16 ],
        "texture" : "#8"
      },
      "north" : {
        "uv" : [ 0, 0, 16, 16 ],
        "texture" : "#8"
      },
      "west" : {
        "uv" : [ 0, 0, 16, 16 ],
        "texture" : "#8"
      },
      "up" : {
        "uv" : [ 0, 0, 16, 16 ],
        "texture" : "#9"
      },
      "down" : {
        "uv" : [ 0, 0, 16, 16 ],
        "texture" : "#9"
      }
    }
  }, {
    "from" : [ -8, 8, 0 ],
    "to" : [ 0, 16, 8 ],
    "faces" : {
      "east" : {
        "uv" : [ 0, 0, 16, 16 ],
        "texture" : "#8"
      },
      "north" : {
        "uv" : [ 0, 0, 16, 16 ],
        "texture" : "#8"
      },
      "west" : {
        "uv" : [ 0, 0, 16, 16 ],
        "texture" : "#8"
      },
      "up" : {
        "uv" : [ 0, 0, 16, 16 ],
        "texture" : "#9"
      },
      "down" : {
        "uv" : [ 0, 0, 16, 16 ],
        "texture" : "#9"
      }
    }
  }, {
    "from" : [ -8, 8, 8 ],
    "to" : [ 0, 16, 16 ],
    "faces" : {
      "up" : {
        "uv" : [ 0, 0, 16, 16 ],
        "texture" : "#10"
      },
      "down" : {
        "uv" : [ 0, 0, 16, 16 ],
        "texture" : "#10"
      }
    }
  }, {
    "from" : [ -8, 8, 16 ],
    "to" : [ 0, 16, 24 ],
    "faces" : {
      "east" : {
        "uv" : [ 0, 0, 16, 16 ],
        "texture" : "#8"
      },
      "south" : {
        "uv" : [ 0, 0, 16, 16 ],
        "texture" : "#8"
      },
      "west" : {
        "uv" : [ 0, 0, 16, 16 ],
        "texture" : "#8"
      },
      "up" : {
        "uv" : [ 0, 0, 16, 16 ],
        "texture" : "#9"
      },
      "down" : {
        "uv" : [ 0, 0, 16, 16 ],
        "texture" : "#9"
      }
    }
  }, {
    "from" : [ 0, 8, 8 ],
    "to" : [ 8, 16, 16 ],
    "faces" : {
      "east" : {
        "uv" : [ 0, 0, 16, 16 ],
        "texture" : "#8"
      },
      "south" : {
        "uv" : [ 0, 0, 16, 16 ],
        "texture" : "#8"
      },
      "north" : {
        "uv" : [ 0, 0, 16, 16 ],
        "texture" : "#8"
      },
      "up" : {
        "uv" : [ 0, 0, 16, 16 ],
        "texture" : "#9"
      },
      "down" : {
        "uv" : [ 0, 0, 16, 16 ],
        "texture" : "#9"
      }
    }
  }, {
    "from" : [ -16, 16, 0 ],
    "to" : [ -8, 24, 8 ],
    "faces" : {
      "east" : {
        "uv" : [ 0, 0, 16, 16 ],
        "texture" : "#3"
      },
      "south" : {
        "uv" : [ 0, 0, 16, 16 ],
        "texture" : "#3"
      },
      "north" : {
        "uv" : [ 0, 0, 16, 16 ],
        "texture" : "#3"
      },
      "west" : {
        "uv" : [ 0, 0, 16, 16 ],
        "texture" : "#3"
      },
      "up" : {
        "uv" : [ 0, 0, 16, 16 ],
        "texture" : "#3"
      },
      "down" : {
        "uv" : [ 0, 0, 16, 16 ],
        "texture" : "#3"
      }
    }
  }, {
    "from" : [ -16, 16, 16 ],
    "to" : [ -8, 24, 24 ],
    "faces" : {
      "east" : {
        "uv" : [ 0, 0, 16, 16 ],
        "texture" : "#3"
      },
      "south" : {
        "uv" : [ 0, 0, 16, 16 ],
        "texture" : "#3"
      },
      "north" : {
        "uv" : [ 0, 0, 16, 16 ],
        "texture" : "#3"
      },
      "west" : {
        "uv" : [ 0, 0, 16, 16 ],
        "texture" : "#3"
      },
      "up" : {
        "uv" : [ 0, 0, 16, 16 ],
        "texture" : "#3"
      },
      "down" : {
        "uv" : [ 0, 0, 16, 16 ],
        "texture" : "#3"
      }
    }
  }, {
    "from" : [ 0, 16, 0 ],
    "to" : [ 8, 24, 8 ],
    "faces" : {
      "east" : {
        "uv" : [ 0, 0, 16, 16 ],
        "texture" : "#3"
      },
      "south" : {
        "uv" : [ 0, 0, 16, 16 ],
        "texture" : "#3"
      },
      "north" : {
        "uv" : [ 0, 0, 16, 16 ],
        "texture" : "#3"
      },
      "west" : {
        "uv" : [ 0, 0, 16, 16 ],
        "texture" : "#3"
      },
      "up" : {
        "uv" : [ 0, 0, 16, 16 ],
        "texture" : "#3"
      },
      "down" : {
        "uv" : [ 0, 0, 16, 16 ],
        "texture" : "#3"
      }
    }
  }, {
    "from" : [ 0, 16, 16 ],
    "to" : [ 8, 24, 24 ],
    "faces" : {
      "east" : {
        "uv" : [ 0, 0, 16, 16 ],
        "texture" : "#3"
      },
      "south" : {
        "uv" : [ 0, 0, 16, 16 ],
        "texture" : "#3"
      },
      "north" : {
        "uv" : [ 0, 0, 16, 16 ],
        "texture" : "#3"
      },
      "west" : {
        "uv" : [ 0, 0, 16, 16 ],
        "texture" : "#3"
      },
      "up" : {
        "uv" : [ 0, 0, 16, 16 ],
        "texture" : "#3"
      },
      "down" : {
        "uv" : [ 0, 0, 16, 16 ],
        "texture" : "#3"
      }
    }
  }, {
    "from" : [ -16, 24, 8 ],
    "to" : [ -8, 32, 16 ],
    "faces" : {
      "east" : {
        "uv" : [ 0, 0, 16, 16 ],
        "texture" : "#0"
      },
      "south" : {
        "uv" : [ 0, 0, 16, 16 ],
        "texture" : "#0"
      },
      "north" : {
        "uv" : [ 0, 0, 16, 16 ],
        "texture" : "#0"
      },
      "west" : {
        "uv" : [ 0, 0, 16, 16 ],
        "texture" : "#0"
      },
      "up" : {
        "uv" : [ 0, 0, 16, 16 ],
        "texture" : "#0"
      },
      "down" : {
        "uv" : [ 0, 0, 16, 16 ],
        "texture" : "#0"
      }
    }
  }, {
    "from" : [ -8, 24, 0 ],
    "to" : [ 0, 32, 8 ],
    "faces" : {
      "east" : {
        "uv" : [ 0, 0, 16, 16 ],
        "texture" : "#0"
      },
      "south" : {
        "uv" : [ 0, 0, 16, 16 ],
        "texture" : "#0"
      },
      "north" : {
        "uv" : [ 0, 0, 16, 16 ],
        "texture" : "#0"
      },
      "west" : {
        "uv" : [ 0, 0, 16, 16 ],
        "texture" : "#0"
      },
      "up" : {
        "uv" : [ 0, 0, 16, 16 ],
        "texture" : "#0"
      },
      "down" : {
        "uv" : [ 0, 0, 16, 16 ],
        "texture" : "#0"
      }
    }
  }, {
    "from" : [ -8, 24, 16 ],
    "to" : [ 0, 32, 24 ],
    "faces" : {
      "east" : {
        "uv" : [ 0, 0, 16, 16 ],
        "texture" : "#0"
      },
      "south" : {
        "uv" : [ 0, 0, 16, 16 ],
        "texture" : "#0"
      },
      "north" : {
        "uv" : [ 0, 0, 16, 16 ],
        "texture" : "#0"
      },
      "west" : {
        "uv" : [ 0, 0, 16, 16 ],
        "texture" : "#0"
      },
      "up" : {
        "uv" : [ 0, 0, 16, 16 ],
        "texture" : "#0"
      },
      "down" : {
        "uv" : [ 0, 0, 16, 16 ],
        "texture" : "#0"
      }
    }
  }, {
    "from" : [ 0, 24, 8 ],
    "to" : [ 8, 32, 16 ],
    "faces" : {
      "east" : {
        "uv" : [ 0, 0, 16, 16 ],
        "texture" : "#0"
      },
      "south" : {
        "uv" : [ 0, 0, 16, 16 ],
        "texture" : "#0"
      },
      "north" : {
        "uv" : [ 0, 0, 16, 16 ],
        "texture" : "#0"
      },
      "west" : {
        "uv" : [ 0, 0, 16, 16 ],
        "texture" : "#0"
      },
      "up" : {
        "uv" : [ 0, 0, 16, 16 ],
        "texture" : "#0"
      },
      "down" : {
        "uv" : [ 0, 0, 16, 16 ],
        "texture" : "#0"
      }
    }
  }, {
    "from" : [ -14, -16, 10 ],
    "to" : [ -10, -8, 14 ],
    "faces" : {
      "east" : {
        "uv" : [ 4, 0, 12, 16 ],
        "texture" : "#3"
      },
      "south" : {
        "uv" : [ 4, 0, 12, 16 ],
        "texture" : "#3"
      },
      "north" : {
        "uv" : [ 4, 0, 12, 16 ],
        "texture" : "#3"
      },
      "west" : {
        "uv" : [ 4, 0, 12, 16 ],
        "texture" : "#3"
      },
      "up" : {
        "uv" : [ 4, 4, 12, 12 ],
        "texture" : "#3"
      }
    }
  }, {
    "from" : [ -12, -16, 10 ],
    "to" : [ -8, -8, 13 ],
    "faces" : {
      "east" : {
        "uv" : [ 5, 0, 11, 16 ],
        "texture" : "#3"
      },
      "south" : {
        "uv" : [ 8, 0, 16, 16 ],
        "texture" : "#3"
      },
      "north" : {
        "uv" : [ 0, 0, 8, 16 ],
        "texture" : "#3"
      },
      "up" : {
        "uv" : [ 8, 5, 16, 11 ],
        "texture" : "#3"
      }
    }
  }, {
    "from" : [ -6, -16, 2 ],
    "to" : [ -2, -8, 6 ],
    "faces" : {
      "east" : {
        "uv" : [ 4, 0, 12, 16 ],
        "texture" : "#3"
      },
      "south" : {
        "uv" : [ 4, 0, 12, 16 ],
        "texture" : "#3"
      },
      "north" : {
        "uv" : [ 4, 0, 12, 16 ],
        "texture" : "#3"
      },
      "west" : {
        "uv" : [ 4, 0, 12, 16 ],
        "texture" : "#3"
      },
      "up" : {
        "uv" : [ 4, 4, 12, 12 ],
        "texture" : "#3"
      }
    }
  }, {
    "from" : [ -6, -16, 4 ],
    "to" : [ -3, -8, 8 ],
    "faces" : {
      "east" : {
        "uv" : [ 0, 0, 8, 16 ],
        "texture" : "#3"
      },
      "south" : {
        "uv" : [ 5, 0, 11, 16 ],
        "texture" : "#3"
      },
      "west" : {
        "uv" : [ 8, 0, 16, 16 ],
        "texture" : "#3"
      },
      "up" : {
        "uv" : [ 5, 8, 11, 16 ],
        "texture" : "#3"
      }
    }
  }, {
    "from" : [ -6, -16, 18 ],
    "to" : [ -2, -8, 22 ],
    "faces" : {
      "east" : {
        "uv" : [ 4, 0, 12, 16 ],
        "texture" : "#3"
      },
      "south" : {
        "uv" : [ 4, 0, 12, 16 ],
        "texture" : "#3"
      },
      "north" : {
        "uv" : [ 4, 0, 12, 16 ],
        "texture" : "#3"
      },
      "west" : {
        "uv" : [ 4, 0, 12, 16 ],
        "texture" : "#3"
      },
      "up" : {
        "uv" : [ 4, 4, 12, 12 ],
        "texture" : "#3"
      }
    }
  }, {
    "from" : [ -6, -16, 16 ],
    "to" : [ -3, -8, 20 ],
    "faces" : {
      "east" : {
        "uv" : [ 8, 0, 16, 16 ],
        "texture" : "#3"
      },
      "north" : {
        "uv" : [ 5, 0, 11, 16 ],
        "texture" : "#3"
      },
      "west" : {
        "uv" : [ 0, 0, 8, 16 ],
        "texture" : "#3"
      },
      "up" : {
        "uv" : [ 5, 0, 11, 8 ],
        "texture" : "#3"
      }
    }
  }, {
    "from" : [ 2, -16, 10 ],
    "to" : [ 6, -8, 14 ],
    "faces" : {
      "east" : {
        "uv" : [ 4, 0, 12, 16 ],
        "texture" : "#3"
      },
      "south" : {
        "uv" : [ 4, 0, 12, 16 ],
        "texture" : "#3"
      },
      "north" : {
        "uv" : [ 4, 0, 12, 16 ],
        "texture" : "#3"
      },
      "west" : {
        "uv" : [ 4, 0, 12, 16 ],
        "texture" : "#3"
      },
      "up" : {
        "uv" : [ 4, 4, 12, 12 ],
        "texture" : "#3"
      }
    }
  }, {
    "from" : [ 0, -16, 10 ],
    "to" : [ 4, -8, 13 ],
    "faces" : {
      "south" : {
        "uv" : [ 0, 0, 8, 16 ],
        "texture" : "#3"
      },
      "north" : {
        "uv" : [ 8, 0, 16, 16 ],
        "texture" : "#3"
      },
      "west" : {
        "uv" : [ 5, 0, 11, 16 ],
        "texture" : "#3"
      },
      "up" : {
        "uv" : [ 0, 5, 8, 11 ],
        "texture" : "#3"
      }
    }
  }, {
    "from" : [ -14, -8, 10 ],
    "to" : [ -10, 0, 14 ],
    "faces" : {
      "east" : {
        "uv" : [ 4, 0, 12, 16 ],
        "texture" : "#3"
      },
      "south" : {
        "uv" : [ 4, 0, 12, 16 ],
        "texture" : "#3"
      },
      "north" : {
        "uv" : [ 4, 0, 12, 16 ],
        "texture" : "#3"
      },
      "west" : {
        "uv" : [ 4, 0, 12, 16 ],
        "texture" : "#3"
      },
      "up" : {
        "uv" : [ 4, 4, 12, 12 ],
        "texture" : "#3"
      },
      "down" : {
        "uv" : [ 4, 4, 12, 12 ],
        "texture" : "#3"
      }
    }
  }, {
    "from" : [ -12, -8, 10 ],
    "to" : [ -8, 0, 13 ],
    "faces" : {
      "east" : {
        "uv" : [ 5, 0, 11, 16 ],
        "texture" : "#3"
      },
      "south" : {
        "uv" : [ 8, 0, 16, 16 ],
        "texture" : "#3"
      },
      "north" : {
        "uv" : [ 0, 0, 8, 16 ],
        "texture" : "#3"
      },
      "up" : {
        "uv" : [ 8, 5, 16, 11 ],
        "texture" : "#3"
      },
      "down" : {
        "uv" : [ 8, 5, 16, 11 ],
        "texture" : "#3"
      }
    }
  }, {
    "from" : [ -6, -8, 2 ],
    "to" : [ -2, 0, 6 ],
    "faces" : {
      "east" : {
        "uv" : [ 4, 0, 12, 16 ],
        "texture" : "#3"
      },
      "south" : {
        "uv" : [ 4, 0, 12, 16 ],
        "texture" : "#3"
      },
      "north" : {
        "uv" : [ 4, 0, 12, 16 ],
        "texture" : "#3"
      },
      "west" : {
        "uv" : [ 4, 0, 12, 16 ],
        "texture" : "#3"
      },
      "up" : {
        "uv" : [ 4, 4, 12, 12 ],
        "texture" : "#3"
      },
      "down" : {
        "uv" : [ 4, 4, 12, 12 ],
        "texture" : "#3"
      }
    }
  }, {
    "from" : [ -6, -8, 4 ],
    "to" : [ -3, 0, 8 ],
    "faces" : {
      "east" : {
        "uv" : [ 0, 0, 8, 16 ],
        "texture" : "#3"
      },
      "south" : {
        "uv" : [ 5, 0, 11, 16 ],
        "texture" : "#3"
      },
      "west" : {
        "uv" : [ 8, 0, 16, 16 ],
        "texture" : "#3"
      },
      "up" : {
        "uv" : [ 5, 8, 11, 16 ],
        "texture" : "#3"
      },
      "down" : {
        "uv" : [ 5, 0, 11, 8 ],
        "texture" : "#3"
      }
    }
  }, {
    "from" : [ -6, -8, 18 ],
    "to" : [ -2, 0, 22 ],
    "faces" : {
      "east" : {
        "uv" : [ 4, 0, 12, 16 ],
        "texture" : "#3"
      },
      "south" : {
        "uv" : [ 4, 0, 12, 16 ],
        "texture" : "#3"
      },
      "north" : {
        "uv" : [ 4, 0, 12, 16 ],
        "texture" : "#3"
      },
      "west" : {
        "uv" : [ 4, 0, 12, 16 ],
        "texture" : "#3"
      },
      "up" : {
        "uv" : [ 4, 4, 12, 12 ],
        "texture" : "#3"
      },
      "down" : {
        "uv" : [ 4, 4, 12, 12 ],
        "texture" : "#3"
      }
    }
  }, {
    "from" : [ -6, -8, 16 ],
    "to" : [ -3, 0, 20 ],
    "faces" : {
      "east" : {
        "uv" : [ 8, 0, 16, 16 ],
        "texture" : "#3"
      },
      "north" : {
        "uv" : [ 5, 0, 11, 16 ],
        "texture" : "#3"
      },
      "west" : {
        "uv" : [ 0, 0, 8, 16 ],
        "texture" : "#3"
      },
      "up" : {
        "uv" : [ 5, 0, 11, 8 ],
        "texture" : "#3"
      },
      "down" : {
        "uv" : [ 5, 8, 11, 16 ],
        "texture" : "#3"
      }
    }
  }, {
    "from" : [ 2, -8, 10 ],
    "to" : [ 6, 0, 14 ],
    "faces" : {
      "east" : {
        "uv" : [ 4, 0, 12, 16 ],
        "texture" : "#3"
      },
      "south" : {
        "uv" : [ 4, 0, 12, 16 ],
        "texture" : "#3"
      },
      "north" : {
        "uv" : [ 4, 0, 12, 16 ],
        "texture" : "#3"
      },
      "west" : {
        "uv" : [ 4, 0, 12, 16 ],
        "texture" : "#3"
      },
      "up" : {
        "uv" : [ 4, 4, 12, 12 ],
        "texture" : "#3"
      },
      "down" : {
        "uv" : [ 4, 4, 12, 12 ],
        "texture" : "#3"
      }
    }
  }, {
    "from" : [ 0, -8, 10 ],
    "to" : [ 4, 0, 13 ],
    "faces" : {
      "south" : {
        "uv" : [ 0, 0, 8, 16 ],
        "texture" : "#3"
      },
      "north" : {
        "uv" : [ 8, 0, 16, 16 ],
        "texture" : "#3"
      },
      "west" : {
        "uv" : [ 5, 0, 11, 16 ],
        "texture" : "#3"
      },
      "up" : {
        "uv" : [ 0, 5, 8, 11 ],
        "texture" : "#3"
      },
      "down" : {
        "uv" : [ 0, 5, 8, 11 ],
        "texture" : "#3"
      }
    }
  }, {
    "from" : [ -14, 0, 10 ],
    "to" : [ -10, 8, 14 ],
    "faces" : {
      "east" : {
        "uv" : [ 4, 0, 12, 16 ],
        "texture" : "#3"
      },
      "south" : {
        "uv" : [ 4, 0, 12, 16 ],
        "texture" : "#3"
      },
      "north" : {
        "uv" : [ 4, 0, 12, 16 ],
        "texture" : "#3"
      },
      "west" : {
        "uv" : [ 4, 0, 12, 16 ],
        "texture" : "#3"
      },
      "down" : {
        "uv" : [ 4, 4, 12, 12 ],
        "texture" : "#3"
      }
    }
  }, {
    "from" : [ -12, 0, 10 ],
    "to" : [ -8, 8, 13 ],
    "faces" : {
      "east" : {
        "uv" : [ 5, 0, 11, 16 ],
        "texture" : "#3"
      },
      "south" : {
        "uv" : [ 8, 0, 16, 16 ],
        "texture" : "#3"
      },
      "north" : {
        "uv" : [ 0, 0, 8, 16 ],
        "texture" : "#3"
      },
      "down" : {
        "uv" : [ 8, 5, 16, 11 ],
        "texture" : "#3"
      }
    }
  }, {
    "from" : [ -6, 0, 2 ],
    "to" : [ -2, 8, 6 ],
    "faces" : {
      "east" : {
        "uv" : [ 4, 0, 12, 16 ],
        "texture" : "#3"
      },
      "south" : {
        "uv" : [ 4, 0, 12, 16 ],
        "texture" : "#3"
      },
      "north" : {
        "uv" : [ 4, 0, 12, 16 ],
        "texture" : "#3"
      },
      "west" : {
        "uv" : [ 4, 0, 12, 16 ],
        "texture" : "#3"
      },
      "down" : {
        "uv" : [ 4, 4, 12, 12 ],
        "texture" : "#3"
      }
    }
  }, {
    "from" : [ -6, 0, 4 ],
    "to" : [ -3, 8, 8 ],
    "faces" : {
      "east" : {
        "uv" : [ 0, 0, 8, 16 ],
        "texture" : "#3"
      },
      "south" : {
        "uv" : [ 5, 0, 11, 16 ],
        "texture" : "#3"
      },
      "west" : {
        "uv" : [ 8, 0, 16, 16 ],
        "texture" : "#3"
      },
      "down" : {
        "uv" : [ 5, 0, 11, 8 ],
        "texture" : "#3"
      }
    }
  }, {
    "from" : [ -6, 0, 18 ],
    "to" : [ -2, 8, 22 ],
    "faces" : {
      "east" : {
        "uv" : [ 4, 0, 12, 16 ],
        "texture" : "#3"
      },
      "south" : {
        "uv" : [ 4, 0, 12, 16 ],
        "texture" : "#3"
      },
      "north" : {
        "uv" : [ 4, 0, 12, 16 ],
        "texture" : "#3"
      },
      "west" : {
        "uv" : [ 4, 0, 12, 16 ],
        "texture" : "#3"
      },
      "down" : {
        "uv" : [ 4, 4, 12, 12 ],
        "texture" : "#3"
      }
    }
  }, {
    "from" : [ -6, 0, 16 ],
    "to" : [ -3, 8, 20 ],
    "faces" : {
      "east" : {
        "uv" : [ 8, 0, 16, 16 ],
        "texture" : "#3"
      },
      "north" : {
        "uv" : [ 5, 0, 11, 16 ],
        "texture" : "#3"
      },
      "west" : {
        "uv" : [ 0, 0, 8, 16 ],
        "texture" : "#3"
      },
      "down" : {
        "uv" : [ 5, 8, 11, 16 ],
        "texture" : "#3"
      }
    }
  }, {
    "from" : [ 2, 0, 10 ],
    "to" : [ 6, 8, 14 ],
    "faces" : {
      "east" : {
        "uv" : [ 4, 0, 12, 16 ],
        "texture" : "#3"
      },
      "south" : {
        "uv" : [ 4, 0, 12, 16 ],
        "texture" : "#3"
      },
      "north" : {
        "uv" : [ 4, 0, 12, 16 ],
        "texture" : "#3"
      },
      "west" : {
        "uv" : [ 4, 0, 12, 16 ],
        "texture" : "#3"
      },
      "down" : {
        "uv" : [ 4, 4, 12, 12 ],
        "texture" : "#3"
      }
    }
  }, {
    "from" : [ 0, 0, 10 ],
    "to" : [ 4, 8, 13 ],
    "faces" : {
      "south" : {
        "uv" : [ 0, 0, 8, 16 ],
        "texture" : "#3"
      },
      "north" : {
        "uv" : [ 8, 0, 16, 16 ],
        "texture" : "#3"
      },
      "west" : {
        "uv" : [ 5, 0, 11, 16 ],
        "texture" : "#3"
      },
      "down" : {
        "uv" : [ 0, 5, 8, 11 ],
        "texture" : "#3"
      }
    }
  }, {
    "from" : [ -14, 8, 2 ],
    "to" : [ -10, 16, 6 ],
    "faces" : {
      "east" : {
        "uv" : [ 4, 0, 12, 16 ],
        "texture" : "#1"
      },
      "south" : {
        "uv" : [ 4, 0, 12, 16 ],
        "texture" : "#1"
      },
      "north" : {
        "uv" : [ 4, 0, 12, 16 ],
        "texture" : "#1"
      },
      "west" : {
        "uv" : [ 4, 0, 12, 16 ],
        "texture" : "#1"
      },
      "up" : {
        "uv" : [ 4, 4, 12, 12 ],
        "texture" : "#1"
      },
      "down" : {
        "uv" : [ 4, 4, 12, 12 ],
        "texture" : "#1"
      }
    }
  }, {
    "from" : [ -12, 8, 2 ],
    "to" : [ -8, 16, 5 ],
    "faces" : {
      "south" : {
        "uv" : [ 8, 0, 16, 16 ],
        "texture" : "#1"
      },
      "north" : {
        "uv" : [ 0, 0, 8, 16 ],
        "texture" : "#1"
      },
      "up" : {
        "uv" : [ 8, 5, 16, 11 ],
        "texture" : "#1"
      },
      "down" : {
        "uv" : [ 8, 5, 16, 11 ],
        "texture" : "#1"
      }
    }
  }, {
    "from" : [ -14, 8, 4 ],
    "to" : [ -11, 16, 8 ],
    "faces" : {
      "east" : {
        "uv" : [ 0, 0, 8, 16 ],
        "texture" : "#1"
      },
      "west" : {
        "uv" : [ 8, 0, 16, 16 ],
        "texture" : "#1"
      },
      "up" : {
        "uv" : [ 5, 8, 11, 16 ],
        "texture" : "#1"
      },
      "down" : {
        "uv" : [ 5, 0, 11, 8 ],
        "texture" : "#1"
      }
    }
  }, {
    "from" : [ -14, 8, 18 ],
    "to" : [ -10, 16, 22 ],
    "faces" : {
      "east" : {
        "uv" : [ 4, 0, 12, 16 ],
        "texture" : "#1"
      },
      "south" : {
        "uv" : [ 4, 0, 12, 16 ],
        "texture" : "#1"
      },
      "north" : {
        "uv" : [ 4, 0, 12, 16 ],
        "texture" : "#1"
      },
      "west" : {
        "uv" : [ 4, 0, 12, 16 ],
        "texture" : "#1"
      },
      "up" : {
        "uv" : [ 4, 4, 12, 12 ],
        "texture" : "#1"
      },
      "down" : {
        "uv" : [ 4, 4, 12, 12 ],
        "texture" : "#1"
      }
    }
  }, {
    "from" : [ -14, 8, 16 ],
    "to" : [ -11, 16, 20 ],
    "faces" : {
      "east" : {
        "uv" : [ 8, 0, 16, 16 ],
        "texture" : "#1"
      },
      "west" : {
        "uv" : [ 0, 0, 8, 16 ],
        "texture" : "#1"
      },
      "up" : {
        "uv" : [ 5, 0, 11, 8 ],
        "texture" : "#1"
      },
      "down" : {
        "uv" : [ 5, 8, 11, 16 ],
        "texture" : "#1"
      }
    }
  }, {
    "from" : [ -12, 8, 18 ],
    "to" : [ -8, 16, 21 ],
    "faces" : {
      "south" : {
        "uv" : [ 8, 0, 16, 16 ],
        "texture" : "#1"
      },
      "north" : {
        "uv" : [ 0, 0, 8, 16 ],
        "texture" : "#1"
      },
      "up" : {
        "uv" : [ 8, 5, 16, 11 ],
        "texture" : "#1"
      },
      "down" : {
        "uv" : [ 8, 5, 16, 11 ],
        "texture" : "#1"
      }
    }
  }, {
    "from" : [ 2, 8, 2 ],
    "to" : [ 6, 16, 6 ],
    "faces" : {
      "east" : {
        "uv" : [ 4, 0, 12, 16 ],
        "texture" : "#1"
      },
      "south" : {
        "uv" : [ 4, 0, 12, 16 ],
        "texture" : "#1"
      },
      "north" : {
        "uv" : [ 4, 0, 12, 16 ],
        "texture" : "#1"
      },
      "west" : {
        "uv" : [ 4, 0, 12, 16 ],
        "texture" : "#1"
      },
      "up" : {
        "uv" : [ 4, 4, 12, 12 ],
        "texture" : "#1"
      },
      "down" : {
        "uv" : [ 4, 4, 12, 12 ],
        "texture" : "#1"
      }
    }
  }, {
    "from" : [ 2, 8, 4 ],
    "to" : [ 5, 16, 8 ],
    "faces" : {
      "east" : {
        "uv" : [ 0, 0, 8, 16 ],
        "texture" : "#1"
      },
      "west" : {
        "uv" : [ 8, 0, 16, 16 ],
        "texture" : "#1"
      },
      "up" : {
        "uv" : [ 5, 8, 11, 16 ],
        "texture" : "#1"
      },
      "down" : {
        "uv" : [ 5, 0, 11, 8 ],
        "texture" : "#1"
      }
    }
  }, {
    "from" : [ 0, 8, 2 ],
    "to" : [ 4, 16, 5 ],
    "faces" : {
      "south" : {
        "uv" : [ 0, 0, 8, 16 ],
        "texture" : "#1"
      },
      "north" : {
        "uv" : [ 8, 0, 16, 16 ],
        "texture" : "#1"
      },
      "up" : {
        "uv" : [ 0, 5, 8, 11 ],
        "texture" : "#1"
      },
      "down" : {
        "uv" : [ 0, 5, 8, 11 ],
        "texture" : "#1"
      }
    }
  }, {
    "from" : [ 2, 8, 18 ],
    "to" : [ 6, 16, 22 ],
    "faces" : {
      "east" : {
        "uv" : [ 4, 0, 12, 16 ],
        "texture" : "#1"
      },
      "south" : {
        "uv" : [ 4, 0, 12, 16 ],
        "texture" : "#1"
      },
      "north" : {
        "uv" : [ 4, 0, 12, 16 ],
        "texture" : "#1"
      },
      "west" : {
        "uv" : [ 4, 0, 12, 16 ],
        "texture" : "#1"
      },
      "up" : {
        "uv" : [ 4, 4, 12, 12 ],
        "texture" : "#1"
      },
      "down" : {
        "uv" : [ 4, 4, 12, 12 ],
        "texture" : "#1"
      }
    }
  }, {
    "from" : [ 2, 8, 16 ],
    "to" : [ 5, 16, 20 ],
    "faces" : {
      "east" : {
        "uv" : [ 8, 0, 16, 16 ],
        "texture" : "#1"
      },
      "west" : {
        "uv" : [ 0, 0, 8, 16 ],
        "texture" : "#1"
      },
      "up" : {
        "uv" : [ 5, 0, 11, 8 ],
        "texture" : "#1"
      },
      "down" : {
        "uv" : [ 5, 8, 11, 16 ],
        "texture" : "#1"
      }
    }
  }, {
    "from" : [ 0, 8, 18 ],
    "to" : [ 4, 16, 21 ],
    "faces" : {
      "south" : {
        "uv" : [ 0, 0, 8, 16 ],
        "texture" : "#1"
      },
      "north" : {
        "uv" : [ 8, 0, 16, 16 ],
        "texture" : "#1"
      },
      "up" : {
        "uv" : [ 0, 5, 8, 11 ],
        "texture" : "#1"
      },
      "down" : {
        "uv" : [ 0, 5, 8, 11 ],
        "texture" : "#1"
      }
    }
  }, {
    "from" : [ -16, 16, 8 ],
    "to" : [ -8, 20, 16 ],
    "faces" : {
      "east" : {
        "uv" : [ 0, 8, 16, 16 ],
        "texture" : "#3"
      },
      "south" : {
        "uv" : [ 0, 8, 16, 16 ],
        "texture" : "#3"
      },
      "north" : {
        "uv" : [ 0, 8, 16, 16 ],
        "texture" : "#3"
      },
      "west" : {
        "uv" : [ 0, 8, 16, 16 ],
        "texture" : "#3"
      },
      "up" : {
        "uv" : [ 0, 0, 16, 16 ],
        "texture" : "#3"
      }
    }
  }, {
    "from" : [ -8, 16, 0 ],
    "to" : [ 0, 20, 8 ],
    "faces" : {
      "east" : {
        "uv" : [ 0, 8, 16, 16 ],
        "texture" : "#3"
      },
      "south" : {
        "uv" : [ 0, 8, 16, 16 ],
        "texture" : "#3"
      },
      "north" : {
        "uv" : [ 0, 8, 16, 16 ],
        "texture" : "#3"
      },
      "west" : {
        "uv" : [ 0, 8, 16, 16 ],
        "texture" : "#3"
      },
      "up" : {
        "uv" : [ 0, 0, 16, 16 ],
        "texture" : "#3"
      }
    }
  }, {
    "from" : [ -8, 16, 12 ],
    "to" : [ 0, 27, 12 ],
    "faces" : {
      "south" : {
        "uv" : [ 0, 0, 16, 16 ],
        "texture" : "#19"
      }
    }
  }, {
    "from" : [ -8, 16, 11 ],
    "to" : [ 0, 27, 11 ],
    "faces" : {
      "north" : {
        "uv" : [ 0, 0, 16, 16 ],
        "texture" : "#19"
      }
    }
  }, {
    "from" : [ -4, 16, 8 ],
    "to" : [ -4, 27, 16 ],
    "faces" : {
      "west" : {
        "uv" : [ 0, 0, 16, 16 ],
        "texture" : "#19"
      }
    }
  }, {
    "from" : [ -5, 16, 8 ],
    "to" : [ -5, 27, 16 ],
    "faces" : {
      "east" : {
        "uv" : [ 0, 0, 16, 16 ],
        "texture" : "#19"
      }
    }
  }, {
    "from" : [ -8, 16, 8 ],
    "to" : [ 0, 27, 8 ],
    "faces" : {
      "south" : {
        "uv" : [ 0, 0, 16, 16 ],
        "texture" : "#19"
      },
      "north" : {
        "uv" : [ 0, 0, 16, 16 ],
        "texture" : "#19"
      }
    }
  }, {
    "from" : [ -1, 16, 8 ],
    "to" : [ -1, 27, 16 ],
    "faces" : {
      "east" : {
        "uv" : [ 0, 0, 16, 16 ],
        "texture" : "#19"
      },
      "west" : {
        "uv" : [ 0, 0, 16, 16 ],
        "texture" : "#19"
      }
    }
  }, {
    "from" : [ -8, 16, 15 ],
    "to" : [ 0, 27, 15 ],
    "faces" : {
      "south" : {
        "uv" : [ 0, 0, 16, 16 ],
        "texture" : "#19"
      },
      "north" : {
        "uv" : [ 0, 0, 16, 16 ],
        "texture" : "#19"
      }
    }
  }, {
    "from" : [ -8, 16, 8 ],
    "to" : [ -8, 27, 16 ],
    "faces" : {
      "east" : {
        "uv" : [ 0, 0, 16, 16 ],
        "texture" : "#19"
      },
      "west" : {
        "uv" : [ 0, 0, 16, 16 ],
        "texture" : "#19"
      }
    }
  }, {
    "from" : [ -8, 16, 16 ],
    "to" : [ 0, 20, 24 ],
    "faces" : {
      "east" : {
        "uv" : [ 0, 8, 16, 16 ],
        "texture" : "#3"
      },
      "south" : {
        "uv" : [ 0, 8, 16, 16 ],
        "texture" : "#3"
      },
      "north" : {
        "uv" : [ 0, 8, 16, 16 ],
        "texture" : "#3"
      },
      "west" : {
        "uv" : [ 0, 8, 16, 16 ],
        "texture" : "#3"
      },
      "up" : {
        "uv" : [ 0, 0, 16, 16 ],
        "texture" : "#3"
      }
    }
  }, {
    "from" : [ 0, 16, 8 ],
    "to" : [ 8, 20, 16 ],
    "faces" : {
      "east" : {
        "uv" : [ 0, 8, 16, 16 ],
        "texture" : "#3"
      },
      "south" : {
        "uv" : [ 0, 8, 16, 16 ],
        "texture" : "#3"
      },
      "north" : {
        "uv" : [ 0, 8, 16, 16 ],
        "texture" : "#3"
      },
      "west" : {
        "uv" : [ 0, 8, 16, 16 ],
        "texture" : "#3"
      },
      "up" : {
        "uv" : [ 0, 0, 16, 16 ],
        "texture" : "#3"
      }
    }
  }, {
    "from" : [ -16, 24, 0 ],
    "to" : [ -8, 28, 8 ],
    "faces" : {
      "east" : {
        "uv" : [ 0, 8, 16, 16 ],
        "texture" : "#0"
      },
      "south" : {
        "uv" : [ 0, 8, 16, 16 ],
        "texture" : "#0"
      },
      "north" : {
        "uv" : [ 0, 8, 16, 16 ],
        "texture" : "#0"
      },
      "west" : {
        "uv" : [ 0, 8, 16, 16 ],
        "texture" : "#0"
      },
      "up" : {
        "uv" : [ 0, 0, 16, 16 ],
        "texture" : "#0"
      },
      "down" : {
        "uv" : [ 0, 0, 16, 16 ],
        "texture" : "#0"
      }
    }
  }, {
    "from" : [ -16, 24, 16 ],
    "to" : [ -8, 28, 24 ],
    "faces" : {
      "east" : {
        "uv" : [ 0, 8, 16, 16 ],
        "texture" : "#0"
      },
      "south" : {
        "uv" : [ 0, 8, 16, 16 ],
        "texture" : "#0"
      },
      "north" : {
        "uv" : [ 0, 8, 16, 16 ],
        "texture" : "#0"
      },
      "west" : {
        "uv" : [ 0, 8, 16, 16 ],
        "texture" : "#0"
      },
      "up" : {
        "uv" : [ 0, 0, 16, 16 ],
        "texture" : "#0"
      },
      "down" : {
        "uv" : [ 0, 0, 16, 16 ],
        "texture" : "#0"
      }
    }
  }, {
    "from" : [ 0, 24, 0 ],
    "to" : [ 8, 28, 8 ],
    "faces" : {
      "east" : {
        "uv" : [ 0, 8, 16, 16 ],
        "texture" : "#0"
      },
      "south" : {
        "uv" : [ 0, 8, 16, 16 ],
        "texture" : "#0"
      },
      "north" : {
        "uv" : [ 0, 8, 16, 16 ],
        "texture" : "#0"
      },
      "west" : {
        "uv" : [ 0, 8, 16, 16 ],
        "texture" : "#0"
      },
      "up" : {
        "uv" : [ 0, 0, 16, 16 ],
        "texture" : "#0"
      },
      "down" : {
        "uv" : [ 0, 0, 16, 16 ],
        "texture" : "#0"
      }
    }
  }, {
    "from" : [ 0, 24, 16 ],
    "to" : [ 8, 28, 24 ],
    "faces" : {
      "east" : {
        "uv" : [ 0, 8, 16, 16 ],
        "texture" : "#0"
      },
      "south" : {
        "uv" : [ 0, 8, 16, 16 ],
        "texture" : "#0"
      },
      "north" : {
        "uv" : [ 0, 8, 16, 16 ],
        "texture" : "#0"
      },
      "west" : {
        "uv" : [ 0, 8, 16, 16 ],
        "texture" : "#0"
      },
      "up" : {
        "uv" : [ 0, 0, 16, 16 ],
        "texture" : "#0"
      },
      "down" : {
        "uv" : [ 0, 0, 16, 16 ],
        "texture" : "#0"
      }
    }
  } ],
  "display" : {
    "head" : {
      "translation" : [ 0.0, -43.25, 0.0 ],
      "scale" : [ 3.2, 3.2, 3.2 ]
    }
  }
}