{
  "textures" : {
    "11" : "block/stone_bricks",
    "12" : "block/andesite",
    "13" : "block/polished_andesite",
    "14" : "block/stone",
    "15" : "block/anvil",
    "16" : "block/anvil_top",
    "17" : "block/soul_fire_0",
    "18" : "block/chain",
    "0" : "block/deepslate_tiles",
    "1" : "block/deepslate_bricks",
    "2" : "block/oxidized_copper",
    "3" : "block/weathered_copper",
    "4" : "block/polished_deepslate",
    "5" : "block/deepslate",
    "6" : "block/deepslate_top",
    "7" : "block/cobbled_deepslate",
    "8" : "block/polished_basalt_side",
    "9" : "block/polished_basalt_top",
    "10" : "block/soul_soil"
  },
  "elements" : [ {
    "from" : [ -16, -16, -16 ],
    "to" : [ -8, -8, -8 ],
    "faces" : {
      "east" : {
        "uv" : [ 0, 0, 16, 16 ],
        "texture" : "#1"
      },
      "south" : {
        "uv" : [ 0, 0, 16, 16 ],
        "texture" : "#1"
      },
      "north" : {
        "uv" : [ 0, 0, 16, 16 ],
        "texture" : "#1"
      },
      "west" : {
        "uv" : [ 0, 0, 16, 16 ],
        "texture" : "#1"
      },
      "up" : {
        "uv" : [ 0, 0, 16, 16 ],
        "texture" : "#1"
      },
      "down" : {
        "uv" : [ 0, 0, 16, 16 ],
        "texture" : "#1"
      }
    }
  }, {
    "from" : [ -8, -16, -16 ],
    "to" : [ 0, -8, -8 ],
    "faces" : {
      "east" : {
        "uv" : [ 0, 0, 16, 16 ],
        "texture" : "#1"
      },
      "south" : {
        "uv" : [ 0, 0, 16, 16 ],
        "texture" : "#1"
      },
      "north" : {
        "uv" : [ 0, 0, 16, 16 ],
        "texture" : "#1"
      },
      "west" : {
        "uv" : [ 0, 0, 16, 16 ],
        "texture" : "#1"
      },
      "up" : {
        "uv" : [ 0, 0, 16, 16 ],
        "texture" : "#1"
      },
      "down" : {
        "uv" : [ 0, 0, 16, 16 ],
        "texture" : "#1"
      }
    }
  }, {
    "from" : [ 0, -16, -16 ],
    "to" : [ 8, -8, -8 ],
    "faces" : {
      "east" : {
        "uv" : [ 0, 0, 16, 16 ],
        "texture" : "#1"
      },
      "south" : {
        "uv" : [ 0, 0, 16, 16 ],
        "texture" : "#1"
      },
      "north" : {
        "uv" : [ 0, 0, 16, 16 ],
        "texture" : "#1"
      },
      "west" : {
        "uv" : [ 0, 0, 16, 16 ],
        "texture" : "#1"
      },
      "up" : {
        "uv" : [ 0, 0, 16, 16 ],
        "texture" : "#1"
      },
      "down" : {
        "uv" : [ 0, 0, 16, 16 ],
        "texture" : "#1"
      }
    }
  }, {
    "from" : [ 8, -16, -16 ],
    "to" : [ 16, -8, -8 ],
    "faces" : {
      "east" : {
        "uv" : [ 0, 0, 16, 16 ],
        "texture" : "#1"
      },
      "south" : {
        "uv" : [ 0, 0, 16, 16 ],
        "texture" : "#1"
      },
      "north" : {
        "uv" : [ 0, 0, 16, 16 ],
        "texture" : "#1"
      },
      "west" : {
        "uv" : [ 0, 0, 16, 16 ],
        "texture" : "#1"
      },
      "down" : {
        "uv" : [ 0, 0, 16, 16 ],
        "texture" : "#1"
      }
    }
  }, {
    "from" : [ 16, -16, -16 ],
    "to" : [ 24, -8, -8 ],
    "faces" : {
      "east" : {
        "uv" : [ 0, 0, 16, 16 ],
        "texture" : "#1"
      },
      "south" : {
        "uv" : [ 0, 0, 16, 16 ],
        "texture" : "#1"
      },
      "north" : {
        "uv" : [ 0, 0, 16, 16 ],
        "texture" : "#1"
      },
      "west" : {
        "uv" : [ 0, 0, 16, 16 ],
        "texture" : "#1"
      },
      "up" : {
        "uv" : [ 0, 0, 16, 16 ],
        "texture" : "#1"
      },
      "down" : {
        "uv" : [ 0, 0, 16, 16 ],
        "texture" : "#1"
      }
    }
  }, {
    "from" : [ 24, -16, -16 ],
    "to" : [ 32, -8, -8 ],
    "faces" : {
      "east" : {
        "uv" : [ 0, 0, 16, 16 ],
        "texture" : "#1"
      },
      "south" : {
        "uv" : [ 0, 0, 16, 16 ],
        "texture" : "#1"
      },
      "north" : {
        "uv" : [ 0, 0, 16, 16 ],
        "texture" : "#1"
      },
      "west" : {
        "uv" : [ 0, 0, 16, 16 ],
        "texture" : "#1"
      },
      "up" : {
        "uv" : [ 0, 0, 16, 16 ],
        "texture" : "#1"
      },
      "down" : {
        "uv" : [ 0, 0, 16, 16 ],
        "texture" : "#1"
      }
    }
  }, {
    "from" : [ 8, -8, -16 ],
    "to" : [ 16, 0, -8 ],
    "faces" : {
      "east" : {
        "uv" : [ 0, 0, 16, 16 ],
        "texture" : "#8"
      },
      "south" : {
        "uv" : [ 0, 0, 16, 16 ],
        "texture" : "#8"
      },
      "north" : {
        "uv" : [ 0, 0, 16, 16 ],
        "texture" : "#8"
      },
      "west" : {
        "uv" : [ 0, 0, 16, 16 ],
        "texture" : "#8"
      },
      "up" : {
        "uv" : [ 0, 0, 16, 16 ],
        "texture" : "#9"
      },
      "down" : {
        "uv" : [ 0, 0, 16, 16 ],
        "texture" : "#9"
      }
    }
  }, {
    "from" : [ -16, -12, -8 ],
    "to" : [ -8, -8, 0 ],
    "faces" : {
      "south" : {
        "uv" : [ 0, 0, 16, 8 ],
        "texture" : "#12"
      },
      "north" : {
        "uv" : [ 0, 0, 16, 8 ],
        "texture" : "#12"
      },
      "up" : {
        "uv" : [ 0, 0, 16, 16 ],
        "texture" : "#12"
      },
      "down" : {
        "uv" : [ 0, 0, 16, 16 ],
        "texture" : "#12"
      }
    }
  }, {
    "from" : [ -8, -12, -8 ],
    "to" : [ 0, -8, 0 ],
    "faces" : {
      "south" : {
        "uv" : [ 0, 0, 16, 8 ],
        "texture" : "#14"
      },
      "north" : {
        "uv" : [ 0, 0, 16, 8 ],
        "texture" : "#14"
      },
      "up" : {
        "uv" : [ 0, 0, 16, 16 ],
        "texture" : "#14"
      },
      "down" : {
        "uv" : [ 0, 0, 16, 16 ],
        "texture" : "#14"
      }
    }
  }, {
    "from" : [ 0, -12, -8 ],
    "to" : [ 8, -8, 0 ],
    "faces" : {
      "south" : {
        "uv" : [ 0, 0, 16, 8 ],
        "texture" : "#11"
      },
      "north" : {
        "uv" : [ 0, 0, 16, 8 ],
        "texture" : "#11"
      },
      "up" : {
        "uv" : [ 0, 0, 16, 16 ],
        "texture" : "#11"
      },
      "down" : {
        "uv" : [ 0, 0, 16, 16 ],
        "texture" : "#11"
      }
    }
  }, {
    "from" : [ 8, -12, -8 ],
    "to" : [ 16, -8, 0 ],
    "faces" : {
      "south" : {
        "uv" : [ 0, 0, 16, 8 ],
        "texture" : "#14"
      },
      "north" : {
        "uv" : [ 0, 0, 16, 8 ],
        "texture" : "#14"
      },
      "up" : {
        "uv" : [ 0, 0, 16, 16 ],
        "texture" : "#14"
      },
      "down" : {
        "uv" : [ 0, 0, 16, 16 ],
        "texture" : "#14"
      }
    }
  }, {
    "from" : [ 16, -12, -8 ],
    "to" : [ 24, -8, 0 ],
    "faces" : {
      "south" : {
        "uv" : [ 0, 0, 16, 8 ],
        "texture" : "#14"
      },
      "north" : {
        "uv" : [ 0, 0, 16, 8 ],
        "texture" : "#14"
      },
      "up" : {
        "uv" : [ 0, 0, 16, 16 ],
        "texture" : "#14"
      },
      "down" : {
        "uv" : [ 0, 0, 16, 16 ],
        "texture" : "#14"
      }
    }
  }, {
    "from" : [ 24, -12, -8 ],
    "to" : [ 32, -8, 0 ],
    "faces" : {
      "south" : {
        "uv" : [ 0, 0, 16, 8 ],
        "texture" : "#13"
      },
      "north" : {
        "uv" : [ 0, 0, 16, 8 ],
        "texture" : "#13"
      },
      "up" : {
        "uv" : [ 0, 0, 16, 16 ],
        "texture" : "#13"
      },
      "down" : {
        "uv" : [ 0, 0, 16, 16 ],
        "texture" : "#13"
      }
    }
  }, {
    "from" : [ -15, -8, -15 ],
    "to" : [ -9, -6, -9 ],
    "faces" : {
      "east" : {
        "uv" : [ 2, 12, 14, 16 ],
        "texture" : "#15"
      },
      "south" : {
        "uv" : [ 0, 2, 4, 14 ],
        "texture" : "#15",
        "rotation" : 90
      },
      "north" : {
        "uv" : [ 4, 2, 0, 14 ],
        "texture" : "#15",
        "rotation" : 270
      },
      "west" : {
        "uv" : [ 2, 12, 14, 16 ],
        "texture" : "#15"
      },
      "up" : {
        "uv" : [ 2, 2, 14, 14 ],
        "texture" : "#15",
        "rotation" : 90
      },
      "down" : {
        "uv" : [ 2, 2, 14, 14 ],
        "texture" : "#15",
        "rotation" : 270
      }
    }
  }, {
    "from" : [ -15, -6, -14 ],
    "to" : [ -10, -6, -10 ],
    "faces" : {
      "east" : {
        "uv" : [ 4, 11, 12, 12 ],
        "texture" : "#15"
      },
      "south" : {
        "uv" : [ 4, 3, 5, 13 ],
        "texture" : "#15",
        "rotation" : 90
      },
      "north" : {
        "uv" : [ 5, 3, 4, 13 ],
        "texture" : "#15",
        "rotation" : 270
      },
      "west" : {
        "uv" : [ 4, 11, 12, 12 ],
        "texture" : "#15"
      },
      "up" : {
        "uv" : [ 4, 3, 12, 13 ],
        "texture" : "#15",
        "rotation" : 90
      }
    }
  }, {
    "from" : [ -14, -6, -13 ],
    "to" : [ -10, -3, -11 ],
    "faces" : {
      "east" : {
        "uv" : [ 6, 6, 10, 11 ],
        "texture" : "#15"
      },
      "south" : {
        "uv" : [ 5, 4, 10, 12 ],
        "texture" : "#15",
        "rotation" : 90
      },
      "north" : {
        "uv" : [ 10, 4, 5, 12 ],
        "texture" : "#15",
        "rotation" : 270
      },
      "west" : {
        "uv" : [ 6, 6, 10, 11 ],
        "texture" : "#15"
      }
    }
  }, {
    "from" : [ -16, -3, -15 ],
    "to" : [ -8, 0, -10 ],
    "faces" : {
      "east" : {
        "uv" : [ 3, 0, 13, 6 ],
        "texture" : "#15"
      },
      "south" : {
        "uv" : [ 10, 0, 16, 16 ],
        "texture" : "#15",
        "rotation" : 90
      },
      "north" : {
        "uv" : [ 16, 0, 10, 16 ],
        "texture" : "#15",
        "rotation" : 270
      },
      "west" : {
        "uv" : [ 3, 0, 13, 6 ],
        "texture" : "#15"
      },
      "up" : {
        "uv" : [ 3, 0, 13, 16 ],
        "texture" : "#16",
        "rotation" : 90
      },
      "down" : {
        "uv" : [ 3, 0, 13, 16 ],
        "texture" : "#15",
        "rotation" : 270
      }
    }
  }, {
    "from" : [ -7, -8, -15 ],
    "to" : [ -1, -6, -9 ],
    "faces" : {
      "east" : {
        "uv" : [ 2, 12, 14, 16 ],
        "texture" : "#15"
      },
      "south" : {
        "uv" : [ 0, 2, 4, 14 ],
        "texture" : "#15",
        "rotation" : 90
      },
      "north" : {
        "uv" : [ 4, 2, 0, 14 ],
        "texture" : "#15",
        "rotation" : 270
      },
      "west" : {
        "uv" : [ 2, 12, 14, 16 ],
        "texture" : "#15"
      },
      "up" : {
        "uv" : [ 2, 2, 14, 14 ],
        "texture" : "#15",
        "rotation" : 90
      },
      "down" : {
        "uv" : [ 2, 2, 14, 14 ],
        "texture" : "#15",
        "rotation" : 270
      }
    }
  }, {
    "from" : [ -7, -6, -14 ],
    "to" : [ -2, -6, -10 ],
    "faces" : {
      "east" : {
        "uv" : [ 4, 11, 12, 12 ],
        "texture" : "#15"
      },
      "south" : {
        "uv" : [ 4, 3, 5, 13 ],
        "texture" : "#15",
        "rotation" : 90
      },
      "north" : {
        "uv" : [ 5, 3, 4, 13 ],
        "texture" : "#15",
        "rotation" : 270
      },
      "west" : {
        "uv" : [ 4, 11, 12, 12 ],
        "texture" : "#15"
      },
      "up" : {
        "uv" : [ 4, 3, 12, 13 ],
        "texture" : "#15",
        "rotation" : 90
      }
    }
  }, {
    "from" : [ -6, -6, -13 ],
    "to" : [ -2, -3, -11 ],
    "faces" : {
      "east" : {
        "uv" : [ 6, 6, 10, 11 ],
        "texture" : "#15"
      },
      "south" : {
        "uv" : [ 5, 4, 10, 12 ],
        "texture" : "#15",
        "rotation" : 90
      },
      "north" : {
        "uv" : [ 10, 4, 5, 12 ],
        "texture" : "#15",
        "rotation" : 270
      },
      "west" : {
        "uv" : [ 6, 6, 10, 11 ],
        "texture" : "#15"
      }
    }
  }, {
    "from" : [ -8, -3, -15 ],
    "to" : [ 0, 0, -10 ],
    "faces" : {
      "east" : {
        "uv" : [ 3, 0, 13, 6 ],
        "texture" : "#15"
      },
      "south" : {
        "uv" : [ 10, 0, 16, 16 ],
        "texture" : "#15",
        "rotation" : 90
      },
      "north" : {
        "uv" : [ 16, 0, 10, 16 ],
        "texture" : "#15",
        "rotation" : 270
      },
      "west" : {
        "uv" : [ 3, 0, 13, 6 ],
        "texture" : "#15"
      },
      "up" : {
        "uv" : [ 3, 0, 13, 16 ],
        "texture" : "#16",
        "rotation" : 90
      },
      "down" : {
        "uv" : [ 3, 0, 13, 16 ],
        "texture" : "#15",
        "rotation" : 270
      }
    }
  }, {
    "from" : [ 1, -8, -15 ],
    "to" : [ 7, -6, -9 ],
    "faces" : {
      "east" : {
        "uv" : [ 2, 12, 14, 16 ],
        "texture" : "#15"
      },
      "south" : {
        "uv" : [ 0, 2, 4, 14 ],
        "texture" : "#15",
        "rotation" : 90
      },
      "north" : {
        "uv" : [ 4, 2, 0, 14 ],
        "texture" : "#15",
        "rotation" : 270
      },
      "west" : {
        "uv" : [ 2, 12, 14, 16 ],
        "texture" : "#15"
      },
      "up" : {
        "uv" : [ 2, 2, 14, 14 ],
        "texture" : "#15",
        "rotation" : 90
      },
      "down" : {
        "uv" : [ 2, 2, 14, 14 ],
        "texture" : "#15",
        "rotation" : 270
      }
    }
  }, {
    "from" : [ 1, -6, -14 ],
    "to" : [ 6, -6, -10 ],
    "faces" : {
      "east" : {
        "uv" : [ 4, 11, 12, 12 ],
        "texture" : "#15"
      },
      "south" : {
        "uv" : [ 4, 3, 5, 13 ],
        "texture" : "#15",
        "rotation" : 90
      },
      "north" : {
        "uv" : [ 5, 3, 4, 13 ],
        "texture" : "#15",
        "rotation" : 270
      },
      "west" : {
        "uv" : [ 4, 11, 12, 12 ],
        "texture" : "#15"
      },
      "up" : {
        "uv" : [ 4, 3, 12, 13 ],
        "texture" : "#15",
        "rotation" : 90
      }
    }
  }, {
    "from" : [ 2, -6, -13 ],
    "to" : [ 6, -3, -11 ],
    "faces" : {
      "east" : {
        "uv" : [ 6, 6, 10, 11 ],
        "texture" : "#15"
      },
      "south" : {
        "uv" : [ 5, 4, 10, 12 ],
        "texture" : "#15",
        "rotation" : 90
      },
      "north" : {
        "uv" : [ 10, 4, 5, 12 ],
        "texture" : "#15",
        "rotation" : 270
      },
      "west" : {
        "uv" : [ 6, 6, 10, 11 ],
        "texture" : "#15"
      }
    }
  }, {
    "from" : [ 0, -3, -15 ],
    "to" : [ 8, 0, -10 ],
    "faces" : {
      "east" : {
        "uv" : [ 3, 0, 13, 6 ],
        "texture" : "#15"
      },
      "south" : {
        "uv" : [ 10, 0, 16, 16 ],
        "texture" : "#15",
        "rotation" : 90
      },
      "north" : {
        "uv" : [ 16, 0, 10, 16 ],
        "texture" : "#15",
        "rotation" : 270
      },
      "west" : {
        "uv" : [ 3, 0, 13, 6 ],
        "texture" : "#15"
      },
      "up" : {
        "uv" : [ 3, 0, 13, 16 ],
        "texture" : "#16",
        "rotation" : 90
      },
      "down" : {
        "uv" : [ 3, 0, 13, 16 ],
        "texture" : "#15",
        "rotation" : 270
      }
    }
  }, {
    "from" : [ 17, -8, -15 ],
    "to" : [ 23, -6, -9 ],
    "faces" : {
      "east" : {
        "uv" : [ 2, 12, 14, 16 ],
        "texture" : "#15"
      },
      "south" : {
        "uv" : [ 0, 2, 4, 14 ],
        "texture" : "#15",
        "rotation" : 90
      },
      "north" : {
        "uv" : [ 4, 2, 0, 14 ],
        "texture" : "#15",
        "rotation" : 270
      },
      "west" : {
        "uv" : [ 2, 12, 14, 16 ],
        "texture" : "#15"
      },
      "up" : {
        "uv" : [ 2, 2, 14, 14 ],
        "texture" : "#15",
        "rotation" : 90
      },
      "down" : {
        "uv" : [ 2, 2, 14, 14 ],
        "texture" : "#15",
        "rotation" : 270
      }
    }
  }, {
    "from" : [ 17, -6, -14 ],
    "to" : [ 22, -6, -10 ],
    "faces" : {
      "east" : {
        "uv" : [ 4, 11, 12, 12 ],
        "texture" : "#15"
      },
      "south" : {
        "uv" : [ 4, 3, 5, 13 ],
        "texture" : "#15",
        "rotation" : 90
      },
      "north" : {
        "uv" : [ 5, 3, 4, 13 ],
        "texture" : "#15",
        "rotation" : 270
      },
      "west" : {
        "uv" : [ 4, 11, 12, 12 ],
        "texture" : "#15"
      },
      "up" : {
        "uv" : [ 4, 3, 12, 13 ],
        "texture" : "#15",
        "rotation" : 90
      }
    }
  }, {
    "from" : [ 18, -6, -13 ],
    "to" : [ 22, -3, -11 ],
    "faces" : {
      "east" : {
        "uv" : [ 6, 6, 10, 11 ],
        "texture" : "#15"
      },
      "south" : {
        "uv" : [ 5, 4, 10, 12 ],
        "texture" : "#15",
        "rotation" : 90
      },
      "north" : {
        "uv" : [ 10, 4, 5, 12 ],
        "texture" : "#15",
        "rotation" : 270
      },
      "west" : {
        "uv" : [ 6, 6, 10, 11 ],
        "texture" : "#15"
      }
    }
  }, {
    "from" : [ 16, -3, -15 ],
    "to" : [ 24, 0, -10 ],
    "faces" : {
      "east" : {
        "uv" : [ 3, 0, 13, 6 ],
        "texture" : "#15"
      },
      "south" : {
        "uv" : [ 10, 0, 16, 16 ],
        "texture" : "#15",
        "rotation" : 90
      },
      "north" : {
        "uv" : [ 16, 0, 10, 16 ],
        "texture" : "#15",
        "rotation" : 270
      },
      "west" : {
        "uv" : [ 3, 0, 13, 6 ],
        "texture" : "#15"
      },
      "up" : {
        "uv" : [ 3, 0, 13, 16 ],
        "texture" : "#16",
        "rotation" : 90
      },
      "down" : {
        "uv" : [ 3, 0, 13, 16 ],
        "texture" : "#15",
        "rotation" : 270
      }
    }
  }, {
    "from" : [ 25, -8, -15 ],
    "to" : [ 31, -6, -9 ],
    "faces" : {
      "east" : {
        "uv" : [ 2, 12, 14, 16 ],
        "texture" : "#15"
      },
      "south" : {
        "uv" : [ 0, 2, 4, 14 ],
        "texture" : "#15",
        "rotation" : 90
      },
      "north" : {
        "uv" : [ 4, 2, 0, 14 ],
        "texture" : "#15",
        "rotation" : 270
      },
      "west" : {
        "uv" : [ 2, 12, 14, 16 ],
        "texture" : "#15"
      },
      "up" : {
        "uv" : [ 2, 2, 14, 14 ],
        "texture" : "#15",
        "rotation" : 90
      },
      "down" : {
        "uv" : [ 2, 2, 14, 14 ],
        "texture" : "#15",
        "rotation" : 270
      }
    }
  }, {
    "from" : [ 25, -6, -14 ],
    "to" : [ 30, -6, -10 ],
    "faces" : {
      "east" : {
        "uv" : [ 4, 11, 12, 12 ],
        "texture" : "#15"
      },
      "south" : {
        "uv" : [ 4, 3, 5, 13 ],
        "texture" : "#15",
        "rotation" : 90
      },
      "north" : {
        "uv" : [ 5, 3, 4, 13 ],
        "texture" : "#15",
        "rotation" : 270
      },
      "west" : {
        "uv" : [ 4, 11, 12, 12 ],
        "texture" : "#15"
      },
      "up" : {
        "uv" : [ 4, 3, 12, 13 ],
        "texture" : "#15",
        "rotation" : 90
      }
    }
  }, {
    "from" : [ 26, -6, -13 ],
    "to" : [ 30, -3, -11 ],
    "faces" : {
      "east" : {
        "uv" : [ 6, 6, 10, 11 ],
        "texture" : "#15"
      },
      "south" : {
        "uv" : [ 5, 4, 10, 12 ],
        "texture" : "#15",
        "rotation" : 90
      },
      "north" : {
        "uv" : [ 10, 4, 5, 12 ],
        "texture" : "#15",
        "rotation" : 270
      },
      "west" : {
        "uv" : [ 6, 6, 10, 11 ],
        "texture" : "#15"
      }
    }
  }, {
    "from" : [ 24, -3, -15 ],
    "to" : [ 32, 0, -10 ],
    "faces" : {
      "east" : {
        "uv" : [ 3, 0, 13, 6 ],
        "texture" : "#15"
      },
      "south" : {
        "uv" : [ 10, 0, 16, 16 ],
        "texture" : "#15",
        "rotation" : 90
      },
      "north" : {
        "uv" : [ 16, 0, 10, 16 ],
        "texture" : "#15",
        "rotation" : 270
      },
      "west" : {
        "uv" : [ 3, 0, 13, 6 ],
        "texture" : "#15"
      },
      "up" : {
        "uv" : [ 3, 0, 13, 16 ],
        "texture" : "#16",
        "rotation" : 90
      },
      "down" : {
        "uv" : [ 3, 0, 13, 16 ],
        "texture" : "#15",
        "rotation" : 270
      }
    }
  }, {
    "from" : [ 8, 0, -16 ],
    "to" : [ 16, 4, -8 ],
    "faces" : {
      "east" : {
        "uv" : [ 0, 8, 16, 16 ],
        "texture" : "#1"
      },
      "south" : {
        "uv" : [ 0, 8, 16, 16 ],
        "texture" : "#1"
      },
      "north" : {
        "uv" : [ 0, 8, 16, 16 ],
        "texture" : "#1"
      },
      "west" : {
        "uv" : [ 0, 8, 16, 16 ],
        "texture" : "#1"
      },
      "up" : {
        "uv" : [ 0, 0, 16, 16 ],
        "texture" : "#1"
      }
    }
  } ],
  "display" : {
    "head" : {
      "translation" : [ 0.0, -43.25, 0.0 ],
      "scale" : [ 3.2, 3.2, 3.2 ]
    }
  }
}