{
  "textures" : {
    "11" : "block/weathered_cut_copper",
    "12" : "block/stone",
    "13" : "block/polished_andesite",
    "14" : "block/stone_bricks",
    "15" : "block/andesite",
    "16" : "block/anvil",
    "17" : "block/anvil_top",
    "18" : "block/soul_fire_0",
    "19" : "block/chain",
    "0" : "block/deepslate_tiles",
    "1" : "block/deepslate_bricks",
    "2" : "block/oxidized_copper",
    "3" : "block/weathered_copper",
    "4" : "block/polished_deepslate",
    "5" : "block/cobbled_deepslate",
    "6" : "block/deepslate",
    "7" : "block/deepslate_top",
    "8" : "block/polished_basalt_side",
    "9" : "block/polished_basalt_top",
    "10" : "block/soul_soil"
  },
  "elements" : [ {
    "from" : [ -16, -16, -16 ],
    "to" : [ -8, -8, -8 ],
    "faces" : {
      "east" : {
        "uv" : [ 0, 0, 16, 16 ],
        "texture" : "#1"
      },
      "south" : {
        "uv" : [ 0, 0, 16, 16 ],
        "texture" : "#1"
      },
      "north" : {
        "uv" : [ 0, 0, 16, 16 ],
        "texture" : "#1"
      },
      "west" : {
        "uv" : [ 0, 0, 16, 16 ],
        "texture" : "#1"
      },
      "up" : {
        "uv" : [ 0, 0, 16, 16 ],
        "texture" : "#1"
      },
      "down" : {
        "uv" : [ 0, 0, 16, 16 ],
        "texture" : "#1"
      }
    }
  }, {
    "from" : [ -16, -16, -8 ],
    "to" : [ -8, -8, 0 ],
    "faces" : {
      "east" : {
        "uv" : [ 0, 0, 16, 16 ],
        "texture" : "#1"
      },
      "south" : {
        "uv" : [ 0, 0, 16, 16 ],
        "texture" : "#1"
      },
      "north" : {
        "uv" : [ 0, 0, 16, 16 ],
        "texture" : "#1"
      },
      "west" : {
        "uv" : [ 0, 0, 16, 16 ],
        "texture" : "#1"
      },
      "up" : {
        "uv" : [ 0, 0, 16, 16 ],
        "texture" : "#1"
      },
      "down" : {
        "uv" : [ 0, 0, 16, 16 ],
        "texture" : "#1"
      }
    }
  }, {
    "from" : [ -16, -16, 0 ],
    "to" : [ -8, -8, 8 ],
    "faces" : {
      "east" : {
        "uv" : [ 0, 0, 16, 16 ],
        "texture" : "#1"
      },
      "south" : {
        "uv" : [ 0, 0, 16, 16 ],
        "texture" : "#1"
      },
      "north" : {
        "uv" : [ 0, 0, 16, 16 ],
        "texture" : "#1"
      },
      "west" : {
        "uv" : [ 0, 0, 16, 16 ],
        "texture" : "#1"
      },
      "up" : {
        "uv" : [ 0, 0, 16, 16 ],
        "texture" : "#1"
      },
      "down" : {
        "uv" : [ 0, 0, 16, 16 ],
        "texture" : "#1"
      }
    }
  }, {
    "from" : [ -16, -16, 8 ],
    "to" : [ -8, -8, 16 ],
    "faces" : {
      "east" : {
        "uv" : [ 0, 0, 16, 16 ],
        "texture" : "#1"
      },
      "south" : {
        "uv" : [ 0, 0, 16, 16 ],
        "texture" : "#1"
      },
      "north" : {
        "uv" : [ 0, 0, 16, 16 ],
        "texture" : "#1"
      },
      "west" : {
        "uv" : [ 0, 0, 16, 16 ],
        "texture" : "#1"
      },
      "down" : {
        "uv" : [ 0, 0, 16, 16 ],
        "texture" : "#1"
      }
    }
  }, {
    "from" : [ -16, -16, 16 ],
    "to" : [ -8, -8, 24 ],
    "faces" : {
      "east" : {
        "uv" : [ 0, 0, 16, 16 ],
        "texture" : "#1"
      },
      "south" : {
        "uv" : [ 0, 0, 16, 16 ],
        "texture" : "#1"
      },
      "north" : {
        "uv" : [ 0, 0, 16, 16 ],
        "texture" : "#1"
      },
      "west" : {
        "uv" : [ 0, 0, 16, 16 ],
        "texture" : "#1"
      },
      "up" : {
        "uv" : [ 0, 0, 16, 16 ],
        "texture" : "#1"
      },
      "down" : {
        "uv" : [ 0, 0, 16, 16 ],
        "texture" : "#1"
      }
    }
  }, {
    "from" : [ -16, -16, 24 ],
    "to" : [ -8, -8, 32 ],
    "faces" : {
      "east" : {
        "uv" : [ 0, 0, 16, 16 ],
        "texture" : "#1"
      },
      "south" : {
        "uv" : [ 0, 0, 16, 16 ],
        "texture" : "#1"
      },
      "north" : {
        "uv" : [ 0, 0, 16, 16 ],
        "texture" : "#1"
      },
      "west" : {
        "uv" : [ 0, 0, 16, 16 ],
        "texture" : "#1"
      },
      "up" : {
        "uv" : [ 0, 0, 16, 16 ],
        "texture" : "#1"
      },
      "down" : {
        "uv" : [ 0, 0, 16, 16 ],
        "texture" : "#1"
      }
    }
  }, {
    "from" : [ -16, -8, 8 ],
    "to" : [ -8, 0, 16 ],
    "faces" : {
      "east" : {
        "uv" : [ 0, 0, 16, 16 ],
        "texture" : "#8"
      },
      "south" : {
        "uv" : [ 0, 0, 16, 16 ],
        "texture" : "#8"
      },
      "north" : {
        "uv" : [ 0, 0, 16, 16 ],
        "texture" : "#8"
      },
      "west" : {
        "uv" : [ 0, 0, 16, 16 ],
        "texture" : "#8"
      },
      "up" : {
        "uv" : [ 0, 0, 16, 16 ],
        "texture" : "#9"
      },
      "down" : {
        "uv" : [ 0, 0, 16, 16 ],
        "texture" : "#9"
      }
    }
  }, {
    "from" : [ -8, -12, -16 ],
    "to" : [ 0, -8, -8 ],
    "faces" : {
      "east" : {
        "uv" : [ 0, 0, 16, 8 ],
        "texture" : "#14"
      },
      "west" : {
        "uv" : [ 0, 0, 16, 8 ],
        "texture" : "#14"
      },
      "up" : {
        "uv" : [ 0, 0, 16, 16 ],
        "texture" : "#14"
      },
      "down" : {
        "uv" : [ 0, 0, 16, 16 ],
        "texture" : "#14"
      }
    }
  }, {
    "from" : [ -8, -12, -8 ],
    "to" : [ 0, -8, 0 ],
    "faces" : {
      "east" : {
        "uv" : [ 0, 0, 16, 8 ],
        "texture" : "#12"
      },
      "west" : {
        "uv" : [ 0, 0, 16, 8 ],
        "texture" : "#12"
      },
      "up" : {
        "uv" : [ 0, 0, 16, 16 ],
        "texture" : "#12"
      },
      "down" : {
        "uv" : [ 0, 0, 16, 16 ],
        "texture" : "#12"
      }
    }
  }, {
    "from" : [ -8, -12, 0 ],
    "to" : [ 0, -8, 8 ],
    "faces" : {
      "east" : {
        "uv" : [ 0, 0, 16, 8 ],
        "texture" : "#15"
      },
      "west" : {
        "uv" : [ 0, 0, 16, 8 ],
        "texture" : "#15"
      },
      "up" : {
        "uv" : [ 0, 0, 16, 16 ],
        "texture" : "#15"
      },
      "down" : {
        "uv" : [ 0, 0, 16, 16 ],
        "texture" : "#15"
      }
    }
  }, {
    "from" : [ -8, -12, 8 ],
    "to" : [ 0, -8, 16 ],
    "faces" : {
      "east" : {
        "uv" : [ 0, 0, 16, 8 ],
        "texture" : "#14"
      },
      "west" : {
        "uv" : [ 0, 0, 16, 8 ],
        "texture" : "#14"
      },
      "up" : {
        "uv" : [ 0, 0, 16, 16 ],
        "texture" : "#14"
      },
      "down" : {
        "uv" : [ 0, 0, 16, 16 ],
        "texture" : "#14"
      }
    }
  }, {
    "from" : [ -8, -12, 16 ],
    "to" : [ 0, -8, 24 ],
    "faces" : {
      "east" : {
        "uv" : [ 0, 0, 16, 8 ],
        "texture" : "#13"
      },
      "west" : {
        "uv" : [ 0, 0, 16, 8 ],
        "texture" : "#13"
      },
      "up" : {
        "uv" : [ 0, 0, 16, 16 ],
        "texture" : "#13"
      },
      "down" : {
        "uv" : [ 0, 0, 16, 16 ],
        "texture" : "#13"
      }
    }
  }, {
    "from" : [ -8, -12, 24 ],
    "to" : [ 0, -8, 32 ],
    "faces" : {
      "east" : {
        "uv" : [ 0, 0, 16, 8 ],
        "texture" : "#12"
      },
      "west" : {
        "uv" : [ 0, 0, 16, 8 ],
        "texture" : "#12"
      },
      "up" : {
        "uv" : [ 0, 0, 16, 16 ],
        "texture" : "#12"
      },
      "down" : {
        "uv" : [ 0, 0, 16, 16 ],
        "texture" : "#12"
      }
    }
  }, {
    "from" : [ -15, -8, -15 ],
    "to" : [ -9, -6, -9 ],
    "faces" : {
      "east" : {
        "uv" : [ 0, 2, 4, 14 ],
        "texture" : "#16",
        "rotation" : 90
      },
      "south" : {
        "uv" : [ 2, 12, 14, 16 ],
        "texture" : "#16"
      },
      "north" : {
        "uv" : [ 2, 12, 14, 16 ],
        "texture" : "#16"
      },
      "west" : {
        "uv" : [ 4, 2, 0, 14 ],
        "texture" : "#16",
        "rotation" : 270
      },
      "up" : {
        "uv" : [ 2, 2, 14, 14 ],
        "texture" : "#16"
      },
      "down" : {
        "uv" : [ 2, 2, 14, 14 ],
        "texture" : "#16"
      }
    }
  }, {
    "from" : [ -14, -6, -15 ],
    "to" : [ -10, -6, -10 ],
    "faces" : {
      "east" : {
        "uv" : [ 4, 3, 5, 13 ],
        "texture" : "#16",
        "rotation" : 90
      },
      "south" : {
        "uv" : [ 4, 11, 12, 12 ],
        "texture" : "#16"
      },
      "north" : {
        "uv" : [ 4, 11, 12, 12 ],
        "texture" : "#16"
      },
      "west" : {
        "uv" : [ 5, 3, 4, 13 ],
        "texture" : "#16",
        "rotation" : 270
      },
      "up" : {
        "uv" : [ 4, 3, 12, 13 ],
        "texture" : "#16"
      }
    }
  }, {
    "from" : [ -13, -6, -14 ],
    "to" : [ -11, -3, -10 ],
    "faces" : {
      "east" : {
        "uv" : [ 5, 4, 10, 12 ],
        "texture" : "#16",
        "rotation" : 90
      },
      "south" : {
        "uv" : [ 6, 6, 10, 11 ],
        "texture" : "#16"
      },
      "north" : {
        "uv" : [ 6, 6, 10, 11 ],
        "texture" : "#16"
      },
      "west" : {
        "uv" : [ 10, 4, 5, 12 ],
        "texture" : "#16",
        "rotation" : 270
      }
    }
  }, {
    "from" : [ -15, -3, -16 ],
    "to" : [ -10, 0, -8 ],
    "faces" : {
      "east" : {
        "uv" : [ 10, 0, 16, 16 ],
        "texture" : "#16",
        "rotation" : 90
      },
      "south" : {
        "uv" : [ 3, 0, 13, 6 ],
        "texture" : "#16"
      },
      "north" : {
        "uv" : [ 3, 0, 13, 6 ],
        "texture" : "#16"
      },
      "west" : {
        "uv" : [ 16, 0, 10, 16 ],
        "texture" : "#16",
        "rotation" : 270
      },
      "up" : {
        "uv" : [ 3, 0, 13, 16 ],
        "texture" : "#17"
      },
      "down" : {
        "uv" : [ 3, 0, 13, 16 ],
        "texture" : "#16"
      }
    }
  }, {
    "from" : [ -15, -8, -7 ],
    "to" : [ -9, -6, -1 ],
    "faces" : {
      "east" : {
        "uv" : [ 0, 2, 4, 14 ],
        "texture" : "#16",
        "rotation" : 90
      },
      "south" : {
        "uv" : [ 2, 12, 14, 16 ],
        "texture" : "#16"
      },
      "north" : {
        "uv" : [ 2, 12, 14, 16 ],
        "texture" : "#16"
      },
      "west" : {
        "uv" : [ 4, 2, 0, 14 ],
        "texture" : "#16",
        "rotation" : 270
      },
      "up" : {
        "uv" : [ 2, 2, 14, 14 ],
        "texture" : "#16"
      },
      "down" : {
        "uv" : [ 2, 2, 14, 14 ],
        "texture" : "#16"
      }
    }
  }, {
    "from" : [ -14, -6, -7 ],
    "to" : [ -10, -6, -2 ],
    "faces" : {
      "east" : {
        "uv" : [ 4, 3, 5, 13 ],
        "texture" : "#16",
        "rotation" : 90
      },
      "south" : {
        "uv" : [ 4, 11, 12, 12 ],
        "texture" : "#16"
      },
      "north" : {
        "uv" : [ 4, 11, 12, 12 ],
        "texture" : "#16"
      },
      "west" : {
        "uv" : [ 5, 3, 4, 13 ],
        "texture" : "#16",
        "rotation" : 270
      },
      "up" : {
        "uv" : [ 4, 3, 12, 13 ],
        "texture" : "#16"
      }
    }
  }, {
    "from" : [ -13, -6, -6 ],
    "to" : [ -11, -3, -2 ],
    "faces" : {
      "east" : {
        "uv" : [ 5, 4, 10, 12 ],
        "texture" : "#16",
        "rotation" : 90
      },
      "south" : {
        "uv" : [ 6, 6, 10, 11 ],
        "texture" : "#16"
      },
      "north" : {
        "uv" : [ 6, 6, 10, 11 ],
        "texture" : "#16"
      },
      "west" : {
        "uv" : [ 10, 4, 5, 12 ],
        "texture" : "#16",
        "rotation" : 270
      }
    }
  }, {
    "from" : [ -15, -3, -8 ],
    "to" : [ -10, 0, 0 ],
    "faces" : {
      "east" : {
        "uv" : [ 10, 0, 16, 16 ],
        "texture" : "#16",
        "rotation" : 90
      },
      "south" : {
        "uv" : [ 3, 0, 13, 6 ],
        "texture" : "#16"
      },
      "north" : {
        "uv" : [ 3, 0, 13, 6 ],
        "texture" : "#16"
      },
      "west" : {
        "uv" : [ 16, 0, 10, 16 ],
        "texture" : "#16",
        "rotation" : 270
      },
      "up" : {
        "uv" : [ 3, 0, 13, 16 ],
        "texture" : "#17"
      },
      "down" : {
        "uv" : [ 3, 0, 13, 16 ],
        "texture" : "#16"
      }
    }
  }, {
    "from" : [ -15, -8, 1 ],
    "to" : [ -9, -6, 7 ],
    "faces" : {
      "east" : {
        "uv" : [ 0, 2, 4, 14 ],
        "texture" : "#16",
        "rotation" : 90
      },
      "south" : {
        "uv" : [ 2, 12, 14, 16 ],
        "texture" : "#16"
      },
      "north" : {
        "uv" : [ 2, 12, 14, 16 ],
        "texture" : "#16"
      },
      "west" : {
        "uv" : [ 4, 2, 0, 14 ],
        "texture" : "#16",
        "rotation" : 270
      },
      "up" : {
        "uv" : [ 2, 2, 14, 14 ],
        "texture" : "#16"
      },
      "down" : {
        "uv" : [ 2, 2, 14, 14 ],
        "texture" : "#16"
      }
    }
  }, {
    "from" : [ -14, -6, 1 ],
    "to" : [ -10, -6, 6 ],
    "faces" : {
      "east" : {
        "uv" : [ 4, 3, 5, 13 ],
        "texture" : "#16",
        "rotation" : 90
      },
      "south" : {
        "uv" : [ 4, 11, 12, 12 ],
        "texture" : "#16"
      },
      "north" : {
        "uv" : [ 4, 11, 12, 12 ],
        "texture" : "#16"
      },
      "west" : {
        "uv" : [ 5, 3, 4, 13 ],
        "texture" : "#16",
        "rotation" : 270
      },
      "up" : {
        "uv" : [ 4, 3, 12, 13 ],
        "texture" : "#16"
      }
    }
  }, {
    "from" : [ -13, -6, 2 ],
    "to" : [ -11, -3, 6 ],
    "faces" : {
      "east" : {
        "uv" : [ 5, 4, 10, 12 ],
        "texture" : "#16",
        "rotation" : 90
      },
      "south" : {
        "uv" : [ 6, 6, 10, 11 ],
        "texture" : "#16"
      },
      "north" : {
        "uv" : [ 6, 6, 10, 11 ],
        "texture" : "#16"
      },
      "west" : {
        "uv" : [ 10, 4, 5, 12 ],
        "texture" : "#16",
        "rotation" : 270
      }
    }
  }, {
    "from" : [ -15, -3, 0 ],
    "to" : [ -10, 0, 8 ],
    "faces" : {
      "east" : {
        "uv" : [ 10, 0, 16, 16 ],
        "texture" : "#16",
        "rotation" : 90
      },
      "south" : {
        "uv" : [ 3, 0, 13, 6 ],
        "texture" : "#16"
      },
      "north" : {
        "uv" : [ 3, 0, 13, 6 ],
        "texture" : "#16"
      },
      "west" : {
        "uv" : [ 16, 0, 10, 16 ],
        "texture" : "#16",
        "rotation" : 270
      },
      "up" : {
        "uv" : [ 3, 0, 13, 16 ],
        "texture" : "#17"
      },
      "down" : {
        "uv" : [ 3, 0, 13, 16 ],
        "texture" : "#16"
      }
    }
  }, {
    "from" : [ -15, -8, 17 ],
    "to" : [ -9, -6, 23 ],
    "faces" : {
      "east" : {
        "uv" : [ 0, 2, 4, 14 ],
        "texture" : "#16",
        "rotation" : 90
      },
      "south" : {
        "uv" : [ 2, 12, 14, 16 ],
        "texture" : "#16"
      },
      "north" : {
        "uv" : [ 2, 12, 14, 16 ],
        "texture" : "#16"
      },
      "west" : {
        "uv" : [ 4, 2, 0, 14 ],
        "texture" : "#16",
        "rotation" : 270
      },
      "up" : {
        "uv" : [ 2, 2, 14, 14 ],
        "texture" : "#16"
      },
      "down" : {
        "uv" : [ 2, 2, 14, 14 ],
        "texture" : "#16"
      }
    }
  }, {
    "from" : [ -14, -6, 17 ],
    "to" : [ -10, -6, 22 ],
    "faces" : {
      "east" : {
        "uv" : [ 4, 3, 5, 13 ],
        "texture" : "#16",
        "rotation" : 90
      },
      "south" : {
        "uv" : [ 4, 11, 12, 12 ],
        "texture" : "#16"
      },
      "north" : {
        "uv" : [ 4, 11, 12, 12 ],
        "texture" : "#16"
      },
      "west" : {
        "uv" : [ 5, 3, 4, 13 ],
        "texture" : "#16",
        "rotation" : 270
      },
      "up" : {
        "uv" : [ 4, 3, 12, 13 ],
        "texture" : "#16"
      }
    }
  }, {
    "from" : [ -13, -6, 18 ],
    "to" : [ -11, -3, 22 ],
    "faces" : {
      "east" : {
        "uv" : [ 5, 4, 10, 12 ],
        "texture" : "#16",
        "rotation" : 90
      },
      "south" : {
        "uv" : [ 6, 6, 10, 11 ],
        "texture" : "#16"
      },
      "north" : {
        "uv" : [ 6, 6, 10, 11 ],
        "texture" : "#16"
      },
      "west" : {
        "uv" : [ 10, 4, 5, 12 ],
        "texture" : "#16",
        "rotation" : 270
      }
    }
  }, {
    "from" : [ -15, -3, 16 ],
    "to" : [ -10, 0, 24 ],
    "faces" : {
      "east" : {
        "uv" : [ 10, 0, 16, 16 ],
        "texture" : "#16",
        "rotation" : 90
      },
      "south" : {
        "uv" : [ 3, 0, 13, 6 ],
        "texture" : "#16"
      },
      "north" : {
        "uv" : [ 3, 0, 13, 6 ],
        "texture" : "#16"
      },
      "west" : {
        "uv" : [ 16, 0, 10, 16 ],
        "texture" : "#16",
        "rotation" : 270
      },
      "up" : {
        "uv" : [ 3, 0, 13, 16 ],
        "texture" : "#17"
      },
      "down" : {
        "uv" : [ 3, 0, 13, 16 ],
        "texture" : "#16"
      }
    }
  }, {
    "from" : [ -15, -8, 25 ],
    "to" : [ -9, -6, 31 ],
    "faces" : {
      "east" : {
        "uv" : [ 0, 2, 4, 14 ],
        "texture" : "#16",
        "rotation" : 90
      },
      "south" : {
        "uv" : [ 2, 12, 14, 16 ],
        "texture" : "#16"
      },
      "north" : {
        "uv" : [ 2, 12, 14, 16 ],
        "texture" : "#16"
      },
      "west" : {
        "uv" : [ 4, 2, 0, 14 ],
        "texture" : "#16",
        "rotation" : 270
      },
      "up" : {
        "uv" : [ 2, 2, 14, 14 ],
        "texture" : "#16"
      },
      "down" : {
        "uv" : [ 2, 2, 14, 14 ],
        "texture" : "#16"
      }
    }
  }, {
    "from" : [ -14, -6, 25 ],
    "to" : [ -10, -6, 30 ],
    "faces" : {
      "east" : {
        "uv" : [ 4, 3, 5, 13 ],
        "texture" : "#16",
        "rotation" : 90
      },
      "south" : {
        "uv" : [ 4, 11, 12, 12 ],
        "texture" : "#16"
      },
      "north" : {
        "uv" : [ 4, 11, 12, 12 ],
        "texture" : "#16"
      },
      "west" : {
        "uv" : [ 5, 3, 4, 13 ],
        "texture" : "#16",
        "rotation" : 270
      },
      "up" : {
        "uv" : [ 4, 3, 12, 13 ],
        "texture" : "#16"
      }
    }
  }, {
    "from" : [ -13, -6, 26 ],
    "to" : [ -11, -3, 30 ],
    "faces" : {
      "east" : {
        "uv" : [ 5, 4, 10, 12 ],
        "texture" : "#16",
        "rotation" : 90
      },
      "south" : {
        "uv" : [ 6, 6, 10, 11 ],
        "texture" : "#16"
      },
      "north" : {
        "uv" : [ 6, 6, 10, 11 ],
        "texture" : "#16"
      },
      "west" : {
        "uv" : [ 10, 4, 5, 12 ],
        "texture" : "#16",
        "rotation" : 270
      }
    }
  }, {
    "from" : [ -15, -3, 24 ],
    "to" : [ -10, 0, 32 ],
    "faces" : {
      "east" : {
        "uv" : [ 10, 0, 16, 16 ],
        "texture" : "#16",
        "rotation" : 90
      },
      "south" : {
        "uv" : [ 3, 0, 13, 6 ],
        "texture" : "#16"
      },
      "north" : {
        "uv" : [ 3, 0, 13, 6 ],
        "texture" : "#16"
      },
      "west" : {
        "uv" : [ 16, 0, 10, 16 ],
        "texture" : "#16",
        "rotation" : 270
      },
      "up" : {
        "uv" : [ 3, 0, 13, 16 ],
        "texture" : "#17"
      },
      "down" : {
        "uv" : [ 3, 0, 13, 16 ],
        "texture" : "#16"
      }
    }
  }, {
    "from" : [ -16, 0, 8 ],
    "to" : [ -8, 4, 16 ],
    "faces" : {
      "east" : {
        "uv" : [ 0, 8, 16, 16 ],
        "texture" : "#1"
      },
      "south" : {
        "uv" : [ 0, 8, 16, 16 ],
        "texture" : "#1"
      },
      "north" : {
        "uv" : [ 0, 8, 16, 16 ],
        "texture" : "#1"
      },
      "west" : {
        "uv" : [ 0, 8, 16, 16 ],
        "texture" : "#1"
      },
      "up" : {
        "uv" : [ 0, 0, 16, 16 ],
        "texture" : "#1"
      }
    }
  } ],
  "display" : {
    "head" : {
      "translation" : [ 0.0, -43.25, 0.0 ],
      "scale" : [ 3.2, 3.2, 3.2 ]
    }
  }
}