{
  "textures" : {
    "11" : "block/weathered_cut_copper",
    "12" : "block/stone_bricks",
    "13" : "block/polished_andesite",
    "14" : "block/andesite",
    "15" : "block/stone",
    "16" : "block/anvil",
    "17" : "block/anvil_top",
    "18" : "block/soul_fire_0",
    "19" : "block/chain",
    "0" : "block/deepslate_tiles",
    "1" : "block/deepslate_bricks",
    "2" : "block/weathered_copper",
    "3" : "block/polished_deepslate",
    "4" : "block/oxidized_copper",
    "5" : "block/deepslate",
    "6" : "block/deepslate_top",
    "7" : "block/cobbled_deepslate",
    "8" : "block/polished_basalt_side",
    "9" : "block/polished_basalt_top",
    "10" : "block/soul_soil"
  },
  "elements" : [ {
    "from" : [ -8, -16, -8 ],
    "to" : [ 0, -8, 0 ],
    "faces" : {
      "east" : {
        "uv" : [ 0, 0, 16, 16 ],
        "texture" : "#8"
      },
      "south" : {
        "uv" : [ 0, 0, 16, 16 ],
        "texture" : "#8"
      },
      "north" : {
        "uv" : [ 0, 0, 16, 16 ],
        "texture" : "#8"
      },
      "west" : {
        "uv" : [ 0, 0, 16, 16 ],
        "texture" : "#8"
      }
    }
  }, {
    "from" : [ 0, -16, -16 ],
    "to" : [ 8, -8, -8 ],
    "faces" : {
      "east" : {
        "uv" : [ 0, 0, 16, 16 ],
        "texture" : "#1"
      },
      "south" : {
        "uv" : [ 0, 0, 16, 16 ],
        "texture" : "#1"
      },
      "north" : {
        "uv" : [ 0, 0, 16, 16 ],
        "texture" : "#1"
      },
      "west" : {
        "uv" : [ 0, 0, 16, 16 ],
        "texture" : "#1"
      },
      "up" : {
        "uv" : [ 0, 0, 16, 16 ],
        "texture" : "#1"
      },
      "down" : {
        "uv" : [ 0, 0, 16, 16 ],
        "texture" : "#1"
      }
    }
  }, {
    "from" : [ 0, -16, -8 ],
    "to" : [ 8, -8, 0 ],
    "faces" : {
      "east" : {
        "uv" : [ 0, 0, 16, 16 ],
        "texture" : "#7"
      },
      "south" : {
        "uv" : [ 0, 0, 16, 16 ],
        "texture" : "#7"
      },
      "north" : {
        "uv" : [ 0, 0, 16, 16 ],
        "texture" : "#7"
      },
      "up" : {
        "uv" : [ 0, 0, 16, 16 ],
        "texture" : "#7"
      },
      "down" : {
        "uv" : [ 0, 0, 16, 16 ],
        "texture" : "#7"
      }
    }
  }, {
    "from" : [ 0, -16, 0 ],
    "to" : [ 8, -8, 8 ],
    "faces" : {
      "east" : {
        "uv" : [ 0, 0, 16, 16 ],
        "texture" : "#1"
      },
      "south" : {
        "uv" : [ 0, 0, 16, 16 ],
        "texture" : "#1"
      },
      "north" : {
        "uv" : [ 0, 0, 16, 16 ],
        "texture" : "#1"
      },
      "west" : {
        "uv" : [ 0, 0, 16, 16 ],
        "texture" : "#1"
      },
      "down" : {
        "uv" : [ 0, 0, 16, 16 ],
        "texture" : "#1"
      }
    }
  }, {
    "from" : [ 0, -16, 8 ],
    "to" : [ 8, -8, 16 ],
    "faces" : {
      "east" : {
        "uv" : [ 0, 0, 16, 16 ],
        "texture" : "#1"
      },
      "south" : {
        "uv" : [ 0, 0, 16, 16 ],
        "texture" : "#1"
      },
      "north" : {
        "uv" : [ 0, 0, 16, 16 ],
        "texture" : "#1"
      },
      "west" : {
        "uv" : [ 0, 0, 16, 16 ],
        "texture" : "#1"
      },
      "up" : {
        "uv" : [ 0, 0, 16, 16 ],
        "texture" : "#1"
      },
      "down" : {
        "uv" : [ 0, 0, 16, 16 ],
        "texture" : "#1"
      }
    }
  }, {
    "from" : [ 0, -16, 16 ],
    "to" : [ 8, -8, 24 ],
    "faces" : {
      "east" : {
        "uv" : [ 0, 0, 16, 16 ],
        "texture" : "#1"
      },
      "south" : {
        "uv" : [ 0, 0, 16, 16 ],
        "texture" : "#1"
      },
      "north" : {
        "uv" : [ 0, 0, 16, 16 ],
        "texture" : "#1"
      },
      "west" : {
        "uv" : [ 0, 0, 16, 16 ],
        "texture" : "#1"
      },
      "up" : {
        "uv" : [ 0, 0, 16, 16 ],
        "texture" : "#1"
      },
      "down" : {
        "uv" : [ 0, 0, 16, 16 ],
        "texture" : "#1"
      }
    }
  }, {
    "from" : [ 0, -16, 24 ],
    "to" : [ 8, -8, 32 ],
    "faces" : {
      "east" : {
        "uv" : [ 0, 0, 16, 16 ],
        "texture" : "#1"
      },
      "south" : {
        "uv" : [ 0, 0, 16, 16 ],
        "texture" : "#1"
      },
      "north" : {
        "uv" : [ 0, 0, 16, 16 ],
        "texture" : "#1"
      },
      "west" : {
        "uv" : [ 0, 0, 16, 16 ],
        "texture" : "#1"
      },
      "down" : {
        "uv" : [ 0, 0, 16, 16 ],
        "texture" : "#1"
      }
    }
  }, {
    "from" : [ 8, -16, -16 ],
    "to" : [ 16, -8, -8 ],
    "faces" : {
      "east" : {
        "uv" : [ 0, 0, 16, 16 ],
        "texture" : "#1"
      },
      "south" : {
        "uv" : [ 0, 0, 16, 16 ],
        "texture" : "#1"
      },
      "north" : {
        "uv" : [ 0, 0, 16, 16 ],
        "texture" : "#1"
      },
      "west" : {
        "uv" : [ 0, 0, 16, 16 ],
        "texture" : "#1"
      },
      "up" : {
        "uv" : [ 0, 0, 16, 16 ],
        "texture" : "#1"
      },
      "down" : {
        "uv" : [ 0, 0, 16, 16 ],
        "texture" : "#1"
      }
    }
  }, {
    "from" : [ 8, -16, -8 ],
    "to" : [ 16, -8, 0 ],
    "faces" : {
      "east" : {
        "uv" : [ 0, 0, 16, 16 ],
        "texture" : "#7"
      },
      "south" : {
        "uv" : [ 0, 0, 16, 16 ],
        "texture" : "#7"
      },
      "north" : {
        "uv" : [ 0, 0, 16, 16 ],
        "texture" : "#7"
      },
      "west" : {
        "uv" : [ 0, 0, 16, 16 ],
        "texture" : "#7"
      },
      "up" : {
        "uv" : [ 0, 0, 16, 16 ],
        "texture" : "#7"
      },
      "down" : {
        "uv" : [ 0, 0, 16, 16 ],
        "texture" : "#7"
      }
    }
  }, {
    "from" : [ 8, -16, 0 ],
    "to" : [ 16, -8, 8 ],
    "faces" : {
      "east" : {
        "uv" : [ 0, 0, 16, 16 ],
        "texture" : "#5"
      },
      "south" : {
        "uv" : [ 0, 0, 16, 16 ],
        "texture" : "#5"
      },
      "north" : {
        "uv" : [ 0, 0, 16, 16 ],
        "texture" : "#5"
      },
      "west" : {
        "uv" : [ 0, 0, 16, 16 ],
        "texture" : "#5"
      },
      "up" : {
        "uv" : [ 0, 0, 16, 16 ],
        "texture" : "#6"
      },
      "down" : {
        "uv" : [ 0, 0, 16, 16 ],
        "texture" : "#6"
      }
    }
  }, {
    "from" : [ 8, -16, 8 ],
    "to" : [ 16, -8, 16 ],
    "faces" : {
      "east" : {
        "uv" : [ 0, 0, 16, 16 ],
        "texture" : "#7"
      },
      "south" : {
        "uv" : [ 0, 0, 16, 16 ],
        "texture" : "#7"
      },
      "north" : {
        "uv" : [ 0, 0, 16, 16 ],
        "texture" : "#7"
      },
      "west" : {
        "uv" : [ 0, 0, 16, 16 ],
        "texture" : "#7"
      },
      "up" : {
        "uv" : [ 0, 0, 16, 16 ],
        "texture" : "#7"
      },
      "down" : {
        "uv" : [ 0, 0, 16, 16 ],
        "texture" : "#7"
      }
    }
  }, {
    "from" : [ 8, -16, 16 ],
    "to" : [ 16, -8, 24 ],
    "faces" : {
      "east" : {
        "uv" : [ 0, 0, 16, 16 ],
        "texture" : "#7"
      },
      "south" : {
        "uv" : [ 0, 0, 16, 16 ],
        "texture" : "#7"
      },
      "north" : {
        "uv" : [ 0, 0, 16, 16 ],
        "texture" : "#7"
      },
      "west" : {
        "uv" : [ 0, 0, 16, 16 ],
        "texture" : "#7"
      },
      "up" : {
        "uv" : [ 0, 0, 16, 16 ],
        "texture" : "#7"
      },
      "down" : {
        "uv" : [ 0, 0, 16, 16 ],
        "texture" : "#7"
      }
    }
  }, {
    "from" : [ 8, -16, 24 ],
    "to" : [ 16, -8, 32 ],
    "faces" : {
      "east" : {
        "uv" : [ 0, 0, 16, 16 ],
        "texture" : "#7"
      },
      "south" : {
        "uv" : [ 0, 0, 16, 16 ],
        "texture" : "#7"
      },
      "north" : {
        "uv" : [ 0, 0, 16, 16 ],
        "texture" : "#7"
      },
      "west" : {
        "uv" : [ 0, 0, 16, 16 ],
        "texture" : "#7"
      },
      "up" : {
        "uv" : [ 0, 0, 16, 16 ],
        "texture" : "#7"
      },
      "down" : {
        "uv" : [ 0, 0, 16, 16 ],
        "texture" : "#7"
      }
    }
  }, {
    "from" : [ 16, -16, -16 ],
    "to" : [ 24, -8, -8 ],
    "faces" : {
      "east" : {
        "uv" : [ 0, 0, 16, 16 ],
        "texture" : "#0"
      },
      "south" : {
        "uv" : [ 0, 0, 16, 16 ],
        "texture" : "#0"
      },
      "north" : {
        "uv" : [ 0, 0, 16, 16 ],
        "texture" : "#0"
      },
      "west" : {
        "uv" : [ 0, 0, 16, 16 ],
        "texture" : "#0"
      },
      "up" : {
        "uv" : [ 0, 0, 16, 16 ],
        "texture" : "#0"
      },
      "down" : {
        "uv" : [ 0, 0, 16, 16 ],
        "texture" : "#0"
      }
    }
  }, {
    "from" : [ 16, -16, -8 ],
    "to" : [ 24, -8, 0 ],
    "faces" : {
      "east" : {
        "uv" : [ 0, 0, 16, 16 ],
        "texture" : "#5"
      },
      "south" : {
        "uv" : [ 0, 0, 16, 16 ],
        "texture" : "#5"
      },
      "north" : {
        "uv" : [ 0, 0, 16, 16 ],
        "texture" : "#5"
      },
      "west" : {
        "uv" : [ 0, 0, 16, 16 ],
        "texture" : "#5"
      },
      "up" : {
        "uv" : [ 0, 0, 16, 16 ],
        "texture" : "#6"
      },
      "down" : {
        "uv" : [ 0, 0, 16, 16 ],
        "texture" : "#6"
      }
    }
  }, {
    "from" : [ 16, -16, 0 ],
    "to" : [ 24, -8, 8 ],
    "faces" : {
      "east" : {
        "uv" : [ 0, 0, 16, 16 ],
        "texture" : "#5"
      },
      "south" : {
        "uv" : [ 0, 0, 16, 16 ],
        "texture" : "#5"
      },
      "north" : {
        "uv" : [ 0, 0, 16, 16 ],
        "texture" : "#5"
      },
      "west" : {
        "uv" : [ 0, 0, 16, 16 ],
        "texture" : "#5"
      },
      "up" : {
        "uv" : [ 0, 0, 16, 16 ],
        "texture" : "#6"
      },
      "down" : {
        "uv" : [ 0, 0, 16, 16 ],
        "texture" : "#6"
      }
    }
  }, {
    "from" : [ 16, -16, 8 ],
    "to" : [ 24, -8, 16 ],
    "faces" : {
      "east" : {
        "uv" : [ 0, 0, 16, 16 ],
        "texture" : "#7"
      },
      "south" : {
        "uv" : [ 0, 0, 16, 16 ],
        "texture" : "#7"
      },
      "north" : {
        "uv" : [ 0, 0, 16, 16 ],
        "texture" : "#7"
      },
      "west" : {
        "uv" : [ 0, 0, 16, 16 ],
        "texture" : "#7"
      },
      "up" : {
        "uv" : [ 0, 0, 16, 16 ],
        "texture" : "#7"
      },
      "down" : {
        "uv" : [ 0, 0, 16, 16 ],
        "texture" : "#7"
      }
    }
  }, {
    "from" : [ 16, -16, 16 ],
    "to" : [ 24, -8, 24 ],
    "faces" : {
      "east" : {
        "uv" : [ 0, 0, 16, 16 ],
        "texture" : "#7"
      },
      "south" : {
        "uv" : [ 0, 0, 16, 16 ],
        "texture" : "#7"
      },
      "north" : {
        "uv" : [ 0, 0, 16, 16 ],
        "texture" : "#7"
      },
      "west" : {
        "uv" : [ 0, 0, 16, 16 ],
        "texture" : "#7"
      },
      "up" : {
        "uv" : [ 0, 0, 16, 16 ],
        "texture" : "#7"
      },
      "down" : {
        "uv" : [ 0, 0, 16, 16 ],
        "texture" : "#7"
      }
    }
  }, {
    "from" : [ 16, -16, 24 ],
    "to" : [ 24, -8, 32 ],
    "faces" : {
      "east" : {
        "uv" : [ 0, 0, 16, 16 ],
        "texture" : "#5"
      },
      "south" : {
        "uv" : [ 0, 0, 16, 16 ],
        "texture" : "#5"
      },
      "north" : {
        "uv" : [ 0, 0, 16, 16 ],
        "texture" : "#5"
      },
      "west" : {
        "uv" : [ 0, 0, 16, 16 ],
        "texture" : "#5"
      },
      "up" : {
        "uv" : [ 0, 0, 16, 16 ],
        "texture" : "#6"
      },
      "down" : {
        "uv" : [ 0, 0, 16, 16 ],
        "texture" : "#6"
      }
    }
  }, {
    "from" : [ 24, -16, -16 ],
    "to" : [ 32, -8, -8 ],
    "faces" : {
      "east" : {
        "uv" : [ 0, 0, 16, 16 ],
        "texture" : "#7"
      },
      "south" : {
        "uv" : [ 0, 0, 16, 16 ],
        "texture" : "#7"
      },
      "north" : {
        "uv" : [ 0, 0, 16, 16 ],
        "texture" : "#7"
      },
      "west" : {
        "uv" : [ 0, 0, 16, 16 ],
        "texture" : "#7"
      },
      "up" : {
        "uv" : [ 0, 0, 16, 16 ],
        "texture" : "#7"
      },
      "down" : {
        "uv" : [ 0, 0, 16, 16 ],
        "texture" : "#7"
      }
    }
  }, {
    "from" : [ 24, -16, -8 ],
    "to" : [ 32, -8, 0 ],
    "faces" : {
      "east" : {
        "uv" : [ 0, 0, 16, 16 ],
        "texture" : "#5"
      },
      "south" : {
        "uv" : [ 0, 0, 16, 16 ],
        "texture" : "#5"
      },
      "north" : {
        "uv" : [ 0, 0, 16, 16 ],
        "texture" : "#5"
      },
      "west" : {
        "uv" : [ 0, 0, 16, 16 ],
        "texture" : "#5"
      },
      "up" : {
        "uv" : [ 0, 0, 16, 16 ],
        "texture" : "#6"
      },
      "down" : {
        "uv" : [ 0, 0, 16, 16 ],
        "texture" : "#6"
      }
    }
  }, {
    "from" : [ 24, -16, 0 ],
    "to" : [ 32, -8, 8 ],
    "faces" : {
      "east" : {
        "uv" : [ 0, 0, 16, 16 ],
        "texture" : "#5"
      },
      "south" : {
        "uv" : [ 0, 0, 16, 16 ],
        "texture" : "#5"
      },
      "north" : {
        "uv" : [ 0, 0, 16, 16 ],
        "texture" : "#5"
      },
      "west" : {
        "uv" : [ 0, 0, 16, 16 ],
        "texture" : "#5"
      },
      "up" : {
        "uv" : [ 0, 0, 16, 16 ],
        "texture" : "#6"
      },
      "down" : {
        "uv" : [ 0, 0, 16, 16 ],
        "texture" : "#6"
      }
    }
  }, {
    "from" : [ 24, -16, 8 ],
    "to" : [ 32, -8, 16 ],
    "faces" : {
      "east" : {
        "uv" : [ 0, 0, 16, 16 ],
        "texture" : "#7"
      },
      "south" : {
        "uv" : [ 0, 0, 16, 16 ],
        "texture" : "#7"
      },
      "north" : {
        "uv" : [ 0, 0, 16, 16 ],
        "texture" : "#7"
      },
      "west" : {
        "uv" : [ 0, 0, 16, 16 ],
        "texture" : "#7"
      },
      "up" : {
        "uv" : [ 0, 0, 16, 16 ],
        "texture" : "#7"
      },
      "down" : {
        "uv" : [ 0, 0, 16, 16 ],
        "texture" : "#7"
      }
    }
  }, {
    "from" : [ 24, -16, 16 ],
    "to" : [ 32, -8, 24 ],
    "faces" : {
      "east" : {
        "uv" : [ 0, 0, 16, 16 ],
        "texture" : "#7"
      },
      "south" : {
        "uv" : [ 0, 0, 16, 16 ],
        "texture" : "#7"
      },
      "north" : {
        "uv" : [ 0, 0, 16, 16 ],
        "texture" : "#7"
      },
      "west" : {
        "uv" : [ 0, 0, 16, 16 ],
        "texture" : "#7"
      },
      "up" : {
        "uv" : [ 0, 0, 16, 16 ],
        "texture" : "#7"
      },
      "down" : {
        "uv" : [ 0, 0, 16, 16 ],
        "texture" : "#7"
      }
    }
  }, {
    "from" : [ 24, -16, 24 ],
    "to" : [ 32, -8, 32 ],
    "faces" : {
      "east" : {
        "uv" : [ 0, 0, 16, 16 ],
        "texture" : "#7"
      },
      "south" : {
        "uv" : [ 0, 0, 16, 16 ],
        "texture" : "#7"
      },
      "north" : {
        "uv" : [ 0, 0, 16, 16 ],
        "texture" : "#7"
      },
      "west" : {
        "uv" : [ 0, 0, 16, 16 ],
        "texture" : "#7"
      },
      "down" : {
        "uv" : [ 0, 0, 16, 16 ],
        "texture" : "#7"
      }
    }
  }, {
    "from" : [ -8, -8, -8 ],
    "to" : [ 0, 0, 0 ],
    "faces" : {
      "east" : {
        "uv" : [ 0, 0, 16, 16 ],
        "texture" : "#8"
      },
      "south" : {
        "uv" : [ 0, 0, 16, 16 ],
        "texture" : "#8"
      },
      "north" : {
        "uv" : [ 0, 0, 16, 16 ],
        "texture" : "#8"
      },
      "west" : {
        "uv" : [ 0, 0, 16, 16 ],
        "texture" : "#8"
      },
      "up" : {
        "uv" : [ 0, 0, 16, 16 ],
        "texture" : "#9"
      }
    }
  }, {
    "from" : [ 0, -8, 0 ],
    "to" : [ 8, 0, 8 ],
    "faces" : {
      "east" : {
        "uv" : [ 0, 0, 16, 16 ],
        "texture" : "#8"
      },
      "south" : {
        "uv" : [ 0, 0, 16, 16 ],
        "texture" : "#8"
      },
      "north" : {
        "uv" : [ 0, 0, 16, 16 ],
        "texture" : "#8"
      },
      "west" : {
        "uv" : [ 0, 0, 16, 16 ],
        "texture" : "#8"
      },
      "up" : {
        "uv" : [ 0, 0, 16, 16 ],
        "texture" : "#9"
      },
      "down" : {
        "uv" : [ 0, 0, 16, 16 ],
        "texture" : "#9"
      }
    }
  }, {
    "from" : [ 0, -8, 24 ],
    "to" : [ 8, 0, 32 ],
    "faces" : {
      "east" : {
        "uv" : [ 0, 0, 16, 16 ],
        "texture" : "#8"
      },
      "south" : {
        "uv" : [ 0, 0, 16, 16 ],
        "texture" : "#8"
      },
      "north" : {
        "uv" : [ 0, 0, 16, 16 ],
        "texture" : "#8"
      },
      "west" : {
        "uv" : [ 0, 0, 16, 16 ],
        "texture" : "#8"
      },
      "up" : {
        "uv" : [ 0, 0, 16, 16 ],
        "texture" : "#9"
      },
      "down" : {
        "uv" : [ 0, 0, 16, 16 ],
        "texture" : "#9"
      }
    }
  }, {
    "from" : [ 24, -8, 24 ],
    "to" : [ 32, 0, 32 ],
    "faces" : {
      "east" : {
        "uv" : [ 0, 0, 16, 16 ],
        "texture" : "#8"
      },
      "south" : {
        "uv" : [ 0, 0, 16, 16 ],
        "texture" : "#8"
      },
      "north" : {
        "uv" : [ 0, 0, 16, 16 ],
        "texture" : "#8"
      },
      "west" : {
        "uv" : [ 0, 0, 16, 16 ],
        "texture" : "#8"
      },
      "down" : {
        "uv" : [ 0, 0, 16, 16 ],
        "texture" : "#9"
      }
    }
  }, {
    "from" : [ 24, 0, 24 ],
    "to" : [ 32, 8, 32 ],
    "faces" : {
      "east" : {
        "uv" : [ 0, 0, 16, 16 ],
        "texture" : "#8"
      },
      "south" : {
        "uv" : [ 0, 0, 16, 16 ],
        "texture" : "#8"
      },
      "north" : {
        "uv" : [ 0, 0, 16, 16 ],
        "texture" : "#8"
      },
      "west" : {
        "uv" : [ 0, 0, 16, 16 ],
        "texture" : "#8"
      },
      "up" : {
        "uv" : [ 0, 0, 16, 16 ],
        "texture" : "#9"
      }
    }
  }, {
    "from" : [ -15, -16, -7 ],
    "to" : [ -9, -14, -1 ],
    "faces" : {
      "east" : {
        "uv" : [ 2, 12, 14, 16 ],
        "texture" : "#16"
      },
      "south" : {
        "uv" : [ 0, 2, 4, 14 ],
        "texture" : "#16",
        "rotation" : 90
      },
      "north" : {
        "uv" : [ 4, 2, 0, 14 ],
        "texture" : "#16",
        "rotation" : 270
      },
      "west" : {
        "uv" : [ 2, 12, 14, 16 ],
        "texture" : "#16"
      },
      "up" : {
        "uv" : [ 2, 2, 14, 14 ],
        "texture" : "#16",
        "rotation" : 90
      },
      "down" : {
        "uv" : [ 2, 2, 14, 14 ],
        "texture" : "#16",
        "rotation" : 270
      }
    }
  }, {
    "from" : [ -15, -14, -6 ],
    "to" : [ -10, -14, -2 ],
    "faces" : {
      "east" : {
        "uv" : [ 4, 11, 12, 12 ],
        "texture" : "#16"
      },
      "south" : {
        "uv" : [ 4, 3, 5, 13 ],
        "texture" : "#16",
        "rotation" : 90
      },
      "north" : {
        "uv" : [ 5, 3, 4, 13 ],
        "texture" : "#16",
        "rotation" : 270
      },
      "west" : {
        "uv" : [ 4, 11, 12, 12 ],
        "texture" : "#16"
      },
      "up" : {
        "uv" : [ 4, 3, 12, 13 ],
        "texture" : "#16",
        "rotation" : 90
      }
    }
  }, {
    "from" : [ -14, -14, -5 ],
    "to" : [ -10, -11, -3 ],
    "faces" : {
      "east" : {
        "uv" : [ 6, 6, 10, 11 ],
        "texture" : "#16"
      },
      "south" : {
        "uv" : [ 5, 4, 10, 12 ],
        "texture" : "#16",
        "rotation" : 90
      },
      "north" : {
        "uv" : [ 10, 4, 5, 12 ],
        "texture" : "#16",
        "rotation" : 270
      },
      "west" : {
        "uv" : [ 6, 6, 10, 11 ],
        "texture" : "#16"
      }
    }
  }, {
    "from" : [ -16, -11, -6 ],
    "to" : [ -8, -8, -1 ],
    "faces" : {
      "east" : {
        "uv" : [ 3, 0, 13, 6 ],
        "texture" : "#16"
      },
      "south" : {
        "uv" : [ 10, 0, 16, 16 ],
        "texture" : "#16",
        "rotation" : 90
      },
      "north" : {
        "uv" : [ 16, 0, 10, 16 ],
        "texture" : "#16",
        "rotation" : 270
      },
      "west" : {
        "uv" : [ 3, 0, 13, 6 ],
        "texture" : "#16"
      },
      "up" : {
        "uv" : [ 3, 0, 13, 16 ],
        "texture" : "#17",
        "rotation" : 90
      },
      "down" : {
        "uv" : [ 3, 0, 13, 16 ],
        "texture" : "#16",
        "rotation" : 270
      }
    }
  }, {
    "from" : [ -8, -16, -16 ],
    "to" : [ 0, -12, -8 ],
    "faces" : {
      "east" : {
        "uv" : [ 0, 8, 16, 16 ],
        "texture" : "#1"
      },
      "north" : {
        "uv" : [ 0, 8, 16, 16 ],
        "texture" : "#1"
      },
      "west" : {
        "uv" : [ 0, 8, 16, 16 ],
        "texture" : "#1"
      },
      "up" : {
        "uv" : [ 0, 0, 16, 16 ],
        "texture" : "#1"
      },
      "down" : {
        "uv" : [ 0, 0, 16, 16 ],
        "texture" : "#1"
      }
    }
  }, {
    "from" : [ -8, -12, 0 ],
    "to" : [ 0, -8, 8 ],
    "faces" : {
      "east" : {
        "uv" : [ 0, 0, 16, 8 ],
        "texture" : "#14"
      },
      "west" : {
        "uv" : [ 0, 0, 16, 8 ],
        "texture" : "#14"
      },
      "up" : {
        "uv" : [ 0, 0, 16, 16 ],
        "texture" : "#14"
      },
      "down" : {
        "uv" : [ 0, 0, 16, 16 ],
        "texture" : "#14"
      }
    }
  }, {
    "from" : [ -8, -12, 8 ],
    "to" : [ 0, -8, 16 ],
    "faces" : {
      "east" : {
        "uv" : [ 0, 0, 16, 8 ],
        "texture" : "#15"
      },
      "west" : {
        "uv" : [ 0, 0, 16, 8 ],
        "texture" : "#15"
      },
      "up" : {
        "uv" : [ 0, 0, 16, 16 ],
        "texture" : "#15"
      },
      "down" : {
        "uv" : [ 0, 0, 16, 16 ],
        "texture" : "#15"
      }
    }
  }, {
    "from" : [ -8, -12, 16 ],
    "to" : [ 0, -8, 24 ],
    "faces" : {
      "east" : {
        "uv" : [ 0, 0, 16, 8 ],
        "texture" : "#13"
      },
      "west" : {
        "uv" : [ 0, 0, 16, 8 ],
        "texture" : "#13"
      },
      "up" : {
        "uv" : [ 0, 0, 16, 16 ],
        "texture" : "#13"
      },
      "down" : {
        "uv" : [ 0, 0, 16, 16 ],
        "texture" : "#13"
      }
    }
  }, {
    "from" : [ -8, -12, 24 ],
    "to" : [ 0, -8, 32 ],
    "faces" : {
      "east" : {
        "uv" : [ 0, 0, 16, 8 ],
        "texture" : "#12"
      },
      "west" : {
        "uv" : [ 0, 0, 16, 8 ],
        "texture" : "#12"
      },
      "up" : {
        "uv" : [ 0, 0, 16, 16 ],
        "texture" : "#12"
      },
      "down" : {
        "uv" : [ 0, 0, 16, 16 ],
        "texture" : "#12"
      }
    }
  }, {
    "from" : [ 1, -8, 9 ],
    "to" : [ 7, -6, 15 ],
    "faces" : {
      "east" : {
        "uv" : [ 4, 2, 0, 14 ],
        "texture" : "#16",
        "rotation" : 270
      },
      "south" : {
        "uv" : [ 2, 12, 14, 16 ],
        "texture" : "#16"
      },
      "north" : {
        "uv" : [ 2, 12, 14, 16 ],
        "texture" : "#16"
      },
      "west" : {
        "uv" : [ 0, 2, 4, 14 ],
        "texture" : "#16",
        "rotation" : 90
      },
      "up" : {
        "uv" : [ 2, 2, 14, 14 ],
        "texture" : "#16",
        "rotation" : 180
      },
      "down" : {
        "uv" : [ 2, 2, 14, 14 ],
        "texture" : "#16",
        "rotation" : 180
      }
    }
  }, {
    "from" : [ 2, -6, 9 ],
    "to" : [ 6, -6, 14 ],
    "faces" : {
      "east" : {
        "uv" : [ 5, 3, 4, 13 ],
        "texture" : "#16",
        "rotation" : 270
      },
      "south" : {
        "uv" : [ 4, 11, 12, 12 ],
        "texture" : "#16"
      },
      "north" : {
        "uv" : [ 4, 11, 12, 12 ],
        "texture" : "#16"
      },
      "west" : {
        "uv" : [ 4, 3, 5, 13 ],
        "texture" : "#16",
        "rotation" : 90
      },
      "up" : {
        "uv" : [ 4, 3, 12, 13 ],
        "texture" : "#16",
        "rotation" : 180
      }
    }
  }, {
    "from" : [ 3, -6, 10 ],
    "to" : [ 5, -3, 14 ],
    "faces" : {
      "east" : {
        "uv" : [ 10, 4, 5, 12 ],
        "texture" : "#16",
        "rotation" : 270
      },
      "south" : {
        "uv" : [ 6, 6, 10, 11 ],
        "texture" : "#16"
      },
      "north" : {
        "uv" : [ 6, 6, 10, 11 ],
        "texture" : "#16"
      },
      "west" : {
        "uv" : [ 5, 4, 10, 12 ],
        "texture" : "#16",
        "rotation" : 90
      }
    }
  }, {
    "from" : [ 1, -3, 8 ],
    "to" : [ 6, 0, 16 ],
    "faces" : {
      "east" : {
        "uv" : [ 16, 0, 10, 16 ],
        "texture" : "#16",
        "rotation" : 270
      },
      "south" : {
        "uv" : [ 3, 0, 13, 6 ],
        "texture" : "#16"
      },
      "north" : {
        "uv" : [ 3, 0, 13, 6 ],
        "texture" : "#16"
      },
      "west" : {
        "uv" : [ 10, 0, 16, 16 ],
        "texture" : "#16",
        "rotation" : 90
      },
      "up" : {
        "uv" : [ 3, 0, 13, 16 ],
        "texture" : "#17",
        "rotation" : 180
      },
      "down" : {
        "uv" : [ 3, 0, 13, 16 ],
        "texture" : "#16",
        "rotation" : 180
      }
    }
  }, {
    "from" : [ 1, -8, 17 ],
    "to" : [ 7, -6, 23 ],
    "faces" : {
      "east" : {
        "uv" : [ 4, 2, 0, 14 ],
        "texture" : "#16",
        "rotation" : 270
      },
      "south" : {
        "uv" : [ 2, 12, 14, 16 ],
        "texture" : "#16"
      },
      "north" : {
        "uv" : [ 2, 12, 14, 16 ],
        "texture" : "#16"
      },
      "west" : {
        "uv" : [ 0, 2, 4, 14 ],
        "texture" : "#16",
        "rotation" : 90
      },
      "up" : {
        "uv" : [ 2, 2, 14, 14 ],
        "texture" : "#16",
        "rotation" : 180
      },
      "down" : {
        "uv" : [ 2, 2, 14, 14 ],
        "texture" : "#16",
        "rotation" : 180
      }
    }
  }, {
    "from" : [ 2, -6, 17 ],
    "to" : [ 6, -6, 22 ],
    "faces" : {
      "east" : {
        "uv" : [ 5, 3, 4, 13 ],
        "texture" : "#16",
        "rotation" : 270
      },
      "south" : {
        "uv" : [ 4, 11, 12, 12 ],
        "texture" : "#16"
      },
      "north" : {
        "uv" : [ 4, 11, 12, 12 ],
        "texture" : "#16"
      },
      "west" : {
        "uv" : [ 4, 3, 5, 13 ],
        "texture" : "#16",
        "rotation" : 90
      },
      "up" : {
        "uv" : [ 4, 3, 12, 13 ],
        "texture" : "#16",
        "rotation" : 180
      }
    }
  }, {
    "from" : [ 3, -6, 18 ],
    "to" : [ 5, -3, 22 ],
    "faces" : {
      "east" : {
        "uv" : [ 10, 4, 5, 12 ],
        "texture" : "#16",
        "rotation" : 270
      },
      "south" : {
        "uv" : [ 6, 6, 10, 11 ],
        "texture" : "#16"
      },
      "north" : {
        "uv" : [ 6, 6, 10, 11 ],
        "texture" : "#16"
      },
      "west" : {
        "uv" : [ 5, 4, 10, 12 ],
        "texture" : "#16",
        "rotation" : 90
      }
    }
  }, {
    "from" : [ 1, -3, 16 ],
    "to" : [ 6, 0, 24 ],
    "faces" : {
      "east" : {
        "uv" : [ 16, 0, 10, 16 ],
        "texture" : "#16",
        "rotation" : 270
      },
      "south" : {
        "uv" : [ 3, 0, 13, 6 ],
        "texture" : "#16"
      },
      "north" : {
        "uv" : [ 3, 0, 13, 6 ],
        "texture" : "#16"
      },
      "west" : {
        "uv" : [ 10, 0, 16, 16 ],
        "texture" : "#16",
        "rotation" : 90
      },
      "up" : {
        "uv" : [ 3, 0, 13, 16 ],
        "texture" : "#17",
        "rotation" : 180
      },
      "down" : {
        "uv" : [ 3, 0, 13, 16 ],
        "texture" : "#16",
        "rotation" : 180
      }
    }
  }, {
    "from" : [ -8, 0, -8 ],
    "to" : [ 0, 4, 0 ],
    "faces" : {
      "east" : {
        "uv" : [ 0, 8, 16, 16 ],
        "texture" : "#7"
      },
      "south" : {
        "uv" : [ 0, 8, 16, 16 ],
        "texture" : "#7"
      },
      "north" : {
        "uv" : [ 0, 8, 16, 16 ],
        "texture" : "#7"
      },
      "west" : {
        "uv" : [ 0, 8, 16, 16 ],
        "texture" : "#7"
      },
      "up" : {
        "uv" : [ 0, 0, 16, 16 ],
        "texture" : "#7"
      }
    }
  }, {
    "from" : [ 0, 0, 0 ],
    "to" : [ 8, 4, 8 ],
    "faces" : {
      "east" : {
        "uv" : [ 0, 8, 16, 16 ],
        "texture" : "#7"
      },
      "south" : {
        "uv" : [ 0, 8, 16, 16 ],
        "texture" : "#7"
      },
      "north" : {
        "uv" : [ 0, 8, 16, 16 ],
        "texture" : "#7"
      },
      "west" : {
        "uv" : [ 0, 8, 16, 16 ],
        "texture" : "#7"
      },
      "up" : {
        "uv" : [ 0, 0, 16, 16 ],
        "texture" : "#7"
      }
    }
  }, {
    "from" : [ 0, 0, 24 ],
    "to" : [ 8, 4, 32 ],
    "faces" : {
      "east" : {
        "uv" : [ 0, 8, 16, 16 ],
        "texture" : "#1"
      },
      "south" : {
        "uv" : [ 0, 8, 16, 16 ],
        "texture" : "#1"
      },
      "north" : {
        "uv" : [ 0, 8, 16, 16 ],
        "texture" : "#1"
      },
      "west" : {
        "uv" : [ 0, 8, 16, 16 ],
        "texture" : "#1"
      },
      "up" : {
        "uv" : [ 0, 0, 16, 16 ],
        "texture" : "#1"
      }
    }
  }, {
    "from" : [ 24, 8, 24 ],
    "to" : [ 32, 12, 32 ],
    "faces" : {
      "east" : {
        "uv" : [ 0, 8, 16, 16 ],
        "texture" : "#0"
      },
      "south" : {
        "uv" : [ 0, 8, 16, 16 ],
        "texture" : "#0"
      },
      "north" : {
        "uv" : [ 0, 8, 16, 16 ],
        "texture" : "#0"
      },
      "west" : {
        "uv" : [ 0, 8, 16, 16 ],
        "texture" : "#0"
      },
      "up" : {
        "uv" : [ 0, 0, 16, 16 ],
        "texture" : "#0"
      }
    }
  } ],
  "display" : {
    "head" : {
      "translation" : [ 0.0, -43.25, 0.0 ],
      "scale" : [ 3.2, 3.2, 3.2 ]
    }
  }
}