{
  "textures" : {
    "22" : "block/cauldron_inner",
    "23" : "block/cauldron_bottom",
    "24" : "block/water_still",
    "25" : "block/chain",
    "10" : "block/soul_soil",
    "11" : "block/oxidized_cut_copper",
    "12" : "block/weathered_cut_copper",
    "13" : "block/stone",
    "14" : "block/andesite",
    "15" : "block/stone_bricks",
    "16" : "block/polished_andesite",
    "17" : "block/anvil",
    "18" : "block/anvil_top",
    "19" : "block/soul_fire_0",
    "0" : "block/deepslate_tiles",
    "1" : "block/deepslate_bricks",
    "2" : "block/oxidized_copper",
    "3" : "block/polished_deepslate",
    "4" : "block/weathered_copper",
    "5" : "block/cobbled_deepslate",
    "6" : "block/deepslate",
    "7" : "block/deepslate_top",
    "8" : "block/polished_basalt_side",
    "9" : "block/polished_basalt_top",
    "20" : "block/cauldron_side",
    "21" : "block/cauldron_top"
  },
  "elements" : [ {
    "from" : [ -16, 8, 8 ],
    "to" : [ -8, 16, 16 ],
    "faces" : {
      "east" : {
        "uv" : [ 0, 0, 16, 16 ],
        "texture" : "#8"
      },
      "south" : {
        "uv" : [ 0, 0, 16, 16 ],
        "texture" : "#8"
      },
      "north" : {
        "uv" : [ 0, 0, 16, 16 ],
        "texture" : "#8"
      },
      "up" : {
        "uv" : [ 0, 0, 16, 16 ],
        "texture" : "#9"
      },
      "down" : {
        "uv" : [ 0, 0, 16, 16 ],
        "texture" : "#9"
      }
    }
  }, {
    "from" : [ -16, 16, 0 ],
    "to" : [ -8, 24, 8 ],
    "faces" : {
      "east" : {
        "uv" : [ 0, 0, 16, 16 ],
        "texture" : "#3"
      },
      "south" : {
        "uv" : [ 0, 0, 16, 16 ],
        "texture" : "#3"
      },
      "north" : {
        "uv" : [ 0, 0, 16, 16 ],
        "texture" : "#3"
      },
      "west" : {
        "uv" : [ 0, 0, 16, 16 ],
        "texture" : "#3"
      },
      "up" : {
        "uv" : [ 0, 0, 16, 16 ],
        "texture" : "#3"
      },
      "down" : {
        "uv" : [ 0, 0, 16, 16 ],
        "texture" : "#3"
      }
    }
  }, {
    "from" : [ -16, 16, 16 ],
    "to" : [ -8, 24, 24 ],
    "faces" : {
      "east" : {
        "uv" : [ 0, 0, 16, 16 ],
        "texture" : "#3"
      },
      "south" : {
        "uv" : [ 0, 0, 16, 16 ],
        "texture" : "#3"
      },
      "north" : {
        "uv" : [ 0, 0, 16, 16 ],
        "texture" : "#3"
      },
      "west" : {
        "uv" : [ 0, 0, 16, 16 ],
        "texture" : "#3"
      },
      "up" : {
        "uv" : [ 0, 0, 16, 16 ],
        "texture" : "#3"
      },
      "down" : {
        "uv" : [ 0, 0, 16, 16 ],
        "texture" : "#3"
      }
    }
  }, {
    "from" : [ -16, 24, 8 ],
    "to" : [ -8, 32, 16 ],
    "faces" : {
      "east" : {
        "uv" : [ 0, 0, 16, 16 ],
        "texture" : "#0"
      },
      "south" : {
        "uv" : [ 0, 0, 16, 16 ],
        "texture" : "#0"
      },
      "north" : {
        "uv" : [ 0, 0, 16, 16 ],
        "texture" : "#0"
      },
      "west" : {
        "uv" : [ 0, 0, 16, 16 ],
        "texture" : "#0"
      },
      "up" : {
        "uv" : [ 0, 0, 16, 16 ],
        "texture" : "#0"
      },
      "down" : {
        "uv" : [ 0, 0, 16, 16 ],
        "texture" : "#0"
      }
    }
  }, {
    "from" : [ -14, -16, 10 ],
    "to" : [ -10, -8, 14 ],
    "faces" : {
      "east" : {
        "uv" : [ 4, 0, 12, 16 ],
        "texture" : "#3"
      },
      "south" : {
        "uv" : [ 4, 0, 12, 16 ],
        "texture" : "#3"
      },
      "north" : {
        "uv" : [ 4, 0, 12, 16 ],
        "texture" : "#3"
      },
      "west" : {
        "uv" : [ 4, 0, 12, 16 ],
        "texture" : "#3"
      },
      "up" : {
        "uv" : [ 4, 4, 12, 12 ],
        "texture" : "#3"
      }
    }
  }, {
    "from" : [ -16, -16, 10 ],
    "to" : [ -12, -8, 13 ],
    "faces" : {
      "south" : {
        "uv" : [ 0, 0, 8, 16 ],
        "texture" : "#3"
      },
      "north" : {
        "uv" : [ 8, 0, 16, 16 ],
        "texture" : "#3"
      },
      "west" : {
        "uv" : [ 5, 0, 11, 16 ],
        "texture" : "#3"
      },
      "up" : {
        "uv" : [ 0, 5, 8, 11 ],
        "texture" : "#3"
      }
    }
  }, {
    "from" : [ -14, -8, 10 ],
    "to" : [ -10, 0, 14 ],
    "faces" : {
      "east" : {
        "uv" : [ 4, 0, 12, 16 ],
        "texture" : "#3"
      },
      "south" : {
        "uv" : [ 4, 0, 12, 16 ],
        "texture" : "#3"
      },
      "north" : {
        "uv" : [ 4, 0, 12, 16 ],
        "texture" : "#3"
      },
      "west" : {
        "uv" : [ 4, 0, 12, 16 ],
        "texture" : "#3"
      },
      "up" : {
        "uv" : [ 4, 4, 12, 12 ],
        "texture" : "#3"
      },
      "down" : {
        "uv" : [ 4, 4, 12, 12 ],
        "texture" : "#3"
      }
    }
  }, {
    "from" : [ -16, -8, 10 ],
    "to" : [ -12, 0, 13 ],
    "faces" : {
      "south" : {
        "uv" : [ 0, 0, 8, 16 ],
        "texture" : "#3"
      },
      "north" : {
        "uv" : [ 8, 0, 16, 16 ],
        "texture" : "#3"
      },
      "west" : {
        "uv" : [ 5, 0, 11, 16 ],
        "texture" : "#3"
      },
      "up" : {
        "uv" : [ 0, 5, 8, 11 ],
        "texture" : "#3"
      },
      "down" : {
        "uv" : [ 0, 5, 8, 11 ],
        "texture" : "#3"
      }
    }
  }, {
    "from" : [ -14, 0, 10 ],
    "to" : [ -10, 8, 14 ],
    "faces" : {
      "east" : {
        "uv" : [ 4, 0, 12, 16 ],
        "texture" : "#3"
      },
      "south" : {
        "uv" : [ 4, 0, 12, 16 ],
        "texture" : "#3"
      },
      "north" : {
        "uv" : [ 4, 0, 12, 16 ],
        "texture" : "#3"
      },
      "west" : {
        "uv" : [ 4, 0, 12, 16 ],
        "texture" : "#3"
      },
      "down" : {
        "uv" : [ 4, 4, 12, 12 ],
        "texture" : "#3"
      }
    }
  }, {
    "from" : [ -16, 0, 10 ],
    "to" : [ -12, 8, 13 ],
    "faces" : {
      "south" : {
        "uv" : [ 0, 0, 8, 16 ],
        "texture" : "#3"
      },
      "north" : {
        "uv" : [ 8, 0, 16, 16 ],
        "texture" : "#3"
      },
      "west" : {
        "uv" : [ 5, 0, 11, 16 ],
        "texture" : "#3"
      },
      "down" : {
        "uv" : [ 0, 5, 8, 11 ],
        "texture" : "#3"
      }
    }
  }, {
    "from" : [ -14, 8, 2 ],
    "to" : [ -10, 16, 6 ],
    "faces" : {
      "east" : {
        "uv" : [ 4, 0, 12, 16 ],
        "texture" : "#1"
      },
      "south" : {
        "uv" : [ 4, 0, 12, 16 ],
        "texture" : "#1"
      },
      "north" : {
        "uv" : [ 4, 0, 12, 16 ],
        "texture" : "#1"
      },
      "west" : {
        "uv" : [ 4, 0, 12, 16 ],
        "texture" : "#1"
      },
      "up" : {
        "uv" : [ 4, 4, 12, 12 ],
        "texture" : "#1"
      },
      "down" : {
        "uv" : [ 4, 4, 12, 12 ],
        "texture" : "#1"
      }
    }
  }, {
    "from" : [ -14, 8, 4 ],
    "to" : [ -11, 16, 8 ],
    "faces" : {
      "east" : {
        "uv" : [ 0, 0, 8, 16 ],
        "texture" : "#1"
      },
      "west" : {
        "uv" : [ 8, 0, 16, 16 ],
        "texture" : "#1"
      },
      "up" : {
        "uv" : [ 5, 8, 11, 16 ],
        "texture" : "#1"
      },
      "down" : {
        "uv" : [ 5, 0, 11, 8 ],
        "texture" : "#1"
      }
    }
  }, {
    "from" : [ -16, 8, 2 ],
    "to" : [ -12, 16, 5 ],
    "faces" : {
      "south" : {
        "uv" : [ 0, 0, 8, 16 ],
        "texture" : "#1"
      },
      "north" : {
        "uv" : [ 8, 0, 16, 16 ],
        "texture" : "#1"
      },
      "up" : {
        "uv" : [ 0, 5, 8, 11 ],
        "texture" : "#1"
      },
      "down" : {
        "uv" : [ 0, 5, 8, 11 ],
        "texture" : "#1"
      }
    }
  }, {
    "from" : [ -14, 8, 18 ],
    "to" : [ -10, 16, 22 ],
    "faces" : {
      "east" : {
        "uv" : [ 4, 0, 12, 16 ],
        "texture" : "#1"
      },
      "south" : {
        "uv" : [ 4, 0, 12, 16 ],
        "texture" : "#1"
      },
      "north" : {
        "uv" : [ 4, 0, 12, 16 ],
        "texture" : "#1"
      },
      "west" : {
        "uv" : [ 4, 0, 12, 16 ],
        "texture" : "#1"
      },
      "up" : {
        "uv" : [ 4, 4, 12, 12 ],
        "texture" : "#1"
      },
      "down" : {
        "uv" : [ 4, 4, 12, 12 ],
        "texture" : "#1"
      }
    }
  }, {
    "from" : [ -14, 8, 16 ],
    "to" : [ -11, 16, 20 ],
    "faces" : {
      "east" : {
        "uv" : [ 8, 0, 16, 16 ],
        "texture" : "#1"
      },
      "west" : {
        "uv" : [ 0, 0, 8, 16 ],
        "texture" : "#1"
      },
      "up" : {
        "uv" : [ 5, 0, 11, 8 ],
        "texture" : "#1"
      },
      "down" : {
        "uv" : [ 5, 8, 11, 16 ],
        "texture" : "#1"
      }
    }
  }, {
    "from" : [ -16, 8, 18 ],
    "to" : [ -12, 16, 21 ],
    "faces" : {
      "south" : {
        "uv" : [ 0, 0, 8, 16 ],
        "texture" : "#1"
      },
      "north" : {
        "uv" : [ 8, 0, 16, 16 ],
        "texture" : "#1"
      },
      "up" : {
        "uv" : [ 0, 5, 8, 11 ],
        "texture" : "#1"
      },
      "down" : {
        "uv" : [ 0, 5, 8, 11 ],
        "texture" : "#1"
      }
    }
  }, {
    "from" : [ -16, 16, 8 ],
    "to" : [ -8, 20, 16 ],
    "faces" : {
      "east" : {
        "uv" : [ 0, 8, 16, 16 ],
        "texture" : "#3"
      },
      "south" : {
        "uv" : [ 0, 8, 16, 16 ],
        "texture" : "#3"
      },
      "north" : {
        "uv" : [ 0, 8, 16, 16 ],
        "texture" : "#3"
      },
      "west" : {
        "uv" : [ 0, 8, 16, 16 ],
        "texture" : "#3"
      },
      "up" : {
        "uv" : [ 0, 0, 16, 16 ],
        "texture" : "#3"
      }
    }
  }, {
    "from" : [ -16, 24, 0 ],
    "to" : [ -8, 28, 8 ],
    "faces" : {
      "east" : {
        "uv" : [ 0, 8, 16, 16 ],
        "texture" : "#0"
      },
      "south" : {
        "uv" : [ 0, 8, 16, 16 ],
        "texture" : "#0"
      },
      "north" : {
        "uv" : [ 0, 8, 16, 16 ],
        "texture" : "#0"
      },
      "west" : {
        "uv" : [ 0, 8, 16, 16 ],
        "texture" : "#0"
      },
      "up" : {
        "uv" : [ 0, 0, 16, 16 ],
        "texture" : "#0"
      },
      "down" : {
        "uv" : [ 0, 0, 16, 16 ],
        "texture" : "#0"
      }
    }
  }, {
    "from" : [ -16, 24, 16 ],
    "to" : [ -8, 28, 24 ],
    "faces" : {
      "east" : {
        "uv" : [ 0, 8, 16, 16 ],
        "texture" : "#0"
      },
      "south" : {
        "uv" : [ 0, 8, 16, 16 ],
        "texture" : "#0"
      },
      "north" : {
        "uv" : [ 0, 8, 16, 16 ],
        "texture" : "#0"
      },
      "west" : {
        "uv" : [ 0, 8, 16, 16 ],
        "texture" : "#0"
      },
      "up" : {
        "uv" : [ 0, 0, 16, 16 ],
        "texture" : "#0"
      },
      "down" : {
        "uv" : [ 0, 0, 16, 16 ],
        "texture" : "#0"
      }
    }
  } ],
  "display" : {
    "head" : {
      "translation" : [ 0.0, -43.25, 0.0 ],
      "scale" : [ 3.2, 3.2, 3.2 ]
    }
  }
}