{
  "textures" : {
    "11" : "block/stone_bricks",
    "12" : "block/andesite",
    "13" : "block/polished_andesite",
    "14" : "block/stone",
    "15" : "block/anvil",
    "16" : "block/anvil_top",
    "17" : "block/soul_fire_0",
    "18" : "block/chain",
    "0" : "block/deepslate_tiles",
    "1" : "block/deepslate_bricks",
    "2" : "block/oxidized_copper",
    "3" : "block/weathered_copper",
    "4" : "block/polished_deepslate",
    "5" : "block/deepslate",
    "6" : "block/deepslate_top",
    "7" : "block/cobbled_deepslate",
    "8" : "block/polished_basalt_side",
    "9" : "block/polished_basalt_top",
    "10" : "block/soul_soil"
  },
  "elements" : [ {
    "from" : [ -8, -16, 24 ],
    "to" : [ 0, -8, 32 ],
    "faces" : {
      "east" : {
        "uv" : [ 0, 0, 16, 16 ],
        "texture" : "#2"
      },
      "south" : {
        "uv" : [ 0, 0, 16, 16 ],
        "texture" : "#2"
      },
      "north" : {
        "uv" : [ 0, 0, 16, 16 ],
        "texture" : "#2"
      },
      "west" : {
        "uv" : [ 0, 0, 16, 16 ],
        "texture" : "#2"
      },
      "up" : {
        "uv" : [ 0, 0, 16, 16 ],
        "texture" : "#2"
      },
      "down" : {
        "uv" : [ 0, 0, 16, 16 ],
        "texture" : "#2"
      }
    }
  }, {
    "from" : [ -8, -8, 24 ],
    "to" : [ 0, 0, 32 ],
    "faces" : {
      "east" : {
        "uv" : [ 0, 0, 16, 16 ],
        "texture" : "#3"
      },
      "south" : {
        "uv" : [ 0, 0, 16, 16 ],
        "texture" : "#3"
      },
      "north" : {
        "uv" : [ 0, 0, 16, 16 ],
        "texture" : "#3"
      },
      "west" : {
        "uv" : [ 0, 0, 16, 16 ],
        "texture" : "#3"
      },
      "up" : {
        "uv" : [ 0, 0, 16, 16 ],
        "texture" : "#3"
      },
      "down" : {
        "uv" : [ 0, 0, 16, 16 ],
        "texture" : "#3"
      }
    }
  }, {
    "from" : [ -8, 0, 24 ],
    "to" : [ 0, 8, 32 ],
    "faces" : {
      "east" : {
        "uv" : [ 0, 0, 16, 16 ],
        "texture" : "#2"
      },
      "south" : {
        "uv" : [ 0, 0, 16, 16 ],
        "texture" : "#2"
      },
      "north" : {
        "uv" : [ 0, 0, 16, 16 ],
        "texture" : "#2"
      },
      "west" : {
        "uv" : [ 0, 0, 16, 16 ],
        "texture" : "#2"
      },
      "down" : {
        "uv" : [ 0, 0, 16, 16 ],
        "texture" : "#2"
      }
    }
  }, {
    "from" : [ -16, 8, 24 ],
    "to" : [ -8, 16, 32 ],
    "faces" : {
      "south" : {
        "uv" : [ 0, 0, 16, 16 ],
        "texture" : "#8"
      },
      "north" : {
        "uv" : [ 0, 0, 16, 16 ],
        "texture" : "#8"
      },
      "west" : {
        "uv" : [ 0, 0, 16, 16 ],
        "texture" : "#8"
      },
      "up" : {
        "uv" : [ 0, 0, 16, 16 ],
        "texture" : "#9"
      },
      "down" : {
        "uv" : [ 0, 0, 16, 16 ],
        "texture" : "#9"
      }
    }
  }, {
    "from" : [ -8, 8, 16 ],
    "to" : [ 0, 16, 24 ],
    "faces" : {
      "east" : {
        "uv" : [ 0, 0, 16, 16 ],
        "texture" : "#8"
      },
      "north" : {
        "uv" : [ 0, 0, 16, 16 ],
        "texture" : "#8"
      },
      "west" : {
        "uv" : [ 0, 0, 16, 16 ],
        "texture" : "#8"
      },
      "up" : {
        "uv" : [ 0, 0, 16, 16 ],
        "texture" : "#9"
      },
      "down" : {
        "uv" : [ 0, 0, 16, 16 ],
        "texture" : "#9"
      }
    }
  }, {
    "from" : [ -8, 8, 24 ],
    "to" : [ 0, 16, 32 ],
    "faces" : {
      "up" : {
        "uv" : [ 0, 0, 16, 16 ],
        "texture" : "#10"
      },
      "down" : {
        "uv" : [ 0, 0, 16, 16 ],
        "texture" : "#10"
      }
    }
  }, {
    "from" : [ 0, 8, 24 ],
    "to" : [ 8, 16, 32 ],
    "faces" : {
      "east" : {
        "uv" : [ 0, 0, 16, 16 ],
        "texture" : "#8"
      },
      "south" : {
        "uv" : [ 0, 0, 16, 16 ],
        "texture" : "#8"
      },
      "north" : {
        "uv" : [ 0, 0, 16, 16 ],
        "texture" : "#8"
      },
      "up" : {
        "uv" : [ 0, 0, 16, 16 ],
        "texture" : "#9"
      },
      "down" : {
        "uv" : [ 0, 0, 16, 16 ],
        "texture" : "#9"
      }
    }
  }, {
    "from" : [ -16, 16, 16 ],
    "to" : [ -8, 24, 24 ],
    "faces" : {
      "east" : {
        "uv" : [ 0, 0, 16, 16 ],
        "texture" : "#4"
      },
      "south" : {
        "uv" : [ 0, 0, 16, 16 ],
        "texture" : "#4"
      },
      "north" : {
        "uv" : [ 0, 0, 16, 16 ],
        "texture" : "#4"
      },
      "west" : {
        "uv" : [ 0, 0, 16, 16 ],
        "texture" : "#4"
      },
      "up" : {
        "uv" : [ 0, 0, 16, 16 ],
        "texture" : "#4"
      },
      "down" : {
        "uv" : [ 0, 0, 16, 16 ],
        "texture" : "#4"
      }
    }
  }, {
    "from" : [ 0, 16, 16 ],
    "to" : [ 8, 24, 24 ],
    "faces" : {
      "east" : {
        "uv" : [ 0, 0, 16, 16 ],
        "texture" : "#4"
      },
      "south" : {
        "uv" : [ 0, 0, 16, 16 ],
        "texture" : "#4"
      },
      "north" : {
        "uv" : [ 0, 0, 16, 16 ],
        "texture" : "#4"
      },
      "west" : {
        "uv" : [ 0, 0, 16, 16 ],
        "texture" : "#4"
      },
      "up" : {
        "uv" : [ 0, 0, 16, 16 ],
        "texture" : "#4"
      },
      "down" : {
        "uv" : [ 0, 0, 16, 16 ],
        "texture" : "#4"
      }
    }
  }, {
    "from" : [ -16, 24, 24 ],
    "to" : [ -8, 32, 32 ],
    "faces" : {
      "east" : {
        "uv" : [ 0, 0, 16, 16 ],
        "texture" : "#0"
      },
      "south" : {
        "uv" : [ 0, 0, 16, 16 ],
        "texture" : "#0"
      },
      "north" : {
        "uv" : [ 0, 0, 16, 16 ],
        "texture" : "#0"
      },
      "west" : {
        "uv" : [ 0, 0, 16, 16 ],
        "texture" : "#0"
      },
      "up" : {
        "uv" : [ 0, 0, 16, 16 ],
        "texture" : "#0"
      },
      "down" : {
        "uv" : [ 0, 0, 16, 16 ],
        "texture" : "#0"
      }
    }
  }, {
    "from" : [ -8, 24, 16 ],
    "to" : [ 0, 32, 24 ],
    "faces" : {
      "east" : {
        "uv" : [ 0, 0, 16, 16 ],
        "texture" : "#0"
      },
      "south" : {
        "uv" : [ 0, 0, 16, 16 ],
        "texture" : "#0"
      },
      "north" : {
        "uv" : [ 0, 0, 16, 16 ],
        "texture" : "#0"
      },
      "west" : {
        "uv" : [ 0, 0, 16, 16 ],
        "texture" : "#0"
      },
      "up" : {
        "uv" : [ 0, 0, 16, 16 ],
        "texture" : "#0"
      },
      "down" : {
        "uv" : [ 0, 0, 16, 16 ],
        "texture" : "#0"
      }
    }
  }, {
    "from" : [ 0, 24, 24 ],
    "to" : [ 8, 32, 32 ],
    "faces" : {
      "east" : {
        "uv" : [ 0, 0, 16, 16 ],
        "texture" : "#0"
      },
      "south" : {
        "uv" : [ 0, 0, 16, 16 ],
        "texture" : "#0"
      },
      "north" : {
        "uv" : [ 0, 0, 16, 16 ],
        "texture" : "#0"
      },
      "west" : {
        "uv" : [ 0, 0, 16, 16 ],
        "texture" : "#0"
      },
      "up" : {
        "uv" : [ 0, 0, 16, 16 ],
        "texture" : "#0"
      },
      "down" : {
        "uv" : [ 0, 0, 16, 16 ],
        "texture" : "#0"
      }
    }
  }, {
    "from" : [ -14, -16, 26 ],
    "to" : [ -10, -8, 30 ],
    "faces" : {
      "east" : {
        "uv" : [ 4, 0, 12, 16 ],
        "texture" : "#4"
      },
      "south" : {
        "uv" : [ 4, 0, 12, 16 ],
        "texture" : "#4"
      },
      "north" : {
        "uv" : [ 4, 0, 12, 16 ],
        "texture" : "#4"
      },
      "west" : {
        "uv" : [ 4, 0, 12, 16 ],
        "texture" : "#4"
      },
      "up" : {
        "uv" : [ 4, 4, 12, 12 ],
        "texture" : "#4"
      }
    }
  }, {
    "from" : [ -12, -16, 26 ],
    "to" : [ -8, -8, 29 ],
    "faces" : {
      "east" : {
        "uv" : [ 5, 0, 11, 16 ],
        "texture" : "#4"
      },
      "south" : {
        "uv" : [ 8, 0, 16, 16 ],
        "texture" : "#4"
      },
      "north" : {
        "uv" : [ 0, 0, 8, 16 ],
        "texture" : "#4"
      },
      "up" : {
        "uv" : [ 8, 5, 16, 11 ],
        "texture" : "#4"
      }
    }
  }, {
    "from" : [ -6, -16, 18 ],
    "to" : [ -2, -8, 22 ],
    "faces" : {
      "east" : {
        "uv" : [ 4, 0, 12, 16 ],
        "texture" : "#4"
      },
      "south" : {
        "uv" : [ 4, 0, 12, 16 ],
        "texture" : "#4"
      },
      "north" : {
        "uv" : [ 4, 0, 12, 16 ],
        "texture" : "#4"
      },
      "west" : {
        "uv" : [ 4, 0, 12, 16 ],
        "texture" : "#4"
      },
      "up" : {
        "uv" : [ 4, 4, 12, 12 ],
        "texture" : "#4"
      }
    }
  }, {
    "from" : [ -6, -16, 20 ],
    "to" : [ -3, -8, 24 ],
    "faces" : {
      "east" : {
        "uv" : [ 0, 0, 8, 16 ],
        "texture" : "#4"
      },
      "south" : {
        "uv" : [ 5, 0, 11, 16 ],
        "texture" : "#4"
      },
      "west" : {
        "uv" : [ 8, 0, 16, 16 ],
        "texture" : "#4"
      },
      "up" : {
        "uv" : [ 5, 8, 11, 16 ],
        "texture" : "#4"
      }
    }
  }, {
    "from" : [ 2, -16, 26 ],
    "to" : [ 6, -8, 30 ],
    "faces" : {
      "east" : {
        "uv" : [ 4, 0, 12, 16 ],
        "texture" : "#4"
      },
      "south" : {
        "uv" : [ 4, 0, 12, 16 ],
        "texture" : "#4"
      },
      "north" : {
        "uv" : [ 4, 0, 12, 16 ],
        "texture" : "#4"
      },
      "west" : {
        "uv" : [ 4, 0, 12, 16 ],
        "texture" : "#4"
      },
      "up" : {
        "uv" : [ 4, 4, 12, 12 ],
        "texture" : "#4"
      }
    }
  }, {
    "from" : [ 0, -16, 26 ],
    "to" : [ 4, -8, 29 ],
    "faces" : {
      "south" : {
        "uv" : [ 0, 0, 8, 16 ],
        "texture" : "#4"
      },
      "north" : {
        "uv" : [ 8, 0, 16, 16 ],
        "texture" : "#4"
      },
      "west" : {
        "uv" : [ 5, 0, 11, 16 ],
        "texture" : "#4"
      },
      "up" : {
        "uv" : [ 0, 5, 8, 11 ],
        "texture" : "#4"
      }
    }
  }, {
    "from" : [ -14, -8, 26 ],
    "to" : [ -10, 0, 30 ],
    "faces" : {
      "east" : {
        "uv" : [ 4, 0, 12, 16 ],
        "texture" : "#4"
      },
      "south" : {
        "uv" : [ 4, 0, 12, 16 ],
        "texture" : "#4"
      },
      "north" : {
        "uv" : [ 4, 0, 12, 16 ],
        "texture" : "#4"
      },
      "west" : {
        "uv" : [ 4, 0, 12, 16 ],
        "texture" : "#4"
      },
      "up" : {
        "uv" : [ 4, 4, 12, 12 ],
        "texture" : "#4"
      },
      "down" : {
        "uv" : [ 4, 4, 12, 12 ],
        "texture" : "#4"
      }
    }
  }, {
    "from" : [ -12, -8, 26 ],
    "to" : [ -8, 0, 29 ],
    "faces" : {
      "east" : {
        "uv" : [ 5, 0, 11, 16 ],
        "texture" : "#4"
      },
      "south" : {
        "uv" : [ 8, 0, 16, 16 ],
        "texture" : "#4"
      },
      "north" : {
        "uv" : [ 0, 0, 8, 16 ],
        "texture" : "#4"
      },
      "up" : {
        "uv" : [ 8, 5, 16, 11 ],
        "texture" : "#4"
      },
      "down" : {
        "uv" : [ 8, 5, 16, 11 ],
        "texture" : "#4"
      }
    }
  }, {
    "from" : [ -6, -8, 18 ],
    "to" : [ -2, 0, 22 ],
    "faces" : {
      "east" : {
        "uv" : [ 4, 0, 12, 16 ],
        "texture" : "#4"
      },
      "south" : {
        "uv" : [ 4, 0, 12, 16 ],
        "texture" : "#4"
      },
      "north" : {
        "uv" : [ 4, 0, 12, 16 ],
        "texture" : "#4"
      },
      "west" : {
        "uv" : [ 4, 0, 12, 16 ],
        "texture" : "#4"
      },
      "up" : {
        "uv" : [ 4, 4, 12, 12 ],
        "texture" : "#4"
      },
      "down" : {
        "uv" : [ 4, 4, 12, 12 ],
        "texture" : "#4"
      }
    }
  }, {
    "from" : [ -6, -8, 20 ],
    "to" : [ -3, 0, 24 ],
    "faces" : {
      "east" : {
        "uv" : [ 0, 0, 8, 16 ],
        "texture" : "#4"
      },
      "south" : {
        "uv" : [ 5, 0, 11, 16 ],
        "texture" : "#4"
      },
      "west" : {
        "uv" : [ 8, 0, 16, 16 ],
        "texture" : "#4"
      },
      "up" : {
        "uv" : [ 5, 8, 11, 16 ],
        "texture" : "#4"
      },
      "down" : {
        "uv" : [ 5, 0, 11, 8 ],
        "texture" : "#4"
      }
    }
  }, {
    "from" : [ 2, -8, 26 ],
    "to" : [ 6, 0, 30 ],
    "faces" : {
      "east" : {
        "uv" : [ 4, 0, 12, 16 ],
        "texture" : "#4"
      },
      "south" : {
        "uv" : [ 4, 0, 12, 16 ],
        "texture" : "#4"
      },
      "north" : {
        "uv" : [ 4, 0, 12, 16 ],
        "texture" : "#4"
      },
      "west" : {
        "uv" : [ 4, 0, 12, 16 ],
        "texture" : "#4"
      },
      "up" : {
        "uv" : [ 4, 4, 12, 12 ],
        "texture" : "#4"
      },
      "down" : {
        "uv" : [ 4, 4, 12, 12 ],
        "texture" : "#4"
      }
    }
  }, {
    "from" : [ 0, -8, 26 ],
    "to" : [ 4, 0, 29 ],
    "faces" : {
      "south" : {
        "uv" : [ 0, 0, 8, 16 ],
        "texture" : "#4"
      },
      "north" : {
        "uv" : [ 8, 0, 16, 16 ],
        "texture" : "#4"
      },
      "west" : {
        "uv" : [ 5, 0, 11, 16 ],
        "texture" : "#4"
      },
      "up" : {
        "uv" : [ 0, 5, 8, 11 ],
        "texture" : "#4"
      },
      "down" : {
        "uv" : [ 0, 5, 8, 11 ],
        "texture" : "#4"
      }
    }
  }, {
    "from" : [ -14, 0, 26 ],
    "to" : [ -10, 8, 30 ],
    "faces" : {
      "east" : {
        "uv" : [ 4, 0, 12, 16 ],
        "texture" : "#4"
      },
      "south" : {
        "uv" : [ 4, 0, 12, 16 ],
        "texture" : "#4"
      },
      "north" : {
        "uv" : [ 4, 0, 12, 16 ],
        "texture" : "#4"
      },
      "west" : {
        "uv" : [ 4, 0, 12, 16 ],
        "texture" : "#4"
      },
      "down" : {
        "uv" : [ 4, 4, 12, 12 ],
        "texture" : "#4"
      }
    }
  }, {
    "from" : [ -12, 0, 26 ],
    "to" : [ -8, 8, 29 ],
    "faces" : {
      "east" : {
        "uv" : [ 5, 0, 11, 16 ],
        "texture" : "#4"
      },
      "south" : {
        "uv" : [ 8, 0, 16, 16 ],
        "texture" : "#4"
      },
      "north" : {
        "uv" : [ 0, 0, 8, 16 ],
        "texture" : "#4"
      },
      "down" : {
        "uv" : [ 8, 5, 16, 11 ],
        "texture" : "#4"
      }
    }
  }, {
    "from" : [ -6, 0, 18 ],
    "to" : [ -2, 8, 22 ],
    "faces" : {
      "east" : {
        "uv" : [ 4, 0, 12, 16 ],
        "texture" : "#4"
      },
      "south" : {
        "uv" : [ 4, 0, 12, 16 ],
        "texture" : "#4"
      },
      "north" : {
        "uv" : [ 4, 0, 12, 16 ],
        "texture" : "#4"
      },
      "west" : {
        "uv" : [ 4, 0, 12, 16 ],
        "texture" : "#4"
      },
      "down" : {
        "uv" : [ 4, 4, 12, 12 ],
        "texture" : "#4"
      }
    }
  }, {
    "from" : [ -6, 0, 20 ],
    "to" : [ -3, 8, 24 ],
    "faces" : {
      "east" : {
        "uv" : [ 0, 0, 8, 16 ],
        "texture" : "#4"
      },
      "south" : {
        "uv" : [ 5, 0, 11, 16 ],
        "texture" : "#4"
      },
      "west" : {
        "uv" : [ 8, 0, 16, 16 ],
        "texture" : "#4"
      },
      "down" : {
        "uv" : [ 5, 0, 11, 8 ],
        "texture" : "#4"
      }
    }
  }, {
    "from" : [ 2, 0, 26 ],
    "to" : [ 6, 8, 30 ],
    "faces" : {
      "east" : {
        "uv" : [ 4, 0, 12, 16 ],
        "texture" : "#4"
      },
      "south" : {
        "uv" : [ 4, 0, 12, 16 ],
        "texture" : "#4"
      },
      "north" : {
        "uv" : [ 4, 0, 12, 16 ],
        "texture" : "#4"
      },
      "west" : {
        "uv" : [ 4, 0, 12, 16 ],
        "texture" : "#4"
      },
      "down" : {
        "uv" : [ 4, 4, 12, 12 ],
        "texture" : "#4"
      }
    }
  }, {
    "from" : [ 0, 0, 26 ],
    "to" : [ 4, 8, 29 ],
    "faces" : {
      "south" : {
        "uv" : [ 0, 0, 8, 16 ],
        "texture" : "#4"
      },
      "north" : {
        "uv" : [ 8, 0, 16, 16 ],
        "texture" : "#4"
      },
      "west" : {
        "uv" : [ 5, 0, 11, 16 ],
        "texture" : "#4"
      },
      "down" : {
        "uv" : [ 0, 5, 8, 11 ],
        "texture" : "#4"
      }
    }
  }, {
    "from" : [ -14, 8, 18 ],
    "to" : [ -10, 16, 22 ],
    "faces" : {
      "east" : {
        "uv" : [ 4, 0, 12, 16 ],
        "texture" : "#1"
      },
      "south" : {
        "uv" : [ 4, 0, 12, 16 ],
        "texture" : "#1"
      },
      "north" : {
        "uv" : [ 4, 0, 12, 16 ],
        "texture" : "#1"
      },
      "west" : {
        "uv" : [ 4, 0, 12, 16 ],
        "texture" : "#1"
      },
      "up" : {
        "uv" : [ 4, 4, 12, 12 ],
        "texture" : "#1"
      },
      "down" : {
        "uv" : [ 4, 4, 12, 12 ],
        "texture" : "#1"
      }
    }
  }, {
    "from" : [ -12, 8, 18 ],
    "to" : [ -8, 16, 21 ],
    "faces" : {
      "south" : {
        "uv" : [ 8, 0, 16, 16 ],
        "texture" : "#1"
      },
      "north" : {
        "uv" : [ 0, 0, 8, 16 ],
        "texture" : "#1"
      },
      "up" : {
        "uv" : [ 8, 5, 16, 11 ],
        "texture" : "#1"
      },
      "down" : {
        "uv" : [ 8, 5, 16, 11 ],
        "texture" : "#1"
      }
    }
  }, {
    "from" : [ -14, 8, 20 ],
    "to" : [ -11, 16, 24 ],
    "faces" : {
      "east" : {
        "uv" : [ 0, 0, 8, 16 ],
        "texture" : "#1"
      },
      "west" : {
        "uv" : [ 8, 0, 16, 16 ],
        "texture" : "#1"
      },
      "up" : {
        "uv" : [ 5, 8, 11, 16 ],
        "texture" : "#1"
      },
      "down" : {
        "uv" : [ 5, 0, 11, 8 ],
        "texture" : "#1"
      }
    }
  }, {
    "from" : [ 2, 8, 18 ],
    "to" : [ 6, 16, 22 ],
    "faces" : {
      "east" : {
        "uv" : [ 4, 0, 12, 16 ],
        "texture" : "#1"
      },
      "south" : {
        "uv" : [ 4, 0, 12, 16 ],
        "texture" : "#1"
      },
      "north" : {
        "uv" : [ 4, 0, 12, 16 ],
        "texture" : "#1"
      },
      "west" : {
        "uv" : [ 4, 0, 12, 16 ],
        "texture" : "#1"
      },
      "up" : {
        "uv" : [ 4, 4, 12, 12 ],
        "texture" : "#1"
      },
      "down" : {
        "uv" : [ 4, 4, 12, 12 ],
        "texture" : "#1"
      }
    }
  }, {
    "from" : [ 2, 8, 20 ],
    "to" : [ 5, 16, 24 ],
    "faces" : {
      "east" : {
        "uv" : [ 0, 0, 8, 16 ],
        "texture" : "#1"
      },
      "west" : {
        "uv" : [ 8, 0, 16, 16 ],
        "texture" : "#1"
      },
      "up" : {
        "uv" : [ 5, 8, 11, 16 ],
        "texture" : "#1"
      },
      "down" : {
        "uv" : [ 5, 0, 11, 8 ],
        "texture" : "#1"
      }
    }
  }, {
    "from" : [ 0, 8, 18 ],
    "to" : [ 4, 16, 21 ],
    "faces" : {
      "south" : {
        "uv" : [ 0, 0, 8, 16 ],
        "texture" : "#1"
      },
      "north" : {
        "uv" : [ 8, 0, 16, 16 ],
        "texture" : "#1"
      },
      "up" : {
        "uv" : [ 0, 5, 8, 11 ],
        "texture" : "#1"
      },
      "down" : {
        "uv" : [ 0, 5, 8, 11 ],
        "texture" : "#1"
      }
    }
  }, {
    "from" : [ -16, 16, 24 ],
    "to" : [ -8, 20, 32 ],
    "faces" : {
      "east" : {
        "uv" : [ 0, 8, 16, 16 ],
        "texture" : "#4"
      },
      "south" : {
        "uv" : [ 0, 8, 16, 16 ],
        "texture" : "#4"
      },
      "north" : {
        "uv" : [ 0, 8, 16, 16 ],
        "texture" : "#4"
      },
      "west" : {
        "uv" : [ 0, 8, 16, 16 ],
        "texture" : "#4"
      },
      "up" : {
        "uv" : [ 0, 0, 16, 16 ],
        "texture" : "#4"
      }
    }
  }, {
    "from" : [ -8, 16, 16 ],
    "to" : [ 0, 20, 24 ],
    "faces" : {
      "east" : {
        "uv" : [ 0, 8, 16, 16 ],
        "texture" : "#4"
      },
      "south" : {
        "uv" : [ 0, 8, 16, 16 ],
        "texture" : "#4"
      },
      "north" : {
        "uv" : [ 0, 8, 16, 16 ],
        "texture" : "#4"
      },
      "west" : {
        "uv" : [ 0, 8, 16, 16 ],
        "texture" : "#4"
      },
      "up" : {
        "uv" : [ 0, 0, 16, 16 ],
        "texture" : "#4"
      }
    }
  }, {
    "from" : [ -8, 16, 28 ],
    "to" : [ 0, 27, 28 ],
    "faces" : {
      "south" : {
        "uv" : [ 0, 0, 16, 16 ],
        "texture" : "#17"
      }
    }
  }, {
    "from" : [ -8, 16, 27 ],
    "to" : [ 0, 27, 27 ],
    "faces" : {
      "north" : {
        "uv" : [ 0, 0, 16, 16 ],
        "texture" : "#17"
      }
    }
  }, {
    "from" : [ -4, 16, 24 ],
    "to" : [ -4, 27, 32 ],
    "faces" : {
      "west" : {
        "uv" : [ 0, 0, 16, 16 ],
        "texture" : "#17"
      }
    }
  }, {
    "from" : [ -5, 16, 24 ],
    "to" : [ -5, 27, 32 ],
    "faces" : {
      "east" : {
        "uv" : [ 0, 0, 16, 16 ],
        "texture" : "#17"
      }
    }
  }, {
    "from" : [ -8, 16, 24 ],
    "to" : [ 0, 27, 24 ],
    "faces" : {
      "south" : {
        "uv" : [ 0, 0, 16, 16 ],
        "texture" : "#17"
      },
      "north" : {
        "uv" : [ 0, 0, 16, 16 ],
        "texture" : "#17"
      }
    }
  }, {
    "from" : [ -1, 16, 24 ],
    "to" : [ -1, 27, 32 ],
    "faces" : {
      "east" : {
        "uv" : [ 0, 0, 16, 16 ],
        "texture" : "#17"
      },
      "west" : {
        "uv" : [ 0, 0, 16, 16 ],
        "texture" : "#17"
      }
    }
  }, {
    "from" : [ -8, 16, 31 ],
    "to" : [ 0, 27, 31 ],
    "faces" : {
      "south" : {
        "uv" : [ 0, 0, 16, 16 ],
        "texture" : "#17"
      },
      "north" : {
        "uv" : [ 0, 0, 16, 16 ],
        "texture" : "#17"
      }
    }
  }, {
    "from" : [ -8, 16, 24 ],
    "to" : [ -8, 27, 32 ],
    "faces" : {
      "east" : {
        "uv" : [ 0, 0, 16, 16 ],
        "texture" : "#17"
      },
      "west" : {
        "uv" : [ 0, 0, 16, 16 ],
        "texture" : "#17"
      }
    }
  }, {
    "from" : [ 0, 16, 24 ],
    "to" : [ 8, 20, 32 ],
    "faces" : {
      "east" : {
        "uv" : [ 0, 8, 16, 16 ],
        "texture" : "#4"
      },
      "south" : {
        "uv" : [ 0, 8, 16, 16 ],
        "texture" : "#4"
      },
      "north" : {
        "uv" : [ 0, 8, 16, 16 ],
        "texture" : "#4"
      },
      "west" : {
        "uv" : [ 0, 8, 16, 16 ],
        "texture" : "#4"
      },
      "up" : {
        "uv" : [ 0, 0, 16, 16 ],
        "texture" : "#4"
      }
    }
  }, {
    "from" : [ -16, 24, 16 ],
    "to" : [ -8, 28, 24 ],
    "faces" : {
      "east" : {
        "uv" : [ 0, 8, 16, 16 ],
        "texture" : "#0"
      },
      "south" : {
        "uv" : [ 0, 8, 16, 16 ],
        "texture" : "#0"
      },
      "north" : {
        "uv" : [ 0, 8, 16, 16 ],
        "texture" : "#0"
      },
      "west" : {
        "uv" : [ 0, 8, 16, 16 ],
        "texture" : "#0"
      },
      "up" : {
        "uv" : [ 0, 0, 16, 16 ],
        "texture" : "#0"
      },
      "down" : {
        "uv" : [ 0, 0, 16, 16 ],
        "texture" : "#0"
      }
    }
  }, {
    "from" : [ 0, 24, 16 ],
    "to" : [ 8, 28, 24 ],
    "faces" : {
      "east" : {
        "uv" : [ 0, 8, 16, 16 ],
        "texture" : "#0"
      },
      "south" : {
        "uv" : [ 0, 8, 16, 16 ],
        "texture" : "#0"
      },
      "north" : {
        "uv" : [ 0, 8, 16, 16 ],
        "texture" : "#0"
      },
      "west" : {
        "uv" : [ 0, 8, 16, 16 ],
        "texture" : "#0"
      },
      "up" : {
        "uv" : [ 0, 0, 16, 16 ],
        "texture" : "#0"
      },
      "down" : {
        "uv" : [ 0, 0, 16, 16 ],
        "texture" : "#0"
      }
    }
  } ],
  "display" : {
    "head" : {
      "translation" : [ 0.0, -43.25, 0.0 ],
      "scale" : [ 3.2, 3.2, 3.2 ]
    }
  }
}