{
  "textures" : {
    "11" : "block/stone_bricks",
    "12" : "block/andesite",
    "13" : "block/polished_andesite",
    "14" : "block/stone",
    "15" : "block/anvil",
    "16" : "block/anvil_top",
    "17" : "block/soul_fire_0",
    "18" : "block/chain",
    "0" : "block/deepslate_tiles",
    "1" : "block/deepslate_bricks",
    "2" : "block/oxidized_copper",
    "3" : "block/weathered_copper",
    "4" : "block/polished_deepslate",
    "5" : "block/deepslate",
    "6" : "block/deepslate_top",
    "7" : "block/cobbled_deepslate",
    "8" : "block/polished_basalt_side",
    "9" : "block/polished_basalt_top",
    "10" : "block/soul_soil"
  },
  "elements" : [ {
    "from" : [ -16, -16, 8 ],
    "to" : [ -8, -8, 16 ],
    "faces" : {
      "east" : {
        "uv" : [ 0, 0, 16, 16 ],
        "texture" : "#3"
      },
      "south" : {
        "uv" : [ 0, 0, 16, 16 ],
        "texture" : "#3"
      },
      "north" : {
        "uv" : [ 0, 0, 16, 16 ],
        "texture" : "#3"
      },
      "west" : {
        "uv" : [ 0, 0, 16, 16 ],
        "texture" : "#3"
      },
      "up" : {
        "uv" : [ 0, 0, 16, 16 ],
        "texture" : "#3"
      },
      "down" : {
        "uv" : [ 0, 0, 16, 16 ],
        "texture" : "#3"
      }
    }
  }, {
    "from" : [ -16, -16, 16 ],
    "to" : [ -8, -8, 24 ],
    "faces" : {
      "east" : {
        "uv" : [ 0, 0, 16, 16 ],
        "texture" : "#4"
      },
      "south" : {
        "uv" : [ 0, 0, 16, 16 ],
        "texture" : "#4"
      },
      "north" : {
        "uv" : [ 0, 0, 16, 16 ],
        "texture" : "#4"
      },
      "west" : {
        "uv" : [ 0, 0, 16, 16 ],
        "texture" : "#4"
      },
      "up" : {
        "uv" : [ 0, 0, 16, 16 ],
        "texture" : "#4"
      },
      "down" : {
        "uv" : [ 0, 0, 16, 16 ],
        "texture" : "#4"
      }
    }
  }, {
    "from" : [ -8, -16, 8 ],
    "to" : [ 0, -8, 16 ],
    "faces" : {
      "east" : {
        "uv" : [ 0, 0, 16, 16 ],
        "texture" : "#2"
      },
      "south" : {
        "uv" : [ 0, 0, 16, 16 ],
        "texture" : "#2"
      },
      "north" : {
        "uv" : [ 0, 0, 16, 16 ],
        "texture" : "#2"
      },
      "west" : {
        "uv" : [ 0, 0, 16, 16 ],
        "texture" : "#2"
      },
      "up" : {
        "uv" : [ 0, 0, 16, 16 ],
        "texture" : "#2"
      },
      "down" : {
        "uv" : [ 0, 0, 16, 16 ],
        "texture" : "#2"
      }
    }
  }, {
    "from" : [ 0, -16, 8 ],
    "to" : [ 8, -8, 16 ],
    "faces" : {
      "east" : {
        "uv" : [ 0, 0, 16, 16 ],
        "texture" : "#2"
      },
      "south" : {
        "uv" : [ 0, 0, 16, 16 ],
        "texture" : "#2"
      },
      "north" : {
        "uv" : [ 0, 0, 16, 16 ],
        "texture" : "#2"
      },
      "west" : {
        "uv" : [ 0, 0, 16, 16 ],
        "texture" : "#2"
      },
      "up" : {
        "uv" : [ 0, 0, 16, 16 ],
        "texture" : "#2"
      },
      "down" : {
        "uv" : [ 0, 0, 16, 16 ],
        "texture" : "#2"
      }
    }
  }, {
    "from" : [ 0, -16, 16 ],
    "to" : [ 8, -8, 24 ],
    "faces" : {
      "east" : {
        "uv" : [ 0, 0, 16, 16 ],
        "texture" : "#4"
      },
      "south" : {
        "uv" : [ 0, 0, 16, 16 ],
        "texture" : "#4"
      },
      "north" : {
        "uv" : [ 0, 0, 16, 16 ],
        "texture" : "#4"
      },
      "west" : {
        "uv" : [ 0, 0, 16, 16 ],
        "texture" : "#4"
      },
      "up" : {
        "uv" : [ 0, 0, 16, 16 ],
        "texture" : "#4"
      },
      "down" : {
        "uv" : [ 0, 0, 16, 16 ],
        "texture" : "#4"
      }
    }
  }, {
    "from" : [ 8, -16, 8 ],
    "to" : [ 16, -8, 16 ],
    "faces" : {
      "east" : {
        "uv" : [ 0, 0, 16, 16 ],
        "texture" : "#2"
      },
      "south" : {
        "uv" : [ 0, 0, 16, 16 ],
        "texture" : "#2"
      },
      "north" : {
        "uv" : [ 0, 0, 16, 16 ],
        "texture" : "#2"
      },
      "west" : {
        "uv" : [ 0, 0, 16, 16 ],
        "texture" : "#2"
      },
      "up" : {
        "uv" : [ 0, 0, 16, 16 ],
        "texture" : "#2"
      },
      "down" : {
        "uv" : [ 0, 0, 16, 16 ],
        "texture" : "#2"
      }
    }
  }, {
    "from" : [ 16, -16, 8 ],
    "to" : [ 24, -8, 16 ],
    "faces" : {
      "east" : {
        "uv" : [ 0, 0, 16, 16 ],
        "texture" : "#3"
      },
      "south" : {
        "uv" : [ 0, 0, 16, 16 ],
        "texture" : "#3"
      },
      "north" : {
        "uv" : [ 0, 0, 16, 16 ],
        "texture" : "#3"
      },
      "west" : {
        "uv" : [ 0, 0, 16, 16 ],
        "texture" : "#3"
      },
      "up" : {
        "uv" : [ 0, 0, 16, 16 ],
        "texture" : "#3"
      },
      "down" : {
        "uv" : [ 0, 0, 16, 16 ],
        "texture" : "#3"
      }
    }
  }, {
    "from" : [ 16, -16, 16 ],
    "to" : [ 24, -8, 24 ],
    "faces" : {
      "east" : {
        "uv" : [ 0, 0, 16, 16 ],
        "texture" : "#4"
      },
      "south" : {
        "uv" : [ 0, 0, 16, 16 ],
        "texture" : "#4"
      },
      "north" : {
        "uv" : [ 0, 0, 16, 16 ],
        "texture" : "#4"
      },
      "west" : {
        "uv" : [ 0, 0, 16, 16 ],
        "texture" : "#4"
      },
      "up" : {
        "uv" : [ 0, 0, 16, 16 ],
        "texture" : "#4"
      },
      "down" : {
        "uv" : [ 0, 0, 16, 16 ],
        "texture" : "#4"
      }
    }
  }, {
    "from" : [ 24, -16, 8 ],
    "to" : [ 32, -8, 16 ],
    "faces" : {
      "east" : {
        "uv" : [ 0, 0, 16, 16 ],
        "texture" : "#2"
      },
      "south" : {
        "uv" : [ 0, 0, 16, 16 ],
        "texture" : "#2"
      },
      "north" : {
        "uv" : [ 0, 0, 16, 16 ],
        "texture" : "#2"
      },
      "west" : {
        "uv" : [ 0, 0, 16, 16 ],
        "texture" : "#2"
      },
      "up" : {
        "uv" : [ 0, 0, 16, 16 ],
        "texture" : "#2"
      },
      "down" : {
        "uv" : [ 0, 0, 16, 16 ],
        "texture" : "#2"
      }
    }
  }, {
    "from" : [ -16, -8, 8 ],
    "to" : [ -8, 0, 16 ],
    "faces" : {
      "east" : {
        "uv" : [ 0, 0, 16, 16 ],
        "texture" : "#3"
      },
      "south" : {
        "uv" : [ 0, 0, 16, 16 ],
        "texture" : "#3"
      },
      "north" : {
        "uv" : [ 0, 0, 16, 16 ],
        "texture" : "#3"
      },
      "west" : {
        "uv" : [ 0, 0, 16, 16 ],
        "texture" : "#3"
      },
      "up" : {
        "uv" : [ 0, 0, 16, 16 ],
        "texture" : "#3"
      },
      "down" : {
        "uv" : [ 0, 0, 16, 16 ],
        "texture" : "#3"
      }
    }
  }, {
    "from" : [ -8, -8, 8 ],
    "to" : [ 0, 0, 16 ],
    "faces" : {
      "east" : {
        "uv" : [ 0, 0, 16, 16 ],
        "texture" : "#2"
      },
      "south" : {
        "uv" : [ 0, 0, 16, 16 ],
        "texture" : "#2"
      },
      "north" : {
        "uv" : [ 0, 0, 16, 16 ],
        "texture" : "#2"
      },
      "west" : {
        "uv" : [ 0, 0, 16, 16 ],
        "texture" : "#2"
      },
      "up" : {
        "uv" : [ 0, 0, 16, 16 ],
        "texture" : "#2"
      },
      "down" : {
        "uv" : [ 0, 0, 16, 16 ],
        "texture" : "#2"
      }
    }
  }, {
    "from" : [ 0, -8, 8 ],
    "to" : [ 8, 0, 16 ],
    "faces" : {
      "east" : {
        "uv" : [ 0, 0, 16, 16 ],
        "texture" : "#3"
      },
      "south" : {
        "uv" : [ 0, 0, 16, 16 ],
        "texture" : "#3"
      },
      "north" : {
        "uv" : [ 0, 0, 16, 16 ],
        "texture" : "#3"
      },
      "west" : {
        "uv" : [ 0, 0, 16, 16 ],
        "texture" : "#3"
      },
      "up" : {
        "uv" : [ 0, 0, 16, 16 ],
        "texture" : "#3"
      },
      "down" : {
        "uv" : [ 0, 0, 16, 16 ],
        "texture" : "#3"
      }
    }
  }, {
    "from" : [ 8, -8, 8 ],
    "to" : [ 16, 0, 16 ],
    "faces" : {
      "east" : {
        "uv" : [ 0, 0, 16, 16 ],
        "texture" : "#3"
      },
      "south" : {
        "uv" : [ 0, 0, 16, 16 ],
        "texture" : "#3"
      },
      "north" : {
        "uv" : [ 0, 0, 16, 16 ],
        "texture" : "#3"
      },
      "west" : {
        "uv" : [ 0, 0, 16, 16 ],
        "texture" : "#3"
      },
      "up" : {
        "uv" : [ 0, 0, 16, 16 ],
        "texture" : "#3"
      },
      "down" : {
        "uv" : [ 0, 0, 16, 16 ],
        "texture" : "#3"
      }
    }
  }, {
    "from" : [ 16, -8, 8 ],
    "to" : [ 24, 0, 16 ],
    "faces" : {
      "east" : {
        "uv" : [ 0, 0, 16, 16 ],
        "texture" : "#2"
      },
      "south" : {
        "uv" : [ 0, 0, 16, 16 ],
        "texture" : "#2"
      },
      "north" : {
        "uv" : [ 0, 0, 16, 16 ],
        "texture" : "#2"
      },
      "west" : {
        "uv" : [ 0, 0, 16, 16 ],
        "texture" : "#2"
      },
      "up" : {
        "uv" : [ 0, 0, 16, 16 ],
        "texture" : "#2"
      },
      "down" : {
        "uv" : [ 0, 0, 16, 16 ],
        "texture" : "#2"
      }
    }
  }, {
    "from" : [ 24, -8, 8 ],
    "to" : [ 32, 0, 16 ],
    "faces" : {
      "east" : {
        "uv" : [ 0, 0, 16, 16 ],
        "texture" : "#3"
      },
      "south" : {
        "uv" : [ 0, 0, 16, 16 ],
        "texture" : "#3"
      },
      "north" : {
        "uv" : [ 0, 0, 16, 16 ],
        "texture" : "#3"
      },
      "west" : {
        "uv" : [ 0, 0, 16, 16 ],
        "texture" : "#3"
      },
      "up" : {
        "uv" : [ 0, 0, 16, 16 ],
        "texture" : "#3"
      },
      "down" : {
        "uv" : [ 0, 0, 16, 16 ],
        "texture" : "#3"
      }
    }
  }, {
    "from" : [ -16, 0, -16 ],
    "to" : [ -8, 8, -8 ],
    "faces" : {
      "east" : {
        "uv" : [ 0, 0, 16, 16 ],
        "texture" : "#5"
      },
      "south" : {
        "uv" : [ 0, 0, 16, 16 ],
        "texture" : "#5"
      },
      "north" : {
        "uv" : [ 0, 0, 16, 16 ],
        "texture" : "#5"
      },
      "west" : {
        "uv" : [ 0, 0, 16, 16 ],
        "texture" : "#5"
      },
      "up" : {
        "uv" : [ 0, 0, 16, 16 ],
        "texture" : "#6"
      },
      "down" : {
        "uv" : [ 0, 0, 16, 16 ],
        "texture" : "#6"
      }
    }
  }, {
    "from" : [ -16, 0, -8 ],
    "to" : [ -8, 8, 0 ],
    "faces" : {
      "east" : {
        "uv" : [ 0, 0, 16, 16 ],
        "texture" : "#7"
      },
      "south" : {
        "uv" : [ 0, 0, 16, 16 ],
        "texture" : "#7"
      },
      "north" : {
        "uv" : [ 0, 0, 16, 16 ],
        "texture" : "#7"
      },
      "west" : {
        "uv" : [ 0, 0, 16, 16 ],
        "texture" : "#7"
      },
      "up" : {
        "uv" : [ 0, 0, 16, 16 ],
        "texture" : "#7"
      },
      "down" : {
        "uv" : [ 0, 0, 16, 16 ],
        "texture" : "#7"
      }
    }
  }, {
    "from" : [ -16, 0, 0 ],
    "to" : [ -8, 8, 8 ],
    "faces" : {
      "east" : {
        "uv" : [ 0, 0, 16, 16 ],
        "texture" : "#5"
      },
      "south" : {
        "uv" : [ 0, 0, 16, 16 ],
        "texture" : "#5"
      },
      "north" : {
        "uv" : [ 0, 0, 16, 16 ],
        "texture" : "#5"
      },
      "west" : {
        "uv" : [ 0, 0, 16, 16 ],
        "texture" : "#5"
      },
      "up" : {
        "uv" : [ 0, 0, 16, 16 ],
        "texture" : "#6"
      },
      "down" : {
        "uv" : [ 0, 0, 16, 16 ],
        "texture" : "#6"
      }
    }
  }, {
    "from" : [ -16, 0, 8 ],
    "to" : [ -8, 8, 16 ],
    "faces" : {
      "east" : {
        "uv" : [ 0, 0, 16, 16 ],
        "texture" : "#1"
      },
      "south" : {
        "uv" : [ 0, 0, 16, 16 ],
        "texture" : "#1"
      },
      "north" : {
        "uv" : [ 0, 0, 16, 16 ],
        "texture" : "#1"
      },
      "west" : {
        "uv" : [ 0, 0, 16, 16 ],
        "texture" : "#1"
      },
      "up" : {
        "uv" : [ 0, 0, 16, 16 ],
        "texture" : "#1"
      },
      "down" : {
        "uv" : [ 0, 0, 16, 16 ],
        "texture" : "#1"
      }
    }
  }, {
    "from" : [ -8, 0, -16 ],
    "to" : [ 0, 8, -8 ],
    "faces" : {
      "east" : {
        "uv" : [ 0, 0, 16, 16 ],
        "texture" : "#5"
      },
      "south" : {
        "uv" : [ 0, 0, 16, 16 ],
        "texture" : "#5"
      },
      "north" : {
        "uv" : [ 0, 0, 16, 16 ],
        "texture" : "#5"
      },
      "west" : {
        "uv" : [ 0, 0, 16, 16 ],
        "texture" : "#5"
      },
      "up" : {
        "uv" : [ 0, 0, 16, 16 ],
        "texture" : "#6"
      },
      "down" : {
        "uv" : [ 0, 0, 16, 16 ],
        "texture" : "#6"
      }
    }
  }, {
    "from" : [ -8, 0, -8 ],
    "to" : [ 0, 8, 0 ],
    "faces" : {
      "east" : {
        "uv" : [ 0, 0, 16, 16 ],
        "texture" : "#5"
      },
      "south" : {
        "uv" : [ 0, 0, 16, 16 ],
        "texture" : "#5"
      },
      "north" : {
        "uv" : [ 0, 0, 16, 16 ],
        "texture" : "#5"
      },
      "west" : {
        "uv" : [ 0, 0, 16, 16 ],
        "texture" : "#5"
      },
      "up" : {
        "uv" : [ 0, 0, 16, 16 ],
        "texture" : "#6"
      },
      "down" : {
        "uv" : [ 0, 0, 16, 16 ],
        "texture" : "#6"
      }
    }
  }, {
    "from" : [ -8, 0, 0 ],
    "to" : [ 0, 8, 8 ],
    "faces" : {
      "east" : {
        "uv" : [ 0, 0, 16, 16 ],
        "texture" : "#7"
      },
      "south" : {
        "uv" : [ 0, 0, 16, 16 ],
        "texture" : "#7"
      },
      "north" : {
        "uv" : [ 0, 0, 16, 16 ],
        "texture" : "#7"
      },
      "west" : {
        "uv" : [ 0, 0, 16, 16 ],
        "texture" : "#7"
      },
      "up" : {
        "uv" : [ 0, 0, 16, 16 ],
        "texture" : "#7"
      },
      "down" : {
        "uv" : [ 0, 0, 16, 16 ],
        "texture" : "#7"
      }
    }
  }, {
    "from" : [ -8, 0, 8 ],
    "to" : [ 0, 8, 16 ],
    "faces" : {
      "east" : {
        "uv" : [ 0, 0, 16, 16 ],
        "texture" : "#1"
      },
      "south" : {
        "uv" : [ 0, 0, 16, 16 ],
        "texture" : "#1"
      },
      "north" : {
        "uv" : [ 0, 0, 16, 16 ],
        "texture" : "#1"
      },
      "west" : {
        "uv" : [ 0, 0, 16, 16 ],
        "texture" : "#1"
      },
      "down" : {
        "uv" : [ 0, 0, 16, 16 ],
        "texture" : "#1"
      }
    }
  }, {
    "from" : [ 0, 0, -16 ],
    "to" : [ 8, 8, -8 ],
    "faces" : {
      "east" : {
        "uv" : [ 0, 0, 16, 16 ],
        "texture" : "#5"
      },
      "south" : {
        "uv" : [ 0, 0, 16, 16 ],
        "texture" : "#5"
      },
      "north" : {
        "uv" : [ 0, 0, 16, 16 ],
        "texture" : "#5"
      },
      "west" : {
        "uv" : [ 0, 0, 16, 16 ],
        "texture" : "#5"
      },
      "up" : {
        "uv" : [ 0, 0, 16, 16 ],
        "texture" : "#6"
      },
      "down" : {
        "uv" : [ 0, 0, 16, 16 ],
        "texture" : "#6"
      }
    }
  }, {
    "from" : [ 0, 0, -8 ],
    "to" : [ 8, 8, 0 ],
    "faces" : {
      "east" : {
        "uv" : [ 0, 0, 16, 16 ],
        "texture" : "#5"
      },
      "south" : {
        "uv" : [ 0, 0, 16, 16 ],
        "texture" : "#5"
      },
      "north" : {
        "uv" : [ 0, 0, 16, 16 ],
        "texture" : "#5"
      },
      "west" : {
        "uv" : [ 0, 0, 16, 16 ],
        "texture" : "#5"
      },
      "up" : {
        "uv" : [ 0, 0, 16, 16 ],
        "texture" : "#6"
      },
      "down" : {
        "uv" : [ 0, 0, 16, 16 ],
        "texture" : "#6"
      }
    }
  }, {
    "from" : [ 0, 0, 0 ],
    "to" : [ 8, 8, 8 ],
    "faces" : {
      "east" : {
        "uv" : [ 0, 0, 16, 16 ],
        "texture" : "#7"
      },
      "south" : {
        "uv" : [ 0, 0, 16, 16 ],
        "texture" : "#7"
      },
      "north" : {
        "uv" : [ 0, 0, 16, 16 ],
        "texture" : "#7"
      },
      "west" : {
        "uv" : [ 0, 0, 16, 16 ],
        "texture" : "#7"
      },
      "up" : {
        "uv" : [ 0, 0, 16, 16 ],
        "texture" : "#7"
      },
      "down" : {
        "uv" : [ 0, 0, 16, 16 ],
        "texture" : "#7"
      }
    }
  }, {
    "from" : [ 0, 0, 8 ],
    "to" : [ 8, 8, 16 ],
    "faces" : {
      "east" : {
        "uv" : [ 0, 0, 16, 16 ],
        "texture" : "#1"
      },
      "south" : {
        "uv" : [ 0, 0, 16, 16 ],
        "texture" : "#1"
      },
      "north" : {
        "uv" : [ 0, 0, 16, 16 ],
        "texture" : "#1"
      },
      "west" : {
        "uv" : [ 0, 0, 16, 16 ],
        "texture" : "#1"
      },
      "up" : {
        "uv" : [ 0, 0, 16, 16 ],
        "texture" : "#1"
      },
      "down" : {
        "uv" : [ 0, 0, 16, 16 ],
        "texture" : "#1"
      }
    }
  }, {
    "from" : [ 8, 0, -16 ],
    "to" : [ 16, 8, -8 ],
    "faces" : {
      "east" : {
        "uv" : [ 0, 0, 16, 16 ],
        "texture" : "#7"
      },
      "south" : {
        "uv" : [ 0, 0, 16, 16 ],
        "texture" : "#7"
      },
      "north" : {
        "uv" : [ 0, 0, 16, 16 ],
        "texture" : "#7"
      },
      "west" : {
        "uv" : [ 0, 0, 16, 16 ],
        "texture" : "#7"
      },
      "up" : {
        "uv" : [ 0, 0, 16, 16 ],
        "texture" : "#7"
      },
      "down" : {
        "uv" : [ 0, 0, 16, 16 ],
        "texture" : "#7"
      }
    }
  }, {
    "from" : [ 8, 0, -8 ],
    "to" : [ 16, 8, 0 ],
    "faces" : {
      "east" : {
        "uv" : [ 0, 0, 16, 16 ],
        "texture" : "#7"
      },
      "south" : {
        "uv" : [ 0, 0, 16, 16 ],
        "texture" : "#7"
      },
      "north" : {
        "uv" : [ 0, 0, 16, 16 ],
        "texture" : "#7"
      },
      "west" : {
        "uv" : [ 0, 0, 16, 16 ],
        "texture" : "#7"
      },
      "up" : {
        "uv" : [ 0, 0, 16, 16 ],
        "texture" : "#7"
      },
      "down" : {
        "uv" : [ 0, 0, 16, 16 ],
        "texture" : "#7"
      }
    }
  }, {
    "from" : [ 8, 0, 0 ],
    "to" : [ 16, 8, 8 ],
    "faces" : {
      "east" : {
        "uv" : [ 0, 0, 16, 16 ],
        "texture" : "#5"
      },
      "south" : {
        "uv" : [ 0, 0, 16, 16 ],
        "texture" : "#5"
      },
      "north" : {
        "uv" : [ 0, 0, 16, 16 ],
        "texture" : "#5"
      },
      "west" : {
        "uv" : [ 0, 0, 16, 16 ],
        "texture" : "#5"
      },
      "up" : {
        "uv" : [ 0, 0, 16, 16 ],
        "texture" : "#6"
      },
      "down" : {
        "uv" : [ 0, 0, 16, 16 ],
        "texture" : "#6"
      }
    }
  }, {
    "from" : [ 8, 0, 8 ],
    "to" : [ 16, 8, 16 ],
    "faces" : {
      "east" : {
        "uv" : [ 0, 0, 16, 16 ],
        "texture" : "#1"
      },
      "south" : {
        "uv" : [ 0, 0, 16, 16 ],
        "texture" : "#1"
      },
      "north" : {
        "uv" : [ 0, 0, 16, 16 ],
        "texture" : "#1"
      },
      "west" : {
        "uv" : [ 0, 0, 16, 16 ],
        "texture" : "#1"
      },
      "down" : {
        "uv" : [ 0, 0, 16, 16 ],
        "texture" : "#1"
      }
    }
  }, {
    "from" : [ 16, 0, -16 ],
    "to" : [ 24, 8, -8 ],
    "faces" : {
      "east" : {
        "uv" : [ 0, 0, 16, 16 ],
        "texture" : "#7"
      },
      "south" : {
        "uv" : [ 0, 0, 16, 16 ],
        "texture" : "#7"
      },
      "north" : {
        "uv" : [ 0, 0, 16, 16 ],
        "texture" : "#7"
      },
      "west" : {
        "uv" : [ 0, 0, 16, 16 ],
        "texture" : "#7"
      },
      "up" : {
        "uv" : [ 0, 0, 16, 16 ],
        "texture" : "#7"
      },
      "down" : {
        "uv" : [ 0, 0, 16, 16 ],
        "texture" : "#7"
      }
    }
  }, {
    "from" : [ 16, 0, -8 ],
    "to" : [ 24, 8, 0 ],
    "faces" : {
      "east" : {
        "uv" : [ 0, 0, 16, 16 ],
        "texture" : "#7"
      },
      "south" : {
        "uv" : [ 0, 0, 16, 16 ],
        "texture" : "#7"
      },
      "north" : {
        "uv" : [ 0, 0, 16, 16 ],
        "texture" : "#7"
      },
      "west" : {
        "uv" : [ 0, 0, 16, 16 ],
        "texture" : "#7"
      },
      "up" : {
        "uv" : [ 0, 0, 16, 16 ],
        "texture" : "#7"
      },
      "down" : {
        "uv" : [ 0, 0, 16, 16 ],
        "texture" : "#7"
      }
    }
  }, {
    "from" : [ 16, 0, 0 ],
    "to" : [ 24, 8, 8 ],
    "faces" : {
      "east" : {
        "uv" : [ 0, 0, 16, 16 ],
        "texture" : "#7"
      },
      "south" : {
        "uv" : [ 0, 0, 16, 16 ],
        "texture" : "#7"
      },
      "north" : {
        "uv" : [ 0, 0, 16, 16 ],
        "texture" : "#7"
      },
      "west" : {
        "uv" : [ 0, 0, 16, 16 ],
        "texture" : "#7"
      },
      "up" : {
        "uv" : [ 0, 0, 16, 16 ],
        "texture" : "#7"
      },
      "down" : {
        "uv" : [ 0, 0, 16, 16 ],
        "texture" : "#7"
      }
    }
  }, {
    "from" : [ 16, 0, 8 ],
    "to" : [ 24, 8, 16 ],
    "faces" : {
      "east" : {
        "uv" : [ 0, 0, 16, 16 ],
        "texture" : "#1"
      },
      "south" : {
        "uv" : [ 0, 0, 16, 16 ],
        "texture" : "#1"
      },
      "north" : {
        "uv" : [ 0, 0, 16, 16 ],
        "texture" : "#1"
      },
      "west" : {
        "uv" : [ 0, 0, 16, 16 ],
        "texture" : "#1"
      },
      "up" : {
        "uv" : [ 0, 0, 16, 16 ],
        "texture" : "#1"
      },
      "down" : {
        "uv" : [ 0, 0, 16, 16 ],
        "texture" : "#1"
      }
    }
  }, {
    "from" : [ 24, 0, -16 ],
    "to" : [ 32, 8, -8 ],
    "faces" : {
      "east" : {
        "uv" : [ 0, 0, 16, 16 ],
        "texture" : "#5"
      },
      "south" : {
        "uv" : [ 0, 0, 16, 16 ],
        "texture" : "#5"
      },
      "north" : {
        "uv" : [ 0, 0, 16, 16 ],
        "texture" : "#5"
      },
      "west" : {
        "uv" : [ 0, 0, 16, 16 ],
        "texture" : "#5"
      },
      "up" : {
        "uv" : [ 0, 0, 16, 16 ],
        "texture" : "#6"
      },
      "down" : {
        "uv" : [ 0, 0, 16, 16 ],
        "texture" : "#6"
      }
    }
  }, {
    "from" : [ 24, 0, -8 ],
    "to" : [ 32, 8, 0 ],
    "faces" : {
      "east" : {
        "uv" : [ 0, 0, 16, 16 ],
        "texture" : "#5"
      },
      "south" : {
        "uv" : [ 0, 0, 16, 16 ],
        "texture" : "#5"
      },
      "north" : {
        "uv" : [ 0, 0, 16, 16 ],
        "texture" : "#5"
      },
      "west" : {
        "uv" : [ 0, 0, 16, 16 ],
        "texture" : "#5"
      },
      "up" : {
        "uv" : [ 0, 0, 16, 16 ],
        "texture" : "#6"
      },
      "down" : {
        "uv" : [ 0, 0, 16, 16 ],
        "texture" : "#6"
      }
    }
  }, {
    "from" : [ 24, 0, 0 ],
    "to" : [ 32, 8, 8 ],
    "faces" : {
      "east" : {
        "uv" : [ 0, 0, 16, 16 ],
        "texture" : "#7"
      },
      "south" : {
        "uv" : [ 0, 0, 16, 16 ],
        "texture" : "#7"
      },
      "north" : {
        "uv" : [ 0, 0, 16, 16 ],
        "texture" : "#7"
      },
      "west" : {
        "uv" : [ 0, 0, 16, 16 ],
        "texture" : "#7"
      },
      "up" : {
        "uv" : [ 0, 0, 16, 16 ],
        "texture" : "#7"
      },
      "down" : {
        "uv" : [ 0, 0, 16, 16 ],
        "texture" : "#7"
      }
    }
  }, {
    "from" : [ 24, 0, 8 ],
    "to" : [ 32, 8, 16 ],
    "faces" : {
      "east" : {
        "uv" : [ 0, 0, 16, 16 ],
        "texture" : "#1"
      },
      "south" : {
        "uv" : [ 0, 0, 16, 16 ],
        "texture" : "#1"
      },
      "north" : {
        "uv" : [ 0, 0, 16, 16 ],
        "texture" : "#1"
      },
      "west" : {
        "uv" : [ 0, 0, 16, 16 ],
        "texture" : "#1"
      },
      "up" : {
        "uv" : [ 0, 0, 16, 16 ],
        "texture" : "#1"
      },
      "down" : {
        "uv" : [ 0, 0, 16, 16 ],
        "texture" : "#1"
      }
    }
  }, {
    "from" : [ -8, 8, 8 ],
    "to" : [ 0, 16, 16 ],
    "faces" : {
      "east" : {
        "uv" : [ 0, 0, 16, 16 ],
        "texture" : "#8"
      },
      "south" : {
        "uv" : [ 0, 0, 16, 16 ],
        "texture" : "#8"
      },
      "north" : {
        "uv" : [ 0, 0, 16, 16 ],
        "texture" : "#8"
      },
      "west" : {
        "uv" : [ 0, 0, 16, 16 ],
        "texture" : "#8"
      },
      "up" : {
        "uv" : [ 0, 0, 16, 16 ],
        "texture" : "#9"
      },
      "down" : {
        "uv" : [ 0, 0, 16, 16 ],
        "texture" : "#9"
      }
    }
  }, {
    "from" : [ 8, 8, 8 ],
    "to" : [ 16, 16, 16 ],
    "faces" : {
      "east" : {
        "uv" : [ 0, 0, 16, 16 ],
        "texture" : "#8"
      },
      "south" : {
        "uv" : [ 0, 0, 16, 16 ],
        "texture" : "#8"
      },
      "north" : {
        "uv" : [ 0, 0, 16, 16 ],
        "texture" : "#8"
      },
      "west" : {
        "uv" : [ 0, 0, 16, 16 ],
        "texture" : "#8"
      },
      "up" : {
        "uv" : [ 0, 0, 16, 16 ],
        "texture" : "#9"
      },
      "down" : {
        "uv" : [ 0, 0, 16, 16 ],
        "texture" : "#9"
      }
    }
  }, {
    "from" : [ -16, -4, 16 ],
    "to" : [ -8, 0, 24 ],
    "faces" : {
      "south" : {
        "uv" : [ 0, 0, 16, 8 ],
        "texture" : "#11"
      },
      "north" : {
        "uv" : [ 0, 0, 16, 8 ],
        "texture" : "#11"
      },
      "up" : {
        "uv" : [ 0, 0, 16, 16 ],
        "texture" : "#11"
      },
      "down" : {
        "uv" : [ 0, 0, 16, 16 ],
        "texture" : "#11"
      }
    }
  }, {
    "from" : [ -8, -4, 16 ],
    "to" : [ 0, 0, 24 ],
    "faces" : {
      "south" : {
        "uv" : [ 0, 0, 16, 8 ],
        "texture" : "#12"
      },
      "north" : {
        "uv" : [ 0, 0, 16, 8 ],
        "texture" : "#12"
      },
      "up" : {
        "uv" : [ 0, 0, 16, 16 ],
        "texture" : "#12"
      },
      "down" : {
        "uv" : [ 0, 0, 16, 16 ],
        "texture" : "#12"
      }
    }
  }, {
    "from" : [ 0, -4, 16 ],
    "to" : [ 8, 0, 24 ],
    "faces" : {
      "south" : {
        "uv" : [ 0, 0, 16, 8 ],
        "texture" : "#11"
      },
      "north" : {
        "uv" : [ 0, 0, 16, 8 ],
        "texture" : "#11"
      },
      "up" : {
        "uv" : [ 0, 0, 16, 16 ],
        "texture" : "#11"
      },
      "down" : {
        "uv" : [ 0, 0, 16, 16 ],
        "texture" : "#11"
      }
    }
  }, {
    "from" : [ 8, -4, 16 ],
    "to" : [ 16, 0, 24 ],
    "faces" : {
      "south" : {
        "uv" : [ 0, 0, 16, 8 ],
        "texture" : "#14"
      },
      "north" : {
        "uv" : [ 0, 0, 16, 8 ],
        "texture" : "#14"
      },
      "up" : {
        "uv" : [ 0, 0, 16, 16 ],
        "texture" : "#14"
      },
      "down" : {
        "uv" : [ 0, 0, 16, 16 ],
        "texture" : "#14"
      }
    }
  }, {
    "from" : [ 16, -4, 16 ],
    "to" : [ 24, 0, 24 ],
    "faces" : {
      "south" : {
        "uv" : [ 0, 0, 16, 8 ],
        "texture" : "#11"
      },
      "north" : {
        "uv" : [ 0, 0, 16, 8 ],
        "texture" : "#11"
      },
      "up" : {
        "uv" : [ 0, 0, 16, 16 ],
        "texture" : "#11"
      },
      "down" : {
        "uv" : [ 0, 0, 16, 16 ],
        "texture" : "#11"
      }
    }
  }, {
    "from" : [ 24, -4, 16 ],
    "to" : [ 32, 0, 24 ],
    "faces" : {
      "south" : {
        "uv" : [ 0, 0, 16, 8 ],
        "texture" : "#14"
      },
      "north" : {
        "uv" : [ 0, 0, 16, 8 ],
        "texture" : "#14"
      },
      "up" : {
        "uv" : [ 0, 0, 16, 16 ],
        "texture" : "#14"
      },
      "down" : {
        "uv" : [ 0, 0, 16, 16 ],
        "texture" : "#14"
      }
    }
  }, {
    "from" : [ -16, 4, 16 ],
    "to" : [ -8, 8, 24 ],
    "faces" : {
      "south" : {
        "uv" : [ 0, 0, 16, 8 ],
        "texture" : "#14"
      },
      "north" : {
        "uv" : [ 0, 0, 16, 8 ],
        "texture" : "#14"
      },
      "up" : {
        "uv" : [ 0, 0, 16, 16 ],
        "texture" : "#14"
      },
      "down" : {
        "uv" : [ 0, 0, 16, 16 ],
        "texture" : "#14"
      }
    }
  }, {
    "from" : [ -8, 4, 16 ],
    "to" : [ 0, 8, 24 ],
    "faces" : {
      "south" : {
        "uv" : [ 0, 0, 16, 8 ],
        "texture" : "#14"
      },
      "north" : {
        "uv" : [ 0, 0, 16, 8 ],
        "texture" : "#14"
      },
      "up" : {
        "uv" : [ 0, 0, 16, 16 ],
        "texture" : "#14"
      },
      "down" : {
        "uv" : [ 0, 0, 16, 16 ],
        "texture" : "#14"
      }
    }
  }, {
    "from" : [ 0, 4, 16 ],
    "to" : [ 8, 8, 24 ],
    "faces" : {
      "south" : {
        "uv" : [ 0, 0, 16, 8 ],
        "texture" : "#12"
      },
      "north" : {
        "uv" : [ 0, 0, 16, 8 ],
        "texture" : "#12"
      },
      "up" : {
        "uv" : [ 0, 0, 16, 16 ],
        "texture" : "#12"
      },
      "down" : {
        "uv" : [ 0, 0, 16, 16 ],
        "texture" : "#12"
      }
    }
  }, {
    "from" : [ 8, 4, 16 ],
    "to" : [ 16, 8, 24 ],
    "faces" : {
      "south" : {
        "uv" : [ 0, 0, 16, 8 ],
        "texture" : "#12"
      },
      "north" : {
        "uv" : [ 0, 0, 16, 8 ],
        "texture" : "#12"
      },
      "up" : {
        "uv" : [ 0, 0, 16, 16 ],
        "texture" : "#12"
      },
      "down" : {
        "uv" : [ 0, 0, 16, 16 ],
        "texture" : "#12"
      }
    }
  }, {
    "from" : [ 16, 4, 16 ],
    "to" : [ 24, 8, 24 ],
    "faces" : {
      "south" : {
        "uv" : [ 0, 0, 16, 8 ],
        "texture" : "#11"
      },
      "north" : {
        "uv" : [ 0, 0, 16, 8 ],
        "texture" : "#11"
      },
      "up" : {
        "uv" : [ 0, 0, 16, 16 ],
        "texture" : "#11"
      },
      "down" : {
        "uv" : [ 0, 0, 16, 16 ],
        "texture" : "#11"
      }
    }
  }, {
    "from" : [ 24, 4, 16 ],
    "to" : [ 32, 8, 24 ],
    "faces" : {
      "south" : {
        "uv" : [ 0, 0, 16, 8 ],
        "texture" : "#14"
      },
      "north" : {
        "uv" : [ 0, 0, 16, 8 ],
        "texture" : "#14"
      },
      "up" : {
        "uv" : [ 0, 0, 16, 16 ],
        "texture" : "#14"
      },
      "down" : {
        "uv" : [ 0, 0, 16, 16 ],
        "texture" : "#14"
      }
    }
  }, {
    "from" : [ -15, 8, 9 ],
    "to" : [ -9, 10, 15 ],
    "faces" : {
      "east" : {
        "uv" : [ 2, 12, 14, 16 ],
        "texture" : "#15"
      },
      "south" : {
        "uv" : [ 0, 2, 4, 14 ],
        "texture" : "#15",
        "rotation" : 90
      },
      "north" : {
        "uv" : [ 4, 2, 0, 14 ],
        "texture" : "#15",
        "rotation" : 270
      },
      "west" : {
        "uv" : [ 2, 12, 14, 16 ],
        "texture" : "#15"
      },
      "up" : {
        "uv" : [ 2, 2, 14, 14 ],
        "texture" : "#15",
        "rotation" : 90
      },
      "down" : {
        "uv" : [ 2, 2, 14, 14 ],
        "texture" : "#15",
        "rotation" : 270
      }
    }
  }, {
    "from" : [ -15, 10, 10 ],
    "to" : [ -10, 10, 14 ],
    "faces" : {
      "east" : {
        "uv" : [ 4, 11, 12, 12 ],
        "texture" : "#15"
      },
      "south" : {
        "uv" : [ 4, 3, 5, 13 ],
        "texture" : "#15",
        "rotation" : 90
      },
      "north" : {
        "uv" : [ 5, 3, 4, 13 ],
        "texture" : "#15",
        "rotation" : 270
      },
      "west" : {
        "uv" : [ 4, 11, 12, 12 ],
        "texture" : "#15"
      },
      "up" : {
        "uv" : [ 4, 3, 12, 13 ],
        "texture" : "#15",
        "rotation" : 90
      }
    }
  }, {
    "from" : [ -14, 10, 11 ],
    "to" : [ -10, 13, 13 ],
    "faces" : {
      "east" : {
        "uv" : [ 6, 6, 10, 11 ],
        "texture" : "#15"
      },
      "south" : {
        "uv" : [ 5, 4, 10, 12 ],
        "texture" : "#15",
        "rotation" : 90
      },
      "north" : {
        "uv" : [ 10, 4, 5, 12 ],
        "texture" : "#15",
        "rotation" : 270
      },
      "west" : {
        "uv" : [ 6, 6, 10, 11 ],
        "texture" : "#15"
      }
    }
  }, {
    "from" : [ -16, 13, 9 ],
    "to" : [ -8, 16, 14 ],
    "faces" : {
      "east" : {
        "uv" : [ 3, 0, 13, 6 ],
        "texture" : "#15"
      },
      "south" : {
        "uv" : [ 10, 0, 16, 16 ],
        "texture" : "#15",
        "rotation" : 90
      },
      "north" : {
        "uv" : [ 16, 0, 10, 16 ],
        "texture" : "#15",
        "rotation" : 270
      },
      "west" : {
        "uv" : [ 3, 0, 13, 6 ],
        "texture" : "#15"
      },
      "up" : {
        "uv" : [ 3, 0, 13, 16 ],
        "texture" : "#16",
        "rotation" : 90
      },
      "down" : {
        "uv" : [ 3, 0, 13, 16 ],
        "texture" : "#15",
        "rotation" : 270
      }
    }
  }, {
    "from" : [ 1, 8, 9 ],
    "to" : [ 7, 10, 15 ],
    "faces" : {
      "east" : {
        "uv" : [ 2, 12, 14, 16 ],
        "texture" : "#15"
      },
      "south" : {
        "uv" : [ 4, 2, 0, 14 ],
        "texture" : "#15",
        "rotation" : 270
      },
      "north" : {
        "uv" : [ 0, 2, 4, 14 ],
        "texture" : "#15",
        "rotation" : 90
      },
      "west" : {
        "uv" : [ 2, 12, 14, 16 ],
        "texture" : "#15"
      },
      "up" : {
        "uv" : [ 2, 2, 14, 14 ],
        "texture" : "#15",
        "rotation" : 270
      },
      "down" : {
        "uv" : [ 2, 2, 14, 14 ],
        "texture" : "#15",
        "rotation" : 90
      }
    }
  }, {
    "from" : [ 1, 10, 10 ],
    "to" : [ 6, 10, 14 ],
    "faces" : {
      "east" : {
        "uv" : [ 4, 11, 12, 12 ],
        "texture" : "#15"
      },
      "south" : {
        "uv" : [ 5, 3, 4, 13 ],
        "texture" : "#15",
        "rotation" : 270
      },
      "north" : {
        "uv" : [ 4, 3, 5, 13 ],
        "texture" : "#15",
        "rotation" : 90
      },
      "west" : {
        "uv" : [ 4, 11, 12, 12 ],
        "texture" : "#15"
      },
      "up" : {
        "uv" : [ 4, 3, 12, 13 ],
        "texture" : "#15",
        "rotation" : 270
      }
    }
  }, {
    "from" : [ 2, 10, 11 ],
    "to" : [ 6, 13, 13 ],
    "faces" : {
      "east" : {
        "uv" : [ 6, 6, 10, 11 ],
        "texture" : "#15"
      },
      "south" : {
        "uv" : [ 10, 4, 5, 12 ],
        "texture" : "#15",
        "rotation" : 270
      },
      "north" : {
        "uv" : [ 5, 4, 10, 12 ],
        "texture" : "#15",
        "rotation" : 90
      },
      "west" : {
        "uv" : [ 6, 6, 10, 11 ],
        "texture" : "#15"
      }
    }
  }, {
    "from" : [ 0, 13, 9 ],
    "to" : [ 8, 16, 14 ],
    "faces" : {
      "east" : {
        "uv" : [ 3, 0, 13, 6 ],
        "texture" : "#15"
      },
      "south" : {
        "uv" : [ 16, 0, 10, 16 ],
        "texture" : "#15",
        "rotation" : 270
      },
      "north" : {
        "uv" : [ 10, 0, 16, 16 ],
        "texture" : "#15",
        "rotation" : 90
      },
      "west" : {
        "uv" : [ 3, 0, 13, 6 ],
        "texture" : "#15"
      },
      "up" : {
        "uv" : [ 3, 0, 13, 16 ],
        "texture" : "#16",
        "rotation" : 270
      },
      "down" : {
        "uv" : [ 3, 0, 13, 16 ],
        "texture" : "#15",
        "rotation" : 90
      }
    }
  }, {
    "from" : [ 17, 8, 9 ],
    "to" : [ 23, 10, 15 ],
    "faces" : {
      "east" : {
        "uv" : [ 2, 12, 14, 16 ],
        "texture" : "#15"
      },
      "south" : {
        "uv" : [ 0, 2, 4, 14 ],
        "texture" : "#15",
        "rotation" : 90
      },
      "north" : {
        "uv" : [ 4, 2, 0, 14 ],
        "texture" : "#15",
        "rotation" : 270
      },
      "west" : {
        "uv" : [ 2, 12, 14, 16 ],
        "texture" : "#15"
      },
      "up" : {
        "uv" : [ 2, 2, 14, 14 ],
        "texture" : "#15",
        "rotation" : 90
      },
      "down" : {
        "uv" : [ 2, 2, 14, 14 ],
        "texture" : "#15",
        "rotation" : 270
      }
    }
  }, {
    "from" : [ 17, 10, 10 ],
    "to" : [ 22, 10, 14 ],
    "faces" : {
      "east" : {
        "uv" : [ 4, 11, 12, 12 ],
        "texture" : "#15"
      },
      "south" : {
        "uv" : [ 4, 3, 5, 13 ],
        "texture" : "#15",
        "rotation" : 90
      },
      "north" : {
        "uv" : [ 5, 3, 4, 13 ],
        "texture" : "#15",
        "rotation" : 270
      },
      "west" : {
        "uv" : [ 4, 11, 12, 12 ],
        "texture" : "#15"
      },
      "up" : {
        "uv" : [ 4, 3, 12, 13 ],
        "texture" : "#15",
        "rotation" : 90
      }
    }
  }, {
    "from" : [ 18, 10, 11 ],
    "to" : [ 22, 13, 13 ],
    "faces" : {
      "east" : {
        "uv" : [ 6, 6, 10, 11 ],
        "texture" : "#15"
      },
      "south" : {
        "uv" : [ 5, 4, 10, 12 ],
        "texture" : "#15",
        "rotation" : 90
      },
      "north" : {
        "uv" : [ 10, 4, 5, 12 ],
        "texture" : "#15",
        "rotation" : 270
      },
      "west" : {
        "uv" : [ 6, 6, 10, 11 ],
        "texture" : "#15"
      }
    }
  }, {
    "from" : [ 16, 13, 9 ],
    "to" : [ 24, 16, 14 ],
    "faces" : {
      "east" : {
        "uv" : [ 3, 0, 13, 6 ],
        "texture" : "#15"
      },
      "south" : {
        "uv" : [ 10, 0, 16, 16 ],
        "texture" : "#15",
        "rotation" : 90
      },
      "north" : {
        "uv" : [ 16, 0, 10, 16 ],
        "texture" : "#15",
        "rotation" : 270
      },
      "west" : {
        "uv" : [ 3, 0, 13, 6 ],
        "texture" : "#15"
      },
      "up" : {
        "uv" : [ 3, 0, 13, 16 ],
        "texture" : "#16",
        "rotation" : 90
      },
      "down" : {
        "uv" : [ 3, 0, 13, 16 ],
        "texture" : "#15",
        "rotation" : 270
      }
    }
  }, {
    "from" : [ 25, 8, 9 ],
    "to" : [ 31, 10, 15 ],
    "faces" : {
      "east" : {
        "uv" : [ 2, 12, 14, 16 ],
        "texture" : "#15"
      },
      "south" : {
        "uv" : [ 4, 2, 0, 14 ],
        "texture" : "#15",
        "rotation" : 270
      },
      "north" : {
        "uv" : [ 0, 2, 4, 14 ],
        "texture" : "#15",
        "rotation" : 90
      },
      "west" : {
        "uv" : [ 2, 12, 14, 16 ],
        "texture" : "#15"
      },
      "up" : {
        "uv" : [ 2, 2, 14, 14 ],
        "texture" : "#15",
        "rotation" : 270
      },
      "down" : {
        "uv" : [ 2, 2, 14, 14 ],
        "texture" : "#15",
        "rotation" : 90
      }
    }
  }, {
    "from" : [ 25, 10, 10 ],
    "to" : [ 30, 10, 14 ],
    "faces" : {
      "east" : {
        "uv" : [ 4, 11, 12, 12 ],
        "texture" : "#15"
      },
      "south" : {
        "uv" : [ 5, 3, 4, 13 ],
        "texture" : "#15",
        "rotation" : 270
      },
      "north" : {
        "uv" : [ 4, 3, 5, 13 ],
        "texture" : "#15",
        "rotation" : 90
      },
      "west" : {
        "uv" : [ 4, 11, 12, 12 ],
        "texture" : "#15"
      },
      "up" : {
        "uv" : [ 4, 3, 12, 13 ],
        "texture" : "#15",
        "rotation" : 270
      }
    }
  }, {
    "from" : [ 26, 10, 11 ],
    "to" : [ 30, 13, 13 ],
    "faces" : {
      "east" : {
        "uv" : [ 6, 6, 10, 11 ],
        "texture" : "#15"
      },
      "south" : {
        "uv" : [ 10, 4, 5, 12 ],
        "texture" : "#15",
        "rotation" : 270
      },
      "north" : {
        "uv" : [ 5, 4, 10, 12 ],
        "texture" : "#15",
        "rotation" : 90
      },
      "west" : {
        "uv" : [ 6, 6, 10, 11 ],
        "texture" : "#15"
      }
    }
  }, {
    "from" : [ 24, 13, 9 ],
    "to" : [ 32, 16, 14 ],
    "faces" : {
      "east" : {
        "uv" : [ 3, 0, 13, 6 ],
        "texture" : "#15"
      },
      "south" : {
        "uv" : [ 16, 0, 10, 16 ],
        "texture" : "#15",
        "rotation" : 270
      },
      "north" : {
        "uv" : [ 10, 0, 16, 16 ],
        "texture" : "#15",
        "rotation" : 90
      },
      "west" : {
        "uv" : [ 3, 0, 13, 6 ],
        "texture" : "#15"
      },
      "up" : {
        "uv" : [ 3, 0, 13, 16 ],
        "texture" : "#16",
        "rotation" : 270
      },
      "down" : {
        "uv" : [ 3, 0, 13, 16 ],
        "texture" : "#15",
        "rotation" : 90
      }
    }
  }, {
    "from" : [ -8, 16, 8 ],
    "to" : [ 0, 20, 16 ],
    "faces" : {
      "east" : {
        "uv" : [ 0, 8, 16, 16 ],
        "texture" : "#7"
      },
      "south" : {
        "uv" : [ 0, 8, 16, 16 ],
        "texture" : "#7"
      },
      "north" : {
        "uv" : [ 0, 8, 16, 16 ],
        "texture" : "#7"
      },
      "west" : {
        "uv" : [ 0, 8, 16, 16 ],
        "texture" : "#7"
      },
      "up" : {
        "uv" : [ 0, 0, 16, 16 ],
        "texture" : "#7"
      }
    }
  }, {
    "from" : [ 8, 16, 8 ],
    "to" : [ 16, 20, 16 ],
    "faces" : {
      "east" : {
        "uv" : [ 0, 8, 16, 16 ],
        "texture" : "#1"
      },
      "south" : {
        "uv" : [ 0, 8, 16, 16 ],
        "texture" : "#1"
      },
      "north" : {
        "uv" : [ 0, 8, 16, 16 ],
        "texture" : "#1"
      },
      "west" : {
        "uv" : [ 0, 8, 16, 16 ],
        "texture" : "#1"
      },
      "up" : {
        "uv" : [ 0, 0, 16, 16 ],
        "texture" : "#1"
      }
    }
  } ],
  "display" : {
    "head" : {
      "translation" : [ 0.0, -43.25, 0.0 ],
      "scale" : [ 3.2, 3.2, 3.2 ]
    }
  }
}