{
	"credit": "Made with Blockbench",
	"textures": {
		"0": "hat/dye/headphones"
	},
	"elements": [
		{
			"from": [3, 0, 6],
			"to": [4.5, 4, 10],
			"faces": {
				"north": {"uv": [0, 8, 2, 16], "texture": "#0", "tintindex": 0},
				"east": {"uv": [0, 8, 8, 16], "texture": "#0", "tintindex": 0},
				"south": {"uv": [0, 8, 2, 16], "texture": "#0", "tintindex": 0},
				"west": {"uv": [0, 8, 8, 16], "texture": "#0", "tintindex": 0},
				"up": {"uv": [0, 8, 2, 16], "texture": "#0", "tintindex": 0},
				"down": {"uv": [0, 8, 2, 16], "texture": "#0", "tintindex": 0}
			}
		},
		{
			"from": [3.5, 6, 7],
			"to": [12.5, 7, 9],
			"faces": {
				"north": {"uv": [0, 0, 16, 2], "texture": "#0"},
				"east": {"uv": [0, 0, 4, 2], "texture": "#0"},
				"south": {"uv": [0, 0, 16, 2], "texture": "#0"},
				"west": {"uv": [0, 0, 4, 2], "texture": "#0"},
				"up": {"uv": [0, 0, 16, 4], "texture": "#0"},
				"down": {"uv": [0, 0, 16, 4], "texture": "#0"}
			}
		},
		{
			"from": [3.5, 4, 7],
			"to": [4.5, 6, 9],
			"faces": {
				"north": {"uv": [0, 0, 4, 2], "rotation": 90, "texture": "#0"},
				"east": {"uv": [0, 0, 4, 4], "rotation": 90, "texture": "#0"},
				"south": {"uv": [0, 0, 4, 2], "rotation": 90, "texture": "#0"},
				"west": {"uv": [0, 0, 4, 4], "rotation": 90, "texture": "#0"},
				"up": {"uv": [0, 0, 4, 2], "texture": "#0"},
				"down": {"uv": [0, 0, 0, 0], "texture": "#0"}
			}
		},
		{
			"from": [11.5, 4, 7],
			"to": [12.5, 6, 9],
			"faces": {
				"north": {"uv": [0, 0, 4, 2], "rotation": 90, "texture": "#0"},
				"east": {"uv": [0, 0, 4, 4], "rotation": 90, "texture": "#0"},
				"south": {"uv": [0, 0, 4, 2], "rotation": 90, "texture": "#0"},
				"west": {"uv": [0, 0, 4, 4], "rotation": 90, "texture": "#0"},
				"up": {"uv": [0, 0, 4, 2], "texture": "#0"},
				"down": {"uv": [0, 0, 0, 0], "texture": "#0"}
			}
		},
		{
			"from": [11.5, 0, 6],
			"to": [13, 4, 10],
			"faces": {
				"north": {"uv": [0, 8, 2, 16], "texture": "#0", "tintindex": 0},
				"east": {"uv": [0, 8, 8, 16], "texture": "#0", "tintindex": 0},
				"south": {"uv": [0, 8, 2, 16], "texture": "#0", "tintindex": 0},
				"west": {"uv": [0, 8, 8, 16], "texture": "#0", "tintindex": 0},
				"up": {"uv": [0, 8, 2, 16], "texture": "#0", "tintindex": 0},
				"down": {"uv": [0, 8, 2, 16], "texture": "#0", "tintindex": 0}
			}
		}
	],
	"display": {
		"head": {
			"scale": [1.8, 1.8, 1.8],
			"translation": [0, 9.5, 0]
		},
		"thirdperson_righthand": {
			"scale": [0.8, 0.8, 0.8],
			"rotation": [32, 0, 0]
		},
		"thirdperson_lefthand": {
			"scale": [0.8, 0.8, 0.8],
			"rotation": [32, 0, 0]
		},
		"gui": {
			"rotation": [30, 135, 0],
			"translation": [0, 5.5, 0],
			"scale": [1.4, 1.4, 1.4]
		},
		"ground": {
			"translation": [0, 5.5, 0]
		},
		"fixed": {
			"scale": [4, 4, 4],
			"rotation": [-90, 0, 0],
			"translation": [0, 0, -6]
		}
	}
}