{
	"credit": "Made with Blockbench",
	"textures": {
		"0": "hat/dye/owodiepie"
	},
	"elements": [
		{
			"name": "t_cube",
			"from": [3.25, 0, 6],
			"to": [5.25, 4, 10],
			"faces": {
				"north": {"uv": [0, 8, 4, 16], "texture": "#0", "tintindex": 0},
				"east": {"uv": [0, 8, 8, 16], "texture": "#0", "tintindex": 0},
				"south": {"uv": [0, 8, 4, 16], "texture": "#0", "tintindex": 0},
				"west": {"uv": [0, 4, 8, 12], "texture": "#0", "tintindex": 0},
				"up": {"uv": [0, 4, 8, 8], "rotation": 90, "texture": "#0", "tintindex": 0},
				"down": {"uv": [0, 12, 8, 16], "rotation": 90, "texture": "#0", "tintindex": 0}
			}
		},
		{
			"from": [3.5, 2, 7],
			"to": [4.5, 6, 9],
			"faces": {
				"north": {"uv": [0, 2, 8, 4], "rotation": 90, "texture": "#0"},
				"east": {"uv": [0, 0, 8, 4], "rotation": 90, "texture": "#0"},
				"south": {"uv": [0, 0, 8, 2], "rotation": 90, "texture": "#0"},
				"west": {"uv": [0, 0, 8, 4], "rotation": 90, "texture": "#0"},
				"up": {"uv": [0, 2, 4, 4], "rotation": 90, "texture": "#0"}
			}
		},
		{
			"from": [3.5, 6, 7],
			"to": [12.5, 7, 9],
			"faces": {
				"north": {"uv": [0.25, 1.75, 0.75, 1.25], "rotation": 270, "texture": "#0"},
				"east": {"uv": [0, 0, 2, 4], "rotation": 90, "texture": "#0"},
				"south": {"uv": [0.25, 1.75, 0.75, 1.25], "rotation": 270, "texture": "#0"},
				"west": {"uv": [0, 0, 2, 4], "rotation": 90, "texture": "#0"},
				"up": {"uv": [0, 0, 16, 4], "texture": "#0"},
				"down": {"uv": [0, 0, 16, 4], "texture": "#0"}
			}
		},
		{
			"from": [11.5, 2, 7],
			"to": [12.5, 6, 9],
			"faces": {
				"north": {"uv": [0, 2, 8, 4], "rotation": 90, "texture": "#0"},
				"east": {"uv": [0, 0, 8, 4], "rotation": 90, "texture": "#0"},
				"south": {"uv": [0, 0, 8, 2], "rotation": 90, "texture": "#0"},
				"west": {"uv": [0, 0, 8, 4], "rotation": 90, "texture": "#0"},
				"up": {"uv": [0, 2, 4, 4], "rotation": 90, "texture": "#0"}
			}
		},
		{
			"name": "t_cube",
			"from": [10.75, 0, 6],
			"to": [12.75, 4, 10],
			"faces": {
				"north": {"uv": [0, 8, 4, 16], "texture": "#0", "tintindex": 0},
				"east": {"uv": [0, 8, 8, 16], "texture": "#0", "tintindex": 0},
				"south": {"uv": [0, 8, 4, 16], "texture": "#0", "tintindex": 0},
				"west": {"uv": [0, 4, 8, 12], "texture": "#0", "tintindex": 0},
				"up": {"uv": [0, 4, 8, 8], "rotation": 90, "texture": "#0", "tintindex": 0},
				"down": {"uv": [0, 12, 8, 16], "rotation": 90, "texture": "#0", "tintindex": 0}
			}
		},
		{
			"from": [10.56, 5.58, 7],
			"to": [11.31, 8.14, 9],
			"rotation": {"angle": 45, "axis": "z", "origin": [10.15, 7.65, 8]},
			"faces": {
				"north": {"uv": [0.25, 1.25, 0.75, 1.75], "texture": "#0"},
				"east": {"uv": [0.25, 1.25, 0.75, 1.75], "texture": "#0"},
				"south": {"uv": [0.25, 1.25, 0.75, 1.75], "texture": "#0"},
				"west": {"uv": [0.25, 1.25, 0.75, 1.75], "texture": "#0"},
				"up": {"uv": [0.25, 1.25, 0.75, 1.75], "rotation": 270, "texture": "#0"},
				"down": {"uv": [0.25, 1.25, 0.75, 1.75], "rotation": 90, "texture": "#0"}
			}
		},
		{
			"name": "t_cube",
			"from": [9.55, 6.15, 7.25],
			"to": [11.5, 7.9, 9],
			"faces": {
				"north": {"uv": [6, 4, 8, 6], "texture": "#0", "tintindex": 0},
				"south": {"uv": [0.25, 1.75, 0.75, 1.25], "rotation": 270, "texture": "#0"},
				"down": {"uv": [0, 4, 1, 3], "rotation": 90, "texture": "#0", "tintindex": 0}
			}
		},
		{
			"from": [8.94, 7.31, 7],
			"to": [11.85, 8.06, 9],
			"rotation": {"angle": 45, "axis": "z", "origin": [10.15, 6.9, 8]},
			"faces": {
				"north": {"uv": [0.25, 1.25, 0.75, 1.75], "texture": "#0"},
				"east": {"uv": [0.25, 1.25, 0.75, 1.75], "texture": "#0"},
				"south": {"uv": [0.25, 1.25, 0.75, 1.75], "texture": "#0"},
				"west": {"uv": [0.25, 1.25, 0.75, 1.75], "texture": "#0"},
				"up": {"uv": [0.25, 1.25, 0.75, 1.75], "rotation": 270, "texture": "#0"},
				"down": {"uv": [0.25, 1.25, 0.75, 1.75], "rotation": 90, "texture": "#0"}
			}
		},
		{
			"from": [4.69, 5.58, 7],
			"to": [5.44, 8.14, 9],
			"rotation": {"angle": -45, "axis": "z", "origin": [5.85, 7.65, 8]},
			"faces": {
				"north": {"uv": [0.75, 1.25, 0.25, 1.75], "texture": "#0"},
				"east": {"uv": [0.75, 1.25, 0.25, 1.75], "texture": "#0"},
				"south": {"uv": [0.75, 1.25, 0.25, 1.75], "texture": "#0"},
				"west": {"uv": [0.75, 1.25, 0.25, 1.75], "texture": "#0"},
				"up": {"uv": [0.25, 1.75, 0.75, 1.25], "rotation": 270, "texture": "#0"},
				"down": {"uv": [0.25, 1.75, 0.75, 1.25], "rotation": 90, "texture": "#0"}
			}
		},
		{
			"name": "t_cube",
			"from": [4.5, 6.15, 7.25],
			"to": [6.45, 7.9, 9],
			"faces": {
				"north": {"uv": [8, 4, 6, 6], "texture": "#0", "tintindex": 0},
				"south": {"uv": [0.25, 1.75, 0.75, 1.25], "rotation": 270, "texture": "#0"},
				"down": {"uv": [0, 3, 1, 4], "rotation": 90, "texture": "#0", "tintindex": 0}
			}
		},
		{
			"from": [4.15, 7.31, 7],
			"to": [7.06, 8.06, 9],
			"rotation": {"angle": -45, "axis": "z", "origin": [5.85, 6.9, 8]},
			"faces": {
				"north": {"uv": [0.75, 1.25, 0.25, 1.75], "texture": "#0"},
				"east": {"uv": [0.75, 1.25, 0.25, 1.75], "texture": "#0"},
				"south": {"uv": [0.75, 1.25, 0.25, 1.75], "texture": "#0"},
				"west": {"uv": [0.75, 1.25, 0.25, 1.75], "texture": "#0"},
				"up": {"uv": [0.25, 1.75, 0.75, 1.25], "rotation": 270, "texture": "#0"},
				"down": {"uv": [0.25, 1.75, 0.75, 1.25], "rotation": 90, "texture": "#0"}
			}
		}
	],
	"display": {
		"head": {
			"scale": [1.7, 1.7, 1.7],
			"translation": [0, 9, 0]
		},
		"fixed": {
			"rotation": [-90, 0, 0],
			"scale": [4, 4, 4],
			"translation": [0, 0, -5]
		},
		"gui": {
			"rotation": [30, 135, 0],
			"translation": [0, 5, 0],
			"scale": [1.4, 1.4, 1.4]
		},
		"thirdperson_righthand": {
			"scale": [0.8, 0.8, 0.8],
			"rotation": [90, 0, 0],
			"translation": [0, 0, 5]
		},
		"thirdperson_lefthand": {
			"scale": [0.8, 0.8, 0.8],
			"rotation": [90, 0, 0],
			"translation": [0, 0, 5]
		},
		"firstperson_righthand": {
			"translation": [0, 4.5, 0]
		},
		"firstperson_lefthand": {
			"translation": [0, 4.5, 0]
		},
		"ground": {
			"translation": [0, 5, 0]
		}
	},
	"groups": [0, 1, 2, 3, 4,
		{
			"name": "group",
			"isOpen": true,
			"export": true,
			"visibility": true,
			"children": [5, 6, 7]
		},
		{
			"name": "group",
			"isOpen": true,
			"export": true,
			"visibility": true,
			"children": [8, 9, 10]
		}
	]
}